{
  "uuid": "b39f4ab3-e745-4075-b8bf-06fd9a3ea888",
  "starterPrompted": true,
  "starterLocked": false,
  "starterSelected": true,
  "starterUUID": "b18c506c-1db8-4bc7-b2a7-72145cecc5ea",
  "keyItems": [],
  "battleTheme": "cobblemon:battle.pvp.default",
  "extraData": {},
  "advancementData": {
    "totalCaptureCount": 0,
    "totalEggsHatched": 0,
    "totalEvolvedCount": 0,
    "totalBattleVictoryCount": 0,
    "totalPvPBattleVictoryCount": 0,
    "totalPvWBattleVictoryCount": 0,
    "totalPvNBattleVictoryCount": 0,
    "totalShinyCaptureCount": 0,
    "totalTradedCount": 0,
    "totalTypeCaptureCounts": {},
    "totalDefeatedCounts": {},
    "aspectsCollected": {}
  }
}