{"stats":{"minecraft:crafted":{"minecraft:oak_door":3,"securitycraft:mine":3,"minecraft:oak_planks":112,"minecraft:stone_shovel":2,"mekanism:ingot_osmium":5,"minecraft:furnace":5,"minecraft:cobblestone_stairs":12,"mekanismgenerators:heat_generator":1,"minecraft:cooked_mutton":10,"minecraft:glass_pane":48,"minecraft:glass":25,"travelersbackpack:white_sleeping_bag":1,"minecraft:iron_boots":1,"minecraft:stone_pickaxe":5,"minecraft:chest":2,"minecraft:cooked_beef":5,"minecraft:cooked_porkchop":3,"mekanism:metallurgic_infuser":1,"minecraft:crafting_table":4,"minecraft:wooden_pickaxe":1,"minecraft:iron_helmet":1,"minecraft:iron_sword":1,"minecraft:copper_ingot":4,"minecraft:stone_axe":2,"mekanismtools:stone_paxel":1,"minecraft:air":0,"securitycraft:dirt_mine":3,"aether:iron_gloves":1,"minecraft:iron_chestplate":1,"minecraft:charcoal":5,"minecraft:shield":1,"minecraft:stick":48,"minecraft:iron_pickaxe":1,"minecraft:iron_ingot":44,"minecraft:iron_leggings":1,"minecraft:white_bed":1,"minecraft:torch":84},"minecraft:broken":{"minecraft:stone_pickaxe":3},"minecraft:killed_by":{"cobblemon:pokemon":1,"minecraft:player":1},"minecraft:picked_up":{"minecraft:crafting_table":3,"mekanism:raw_uranium":2,"cobblemon:yellow_apricorn":4,"minecraft:string":46,"minecraft:raw_copper":51,"minecraft:cobbled_deepslate":10,"minecraft:beef":11,"cobblemon:oran_berry":14,"minecraft:iron_pickaxe":1,"minecraft:furnace":7,"cobblemon:stripped_apricorn_log":1,"minecraft:raw_iron":50,"cobblemon:apricorn_log":5,"minecraft:oak_door":3,"minecraft:torch":7,"minecraft:porkchop":6,"tombstone:grave_dust":1,"minecraft:diorite":10,"minecraft:redstone":2,"mekanism:raw_tin":10,"minecraft:arrow":12,"minecraft:rotten_flesh":8,"tombstone:essence_of_undeath":1,"minecraft:mutton":16,"minecraft:white_wool":6,"minecraft:cobblestone":378,"minecraft:stripped_oak_log":1,"minecraft:cooked_beef":1,"mekanism:raw_lead":2,"minecraft:andesite":12,"minecraft:leather":6,"minecraft:brown_wool":1,"cobblemon:razz_berry":11,"minecraft:flint":1,"minecraft:oak_log":96,"minecraft:gunpowder":3,"minecraft:cobblestone_stairs":2,"minecraft:lapis_lazuli":77,"minecraft:dirt":58,"tombstone:gift":1,"minecraft:bone":12,"minecraft:wheat_seeds":1,"tombstone:bag_of_seeds":1,"minecraft:oak_planks":4,"securitycraft:dirt_mine":1,"minecraft:gravel":6,"cobblemon:yellow_apricorn_seed":3,"cobblemon:cheri_berry":46,"minecraft:sand":27,"cobblemon:persim_berry":4,"mekanism:raw_osmium":5,"minecraft:spider_eye":2,"travelersbackpack:white_sleeping_bag":1,"minecraft:bundle":1,"minecraft:pumpkin_seeds":3,"minecraft:granite":11,"mekanism:fluorite_gem":7,"minecraft:gray_wool":2,"tombstone:magic_scroll":1,"minecraft:black_wool":1,"minecraft:coal":70,"minecraft:ender_pearl":1},"minecraft:custom":{"minecraft:mob_kills":43,"minecraft:interact_with_crafting_table":58,"minecraft:leave_game":1,"minecraft:time_since_death":73591,"minecraft:sprint_one_cm":217067,"minecraft:walk_one_cm":332790,"minecraft:damage_blocked_by_shield":1050,"minecraft:drop":19,"minecraft:play_time":127778,"minecraft:deaths":2,"minecraft:sneak_time":1286,"minecraft:walk_under_water_one_cm":11759,"minecraft:jump":1382,"minecraft:walk_on_water_one_cm":18105,"minecraft:total_world_time":127778,"minecraft:interact_with_furnace":65,"minecraft:sleep_in_bed":4,"minecraft:time_since_rest":45463,"minecraft:damage_taken":1560,"minecraft:damage_dealt":7444,"tombstone:cast_on_ally":0,"minecraft:swim_one_cm":17568,"minecraft:fly_one_cm":226728,"minecraft:player_kills":1,"minecraft:open_chest":26,"minecraft:crouch_one_cm":2215,"tombstone:undead_killed":17,"minecraft:fall_one_cm":25450},"minecraft:dropped":{"mekanism:fluorite_gem":3,"minecraft:cooked_beef":1,"minecraft:oak_log":14,"minecraft:leather":1,"minecraft:stick":2,"minecraft:cobblestone_stairs":6,"minecraft:gray_wool":1,"minecraft:diorite":1,"minecraft:iron_pickaxe":1,"minecraft:gravel":5,"minecraft:furnace":2,"minecraft:rotten_flesh":8,"minecraft:oak_planks":1,"minecraft:pumpkin_seeds":3,"minecraft:bundle":1,"minecraft:arrow":1},"minecraft:killed":{"minecraft:spider":5,"minecraft:skeleton":9,"minecraft:pig":4,"minecraft:sheep":9,"minecraft:zombie":8,"minecraft:enderman":1,"minecraft:cow":4},"minecraft:used":{"minecraft:stone_shovel":48,"minecraft:chest":2,"minecraft:shield":35,"minecraft:iron_sword":117,"minecraft:oak_door":4,"minecraft:torch":86,"minecraft:dirt":14,"minecraft:glass":6,"mekanismgenerators:heat_generator":1,"minecraft:iron_helmet":1,"securitycraft:dirt_mine":4,"minecraft:furnace":6,"tombstone:gift":4,"minecraft:cooked_beef":5,"minecraft:cooked_mutton":9,"minecraft:diorite":8,"minecraft:cobblestone_stairs":8,"minecraft:stone_pickaxe":389,"minecraft:oak_planks":29,"minecraft:wooden_pickaxe":19,"mekanismtools:stone_paxel":179,"tombstone:scroll_of_feather_fall":2,"minecraft:crafting_table":7,"cobblemon:yellow_apricorn_seed":3,"minecraft:white_bed":1,"tombstone:bag_of_seeds":2,"minecraft:oak_log":21,"cobblemon:apricorn_log":5,"mekanism:metallurgic_infuser":1,"minecraft:iron_pickaxe":82,"travelersbackpack:white_sleeping_bag":1,"minecraft:gravel":1,"minecraft:stone_axe":110,"minecraft:cobblestone":237,"minecraft:cooked_porkchop":3,"minecraft:glass_pane":45},"minecraft:mined":{"minecraft:oak_door":3,"minecraft:cobblestone_stairs":2,"cobblemon:apricorn_log":5,"mekanism:deepslate_osmium_ore":5,"minecraft:granite":8,"minecraft:grass_block":16,"travelersbackpack:white_sleeping_bag":1,"minecraft:furnace":4,"minecraft:iron_ore":42,"cobblemon:razz_berry":3,"minecraft:andesite":12,"minecraft:deepslate_lapis_ore":5,"minecraft:deepslate_iron_ore":7,"minecraft:stripped_oak_log":1,"minecraft:stone":326,"minecraft:glass_pane":3,"minecraft:oak_fence":3,"minecraft:torch":2,"minecraft:crafting_table":3,"cobblemon:apricorn_leaves":3,"cobblemon:stripped_apricorn_log":1,"mekanism:tin_ore":10,"minecraft:glass":6,"minecraft:copper_ore":17,"minecraft:cobblestone":50,"minecraft:lapis_ore":6,"minecraft:oak_planks":3,"cobblemon:oran_berry":3,"minecraft:diorite":10,"minecraft:wall_torch":2,"cobblemon:yellow_apricorn_sapling":1,"mekanism:fluorite_ore":1,"securitycraft:dirt_mine":1,"minecraft:grass":12,"minecraft:oak_log":81,"minecraft:coal_ore":67,"mekanism:lead_ore":2,"mekanism:deepslate_fluorite_ore":1,"minecraft:gravel":6,"minecraft:sand":30,"minecraft:dirt":36,"minecraft:cobweb":39,"mekanism:deepslate_uranium_ore":2,"minecraft:deepslate":8,"minecraft:oak_leaves":6}},"DataVersion":3465}