{"stats":{"minecraft:mined":{"minecraft:fire":14,"minecraft:birch_door":2,"minecraft:cornflower":1,"minecraft:azure_bluet":1,"minecraft:grass":16,"minecraft:grass_block":11,"minecraft:dirt_path":1,"minecraft:rail":6,"minecraft:dirt":10,"minecraft:tall_grass":1,"minecraft:white_wool":17},"minecraft:used":{"minecraft:ender_pearl":1,"minecraft:pufferfish":1,"minecraft:white_wool":16,"minecraft:dirt":29,"minecraft:rail":8,"tombstone:gift":4,"minecraft:egg":1,"minecraft:zombified_piglin_spawn_egg":1,"mekanism:jetpack":2},"minecraft:dropped":{"minecraft:netherite_sword":1,"tombstone:grave_dust":1},"minecraft:killed_by":{"cobblemon:pokemon":1,"securitycraft:sentry":3,"minecraft:player":5,"minecraft:zombified_piglin":1},"minecraft:custom":{"minecraft:time_since_rest":1,"minecraft:sprint_one_cm":34858,"minecraft:damage_taken":3014,"minecraft:walk_one_cm":186402,"minecraft:drop":2,"minecraft:damage_dealt":162,"minecraft:fly_one_cm":71629,"minecraft:crouch_one_cm":4473,"minecraft:play_time":34854,"minecraft:deaths":11,"minecraft:sneak_time":1192,"minecraft:jump":363,"minecraft:leave_game":1,"minecraft:time_since_death":153,"minecraft:total_world_time":34854,"minecraft:fall_one_cm":7461},"minecraft:picked_up":{"minecraft:azure_bluet":1,"mekanism:jetpack":1,"cobblemon:red_apricorn":2,"minecraft:dandelion":2,"cobblemon:ancient_origin_ball":1,"tombstone:grave_dust":1,"minecraft:zombified_piglin_spawn_egg":1,"minecraft:dirt":36,"minecraft:pufferfish":1,"minecraft:netherite_sword":1,"minecraft:white_wool":16,"minecraft:rail":18,"minecraft:ender_pearl":1,"minecraft:egg":1}},"DataVersion":3465}