{"stats":{"minecraft:crafted":{"minecraft:oak_door":3,"mekanismtools:iron_paxel":1,"securitycraft:mine":3,"minecraft:oak_planks":136,"minecraft:stone_shovel":2,"mekanism:ingot_osmium":5,"cobblemon:apricorn_planks":8,"minecraft:furnace":7,"minecraft:cobblestone_stairs":12,"mekanismgenerators:heat_generator":1,"minecraft:cooked_mutton":14,"minecraft:glass_pane":48,"minecraft:glass":49,"travelersbackpack:white_sleeping_bag":1,"minecraft:iron_boots":1,"mekanismtools:steel_chestplate":1,"minecraft:iron_axe":1,"minecraft:stone_pickaxe":5,"minecraft:chest":4,"mekanism:ingot_steel":18,"mekanismtools:steel_leggings":1,"minecraft:cooked_beef":8,"minecraft:cooked_porkchop":3,"mekanism:metallurgic_infuser":1,"minecraft:crafting_table":5,"travelersbackpack:standard":1,"travelersbackpack:backpack_tank":2,"minecraft:wooden_pickaxe":1,"minecraft:iron_helmet":1,"minecraft:iron_sword":1,"minecraft:copper_ingot":4,"minecraft:bucket":2,"minecraft:stone_axe":2,"mekanismtools:stone_paxel":1,"minecraft:air":0,"securitycraft:dirt_mine":3,"aether:iron_gloves":1,"minecraft:blue_dye":3,"minecraft:white_wool":4,"minecraft:iron_chestplate":1,"minecraft:charcoal":40,"minecraft:shield":1,"minecraft:stick":72,"minecraft:iron_pickaxe":2,"minecraft:iron_ingot":79,"minecraft:iron_shovel":1,"minecraft:iron_leggings":1,"minecraft:white_bed":2,"mekanismtools:steel_pickaxe":1,"minecraft:torch":84},"minecraft:broken":{"mekanismtools:stone_paxel":1,"minecraft:stone_pickaxe":3},"minecraft:killed_by":{"cobblemon:pokemon":1,"minecraft:player":1,"minecraft:creeper":4},"minecraft:picked_up":{"minecraft:cocoa_beans":8,"minecraft:crafting_table":3,"mekanism:raw_uranium":2,"cobblemon:yellow_apricorn":4,"minecraft:string":48,"mekanismgenerators:heat_generator":2,"minecraft:raw_copper":51,"minecraft:cobbled_deepslate":40,"minecraft:beef":11,"cobblemon:oran_berry":14,"minecraft:iron_pickaxe":1,"minecraft:furnace":7,"cobblemon:stripped_apricorn_log":1,"minecraft:stick":9,"minecraft:raw_iron":94,"cobblemon:apricorn_log":10,"minecraft:oak_door":3,"minecraft:torch":8,"minecraft:porkchop":6,"tombstone:grave_dust":8,"minecraft:diorite":16,"minecraft:redstone":2,"mekanism:raw_tin":13,"minecraft:arrow":20,"minecraft:rotten_flesh":12,"minecraft:blue_dye":3,"tombstone:essence_of_undeath":2,"minecraft:mutton":21,"minecraft:white_wool":9,"minecraft:cobblestone":469,"minecraft:stripped_oak_log":1,"minecraft:cooked_beef":1,"minecraft:glow_ink_sac":3,"mekanism:raw_lead":8,"minecraft:andesite":16,"minecraft:leather":6,"minecraft:brown_wool":1,"cobblemon:razz_berry":11,"minecraft:flint":1,"minecraft:oak_log":122,"minecraft:gunpowder":4,"minecraft:cobblestone_stairs":4,"minecraft:lapis_lazuli":81,"minecraft:dirt":193,"tombstone:gift":2,"minecraft:bone":14,"minecraft:wheat_seeds":4,"tombstone:bag_of_seeds":1,"minecraft:oak_planks":4,"mekanism:metallurgic_infuser":1,"securitycraft:dirt_mine":1,"minecraft:gravel":6,"cobblemon:yellow_apricorn_seed":3,"cobblemon:cheri_berry":73,"minecraft:sand":60,"cobblemon:persim_berry":4,"mekanism:raw_osmium":26,"minecraft:spider_eye":4,"travelersbackpack:white_sleeping_bag":2,"minecraft:bundle":1,"minecraft:pumpkin_seeds":3,"minecraft:granite":33,"mekanism:fluorite_gem":17,"minecraft:gray_wool":2,"tombstone:magic_scroll":1,"minecraft:black_wool":1,"minecraft:coal":101,"minecraft:ender_pearl":1},"minecraft:custom":{"minecraft:mob_kills":65,"minecraft:interact_with_crafting_table":93,"minecraft:leave_game":1,"minecraft:time_since_death":47606,"minecraft:sprint_one_cm":328178,"minecraft:walk_one_cm":502171,"minecraft:damage_blocked_by_shield":1550,"minecraft:drop":37,"minecraft:play_time":205778,"minecraft:deaths":6,"minecraft:sneak_time":2475,"minecraft:walk_under_water_one_cm":29185,"minecraft:jump":2436,"minecraft:walk_on_water_one_cm":57789,"minecraft:total_world_time":205778,"minecraft:interact_with_furnace":120,"minecraft:sleep_in_bed":6,"minecraft:time_since_rest":47406,"minecraft:damage_taken":2895,"minecraft:damage_dealt":11210,"tombstone:cast_on_ally":0,"minecraft:swim_one_cm":31870,"minecraft:fly_one_cm":406092,"minecraft:player_kills":1,"minecraft:open_chest":79,"minecraft:crouch_one_cm":4141,"tombstone:undead_killed":31,"minecraft:fall_one_cm":46995},"minecraft:dropped":{"mekanism:fluorite_gem":3,"minecraft:wheat_seeds":2,"minecraft:cooked_beef":1,"minecraft:oak_log":14,"minecraft:cobblestone":2,"minecraft:leather":1,"minecraft:iron_horse_armor":1,"minecraft:saddle":1,"minecraft:coal":10,"minecraft:stick":18,"minecraft:cobblestone_stairs":6,"minecraft:dirt":7,"minecraft:gray_wool":1,"minecraft:blue_dye":3,"minecraft:diorite":1,"tombstone:grave_dust":3,"minecraft:iron_leggings":1,"minecraft:iron_pickaxe":1,"minecraft:gravel":5,"minecraft:furnace":2,"minecraft:stone_axe":1,"minecraft:cocoa_beans":8,"minecraft:rotten_flesh":8,"minecraft:oak_planks":1,"minecraft:pumpkin_seeds":3,"minecraft:bundle":1,"minecraft:iron_chestplate":1,"minecraft:spider_eye":2,"minecraft:arrow":7,"minecraft:glass":1},"minecraft:killed":{"minecraft:spider":8,"minecraft:skeleton":14,"minecraft:drowned":1,"minecraft:pig":4,"cobblemon:pokemon":1,"minecraft:creeper":1,"minecraft:sheep":12,"minecraft:zombie":16,"minecraft:enderman":1,"minecraft:cow":4},"minecraft:used":{"minecraft:stone_shovel":53,"minecraft:chest":3,"minecraft:shield":48,"minecraft:iron_sword":125,"minecraft:oak_door":4,"minecraft:torch":92,"minecraft:dirt":175,"minecraft:granite":11,"minecraft:glass":6,"minecraft:lava_bucket":4,"mekanismgenerators:heat_generator":3,"minecraft:iron_helmet":1,"securitycraft:dirt_mine":4,"minecraft:furnace":8,"tombstone:gift":6,"minecraft:cooked_beef":7,"minecraft:cobbled_deepslate":40,"minecraft:cooked_mutton":12,"minecraft:diorite":14,"minecraft:cobblestone_stairs":10,"minecraft:stone_pickaxe":499,"minecraft:oak_planks":29,"minecraft:wooden_pickaxe":19,"mekanismtools:stone_paxel":227,"tombstone:scroll_of_feather_fall":2,"minecraft:crafting_table":8,"cobblemon:yellow_apricorn_seed":3,"minecraft:white_bed":2,"tombstone:bag_of_seeds":2,"minecraft:oak_log":21,"cobblemon:apricorn_log":5,"mekanismtools:iron_paxel":267,"mekanism:metallurgic_infuser":2,"minecraft:iron_pickaxe":108,"travelersbackpack:white_sleeping_bag":2,"mekanismtools:steel_pickaxe":19,"minecraft:gravel":1,"minecraft:stone_axe":110,"minecraft:cobblestone":310,"travelersbackpack:standard":3,"minecraft:cooked_porkchop":3,"minecraft:bucket":9,"minecraft:andesite":12,"minecraft:glass_pane":45},"minecraft:mined":{"minecraft:oak_door":3,"minecraft:cobblestone_stairs":4,"cobblemon:apricorn_log":10,"mekanism:deepslate_osmium_ore":11,"minecraft:glow_lichen":2,"mekanismgenerators:heat_generator":2,"minecraft:granite":30,"minecraft:grass_block":43,"travelersbackpack:white_sleeping_bag":2,"minecraft:furnace":4,"minecraft:iron_ore":54,"minecraft:fire":4,"cobblemon:razz_berry":3,"minecraft:andesite":16,"minecraft:deepslate_lapis_ore":6,"minecraft:deepslate_iron_ore":39,"minecraft:stripped_oak_log":1,"minecraft:stone":429,"mekanism:osmium_ore":15,"minecraft:glass_pane":3,"minecraft:oak_fence":3,"minecraft:torch":3,"minecraft:crafting_table":3,"cobblemon:apricorn_leaves":4,"cobblemon:stripped_apricorn_log":1,"mekanism:tin_ore":13,"minecraft:glass":6,"minecraft:copper_ore":17,"minecraft:cobblestone":51,"minecraft:lapis_ore":6,"mekanism:metallurgic_infuser":1,"minecraft:oak_planks":3,"cobblemon:oran_berry":3,"minecraft:diorite":43,"minecraft:wall_torch":2,"cobblemon:yellow_apricorn_sapling":1,"mekanism:fluorite_ore":3,"securitycraft:dirt_mine":1,"minecraft:grass":13,"minecraft:oak_log":107,"minecraft:coal_ore":89,"mekanism:lead_ore":8,"mekanism:deepslate_fluorite_ore":3,"minecraft:gravel":6,"minecraft:sand":63,"minecraft:dirt":73,"minecraft:cobweb":39,"mekanism:deepslate_uranium_ore":2,"minecraft:deepslate":38,"minecraft:oak_leaves":8}},"DataVersion":3465}