{"stats":{"minecraft:crafted":{"minecraft:oak_door":3,"mekanismtools:osmium_paxel":1,"mekanismtools:iron_paxel":1,"securitycraft:mine":3,"minecraft:oak_planks":168,"minecraft:stone_shovel":2,"mekanism:ingot_osmium":18,"mekanismtools:osmium_shovel":1,"cobblemon:apricorn_planks":8,"minecraft:furnace":7,"minecraft:cobblestone_stairs":12,"mekanismgenerators:heat_generator":1,"minecraft:cooked_mutton":16,"minecraft:glass_pane":48,"mekanismtools:osmium_axe":1,"minecraft:glass":49,"travelersbackpack:white_sleeping_bag":1,"minecraft:iron_boots":1,"mekanismtools:steel_chestplate":1,"minecraft:iron_axe":1,"minecraft:stone_pickaxe":5,"minecraft:chest":4,"mekanism:ingot_steel":18,"mekanismtools:osmium_pickaxe":1,"mekanismtools:steel_leggings":1,"minecraft:cooked_beef":8,"minecraft:cooked_porkchop":6,"mekanism:metallurgic_infuser":1,"minecraft:crafting_table":5,"travelersbackpack:standard":1,"travelersbackpack:backpack_tank":2,"minecraft:wooden_pickaxe":1,"minecraft:iron_helmet":1,"minecraft:iron_sword":1,"minecraft:copper_ingot":4,"minecraft:bucket":2,"minecraft:stone_axe":2,"mekanismtools:stone_paxel":1,"minecraft:air":0,"securitycraft:dirt_mine":3,"aether:iron_gloves":1,"minecraft:blue_dye":3,"minecraft:white_wool":4,"minecraft:iron_chestplate":1,"minecraft:charcoal":40,"minecraft:shield":1,"minecraft:stick":112,"minecraft:iron_pickaxe":2,"minecraft:iron_ingot":79,"minecraft:iron_shovel":1,"minecraft:iron_leggings":1,"minecraft:white_bed":2,"mekanismtools:steel_pickaxe":1,"minecraft:torch":148},"minecraft:broken":{"mekanismtools:stone_paxel":1,"minecraft:stone_pickaxe":3},"minecraft:killed_by":{"cobblemon:pokemon":1,"minecraft:player":1,"minecraft:creeper":4},"minecraft:picked_up":{"minecraft:cocoa_beans":8,"minecraft:crafting_table":3,"minecraft:chicken":1,"mekanism:raw_uranium":3,"cobblemon:yellow_apricorn":4,"minecraft:string":55,"mekanismgenerators:heat_generator":2,"minecraft:raw_copper":51,"minecraft:cobbled_deepslate":215,"minecraft:beef":14,"cobblemon:oran_berry":14,"minecraft:iron_pickaxe":1,"minecraft:furnace":7,"cobblemon:stripped_apricorn_log":1,"minecraft:stick":9,"minecraft:raw_iron":94,"cobblemon:apricorn_log":10,"minecraft:oak_door":3,"minecraft:torch":8,"minecraft:porkchop":6,"tombstone:grave_dust":15,"minecraft:diorite":16,"minecraft:redstone":26,"mekanism:raw_tin":13,"minecraft:arrow":28,"minecraft:rotten_flesh":18,"minecraft:blue_dye":3,"tombstone:essence_of_undeath":2,"minecraft:mutton":21,"minecraft:white_wool":9,"minecraft:cobblestone":469,"minecraft:birch_log":16,"minecraft:stripped_oak_log":1,"minecraft:air":0,"minecraft:cooked_beef":1,"minecraft:glow_ink_sac":3,"mekanism:raw_lead":8,"minecraft:andesite":16,"minecraft:leather":9,"minecraft:brown_wool":4,"cobblemon:razz_berry":11,"minecraft:flint":2,"minecraft:tuff":34,"minecraft:oak_log":149,"minecraft:gunpowder":4,"minecraft:cobblestone_stairs":4,"minecraft:lapis_lazuli":81,"minecraft:dirt":198,"tombstone:gift":2,"minecraft:bone":24,"minecraft:wheat_seeds":4,"tombstone:bag_of_seeds":1,"minecraft:oak_planks":4,"mekanism:metallurgic_infuser":1,"securitycraft:dirt_mine":1,"minecraft:gravel":6,"cobblemon:yellow_apricorn_seed":3,"cobblemon:cheri_berry":73,"minecraft:sand":60,"cobblemon:persim_berry":4,"mekanism:raw_osmium":27,"minecraft:spider_eye":5,"travelersbackpack:white_sleeping_bag":2,"minecraft:bundle":1,"minecraft:pumpkin_seeds":3,"minecraft:diamond":2,"minecraft:granite":33,"mekanism:fluorite_gem":17,"minecraft:gray_wool":2,"tombstone:magic_scroll":1,"minecraft:black_wool":1,"minecraft:coal":101,"minecraft:ender_pearl":1},"minecraft:custom":{"minecraft:mob_kills":97,"minecraft:interact_with_crafting_table":95,"minecraft:leave_game":1,"minecraft:time_since_death":71606,"minecraft:sprint_one_cm":379953,"minecraft:walk_one_cm":569568,"minecraft:damage_blocked_by_shield":1710,"minecraft:drop":39,"minecraft:play_time":229778,"minecraft:deaths":6,"minecraft:sneak_time":2486,"minecraft:walk_under_water_one_cm":29185,"minecraft:jump":2712,"minecraft:walk_on_water_one_cm":59507,"minecraft:total_world_time":229778,"minecraft:interact_with_furnace":125,"minecraft:sleep_in_bed":6,"minecraft:time_since_rest":71406,"minecraft:damage_taken":3326,"minecraft:damage_dealt":17677,"tombstone:cast_on_ally":0,"minecraft:swim_one_cm":31870,"minecraft:fly_one_cm":450152,"minecraft:player_kills":1,"minecraft:open_chest":85,"minecraft:crouch_one_cm":4143,"tombstone:undead_killed":46,"minecraft:fall_one_cm":54618},"minecraft:dropped":{"mekanism:fluorite_gem":3,"minecraft:wheat_seeds":2,"minecraft:cooked_beef":1,"minecraft:oak_log":14,"minecraft:cobblestone":2,"minecraft:leather":1,"minecraft:iron_horse_armor":1,"minecraft:saddle":1,"minecraft:coal":10,"minecraft:stick":18,"minecraft:cobblestone_stairs":6,"minecraft:dirt":10,"minecraft:gray_wool":1,"minecraft:blue_dye":3,"minecraft:diorite":1,"tombstone:grave_dust":6,"minecraft:iron_leggings":1,"minecraft:iron_pickaxe":1,"minecraft:gravel":5,"minecraft:furnace":2,"minecraft:stone_axe":1,"minecraft:cocoa_beans":8,"minecraft:rotten_flesh":8,"minecraft:oak_planks":1,"minecraft:pumpkin_seeds":3,"minecraft:bundle":1,"minecraft:iron_chestplate":1,"minecraft:spider_eye":2,"minecraft:arrow":7,"minecraft:glass":1},"minecraft:killed":{"minecraft:spider":15,"minecraft:skeleton":22,"minecraft:drowned":1,"minecraft:pig":4,"cobblemon:pokemon":10,"minecraft:creeper":1,"minecraft:sheep":12,"minecraft:zombie":23,"minecraft:enderman":1,"minecraft:cow":4},"minecraft:used":{"minecraft:stone_shovel":53,"minecraft:chest":3,"minecraft:shield":52,"minecraft:iron_sword":125,"minecraft:oak_door":4,"minecraft:torch":126,"minecraft:dirt":175,"minecraft:granite":11,"minecraft:glass":6,"minecraft:lava_bucket":4,"mekanismgenerators:heat_generator":3,"minecraft:iron_helmet":1,"securitycraft:dirt_mine":4,"minecraft:furnace":8,"tombstone:gift":6,"minecraft:cooked_beef":8,"minecraft:cobbled_deepslate":41,"minecraft:cooked_mutton":12,"mekanismtools:osmium_paxel":252,"minecraft:diorite":14,"minecraft:cobblestone_stairs":10,"minecraft:stone_pickaxe":499,"minecraft:oak_planks":29,"minecraft:wooden_pickaxe":19,"mekanismtools:stone_paxel":227,"tombstone:scroll_of_feather_fall":2,"minecraft:crafting_table":8,"cobblemon:yellow_apricorn_seed":3,"minecraft:white_bed":2,"tombstone:bag_of_seeds":2,"minecraft:oak_log":21,"cobblemon:apricorn_log":5,"mekanismtools:iron_paxel":344,"mekanism:metallurgic_infuser":2,"minecraft:iron_pickaxe":108,"travelersbackpack:white_sleeping_bag":2,"mekanismtools:steel_pickaxe":19,"minecraft:gravel":1,"minecraft:stone_axe":110,"minecraft:cobblestone":310,"travelersbackpack:standard":3,"minecraft:cooked_porkchop":6,"minecraft:bucket":9,"minecraft:andesite":12,"minecraft:glass_pane":45},"minecraft:mined":{"minecraft:tuff":34,"minecraft:deepslate_diamond_ore":2,"minecraft:oak_door":3,"minecraft:cobblestone_stairs":4,"cobblemon:apricorn_log":10,"mekanism:deepslate_osmium_ore":12,"minecraft:glow_lichen":2,"mekanismgenerators:heat_generator":2,"minecraft:granite":30,"minecraft:grass_block":46,"travelersbackpack:white_sleeping_bag":2,"minecraft:furnace":4,"minecraft:iron_ore":54,"minecraft:fire":4,"cobblemon:razz_berry":3,"minecraft:andesite":16,"minecraft:deepslate_lapis_ore":6,"minecraft:deepslate_iron_ore":39,"minecraft:stripped_oak_log":1,"minecraft:stone":429,"minecraft:deepslate_redstone_ore":5,"mekanism:osmium_ore":15,"minecraft:glass_pane":3,"minecraft:oak_fence":3,"minecraft:torch":3,"minecraft:crafting_table":3,"cobblemon:apricorn_leaves":4,"cobblemon:stripped_apricorn_log":1,"mekanism:tin_ore":13,"minecraft:glass":6,"minecraft:copper_ore":17,"minecraft:cobblestone":51,"minecraft:lapis_ore":6,"mekanism:metallurgic_infuser":1,"minecraft:oak_planks":3,"cobblemon:oran_berry":3,"minecraft:diorite":43,"minecraft:wall_torch":2,"cobblemon:yellow_apricorn_sapling":1,"minecraft:birch_log":16,"mekanism:fluorite_ore":3,"minecraft:birch_leaves":1,"securitycraft:dirt_mine":1,"minecraft:grass":16,"minecraft:oak_log":134,"minecraft:coal_ore":89,"mekanism:lead_ore":8,"mekanism:deepslate_fluorite_ore":3,"minecraft:gravel":9,"minecraft:sand":63,"minecraft:dirt":73,"minecraft:cobweb":39,"mekanism:deepslate_uranium_ore":3,"minecraft:deepslate":208,"minecraft:oak_leaves":15}},"DataVersion":3465}