{"stats":{"minecraft:crafted":{"minecraft:cooked_beef":5,"minecraft:oak_door":3,"minecraft:oak_planks":88,"minecraft:stone_shovel":1,"minecraft:cooked_porkchop":3,"minecraft:crafting_table":2,"minecraft:iron_helmet":1,"minecraft:wooden_pickaxe":1,"minecraft:iron_sword":1,"minecraft:furnace":2,"minecraft:copper_ingot":4,"minecraft:cobblestone_stairs":12,"minecraft:stone_axe":1,"minecraft:cooked_mutton":10,"minecraft:air":0,"minecraft:glass_pane":48,"aether:iron_gloves":1,"minecraft:glass":25,"travelersbackpack:white_sleeping_bag":1,"minecraft:iron_boots":1,"minecraft:iron_chestplate":1,"minecraft:charcoal":5,"minecraft:shield":1,"minecraft:stick":36,"minecraft:iron_ingot":33,"minecraft:iron_pickaxe":1,"minecraft:stone_pickaxe":3,"minecraft:chest":1,"minecraft:iron_leggings":1,"minecraft:white_bed":1,"minecraft:torch":64},"minecraft:killed_by":{"cobblemon:pokemon":1,"minecraft:player":1},"minecraft:broken":{"minecraft:stone_pickaxe":2},"minecraft:picked_up":{"minecraft:crafting_table":3,"minecraft:cooked_beef":1,"cobblemon:yellow_apricorn":4,"minecraft:brown_wool":1,"minecraft:leather":6,"cobblemon:razz_berry":11,"minecraft:oak_log":61,"minecraft:gunpowder":3,"minecraft:cobblestone_stairs":2,"minecraft:lapis_lazuli":43,"minecraft:dirt":47,"minecraft:string":4,"minecraft:raw_copper":25,"minecraft:bone":7,"minecraft:wheat_seeds":1,"minecraft:beef":11,"cobblemon:oran_berry":14,"minecraft:iron_pickaxe":1,"minecraft:oak_planks":4,"minecraft:furnace":4,"minecraft:raw_iron":33,"minecraft:oak_door":3,"minecraft:torch":6,"minecraft:gravel":1,"cobblemon:cheri_berry":32,"minecraft:porkchop":6,"minecraft:sand":27,"cobblemon:yellow_apricorn_seed":2,"cobblemon:persim_berry":4,"tombstone:grave_dust":1,"minecraft:diorite":9,"minecraft:redstone":2,"minecraft:spider_eye":2,"mekanism:raw_tin":5,"travelersbackpack:white_sleeping_bag":1,"minecraft:arrow":5,"minecraft:rotten_flesh":2,"mekanism:fluorite_gem":3,"minecraft:granite":9,"minecraft:gray_wool":2,"minecraft:black_wool":1,"minecraft:mutton":16,"minecraft:coal":24,"minecraft:white_wool":6,"minecraft:cobblestone":299,"minecraft:ender_pearl":1},"minecraft:custom":{"minecraft:interact_with_furnace":52,"minecraft:mob_kills":30,"minecraft:interact_with_crafting_table":42,"minecraft:leave_game":1,"minecraft:time_since_death":37591,"minecraft:sleep_in_bed":4,"minecraft:time_since_rest":9463,"minecraft:sprint_one_cm":172902,"minecraft:damage_taken":1187,"minecraft:damage_blocked_by_shield":350,"minecraft:walk_one_cm":258518,"minecraft:damage_dealt":4965,"minecraft:drop":9,"minecraft:player_kills":1,"minecraft:swim_one_cm":14419,"minecraft:fly_one_cm":190471,"minecraft:open_chest":14,"minecraft:crouch_one_cm":1282,"minecraft:play_time":91778,"tombstone:undead_killed":7,"minecraft:deaths":2,"minecraft:sneak_time":543,"minecraft:walk_under_water_one_cm":7776,"minecraft:jump":1128,"minecraft:walk_on_water_one_cm":12855,"minecraft:total_world_time":91778,"minecraft:fall_one_cm":21063},"minecraft:dropped":{"mekanism:fluorite_gem":3,"minecraft:cooked_beef":1,"minecraft:oak_planks":1,"minecraft:leather":1,"minecraft:gray_wool":1,"minecraft:diorite":1,"minecraft:iron_pickaxe":1},"minecraft:killed":{"minecraft:pig":4,"minecraft:spider":3,"minecraft:sheep":9,"minecraft:skeleton":4,"minecraft:zombie":3,"minecraft:enderman":1,"minecraft:cow":4},"minecraft:used":{"minecraft:cooked_mutton":3,"minecraft:diorite":8,"minecraft:cobblestone_stairs":8,"minecraft:stone_pickaxe":331,"minecraft:stone_shovel":47,"minecraft:oak_planks":29,"minecraft:chest":1,"minecraft:wooden_pickaxe":19,"minecraft:shield":14,"minecraft:iron_sword":63,"minecraft:oak_door":4,"minecraft:torch":54,"minecraft:dirt":14,"minecraft:crafting_table":5,"minecraft:white_bed":1,"minecraft:oak_log":20,"minecraft:glass":6,"minecraft:iron_pickaxe":77,"travelersbackpack:white_sleeping_bag":1,"minecraft:iron_helmet":1,"minecraft:gravel":1,"minecraft:stone_axe":87,"minecraft:cobblestone":212,"minecraft:furnace":6,"minecraft:cooked_porkchop":3,"minecraft:glass_pane":45,"tombstone:gift":2,"minecraft:cooked_beef":5},"minecraft:mined":{"minecraft:glass_pane":3,"minecraft:oak_door":3,"minecraft:cobblestone_stairs":2,"cobblemon:apricorn_leaves":1,"minecraft:crafting_table":3,"minecraft:torch":2,"minecraft:granite":5,"minecraft:grass_block":14,"mekanism:tin_ore":5,"minecraft:copper_ore":9,"minecraft:glass":6,"travelersbackpack:white_sleeping_bag":1,"minecraft:cobblestone":46,"minecraft:lapis_ore":6,"minecraft:oak_planks":3,"cobblemon:oran_berry":3,"minecraft:diorite":9,"minecraft:wall_torch":2,"minecraft:furnace":4,"mekanism:fluorite_ore":1,"minecraft:iron_ore":33,"cobblemon:razz_berry":3,"minecraft:grass":12,"minecraft:coal_ore":21,"minecraft:oak_log":60,"minecraft:sand":30,"minecraft:dirt":25,"minecraft:stone":252,"minecraft:oak_leaves":5}},"DataVersion":3465}