{"stats":{"minecraft:mined":{"minecraft:crafting_table":3,"cobblemon:apricorn_leaves":1,"minecraft:torch":2,"minecraft:granite":5,"minecraft:grass_block":5,"mekanism:tin_ore":5,"minecraft:copper_ore":8,"minecraft:cobblestone":3,"minecraft:lapis_ore":6,"cobblemon:oran_berry":3,"minecraft:diorite":9,"minecraft:wall_torch":2,"minecraft:furnace":4,"mekanism:fluorite_ore":1,"minecraft:iron_ore":33,"cobblemon:razz_berry":3,"minecraft:grass":4,"minecraft:coal_ore":21,"minecraft:oak_log":29,"minecraft:dirt":5,"minecraft:stone":216,"minecraft:oak_leaves":1},"minecraft:used":{"minecraft:diorite":8,"minecraft:stone_pickaxe":296,"minecraft:chest":1,"minecraft:wooden_pickaxe":15,"minecraft:iron_sword":15,"minecraft:torch":48,"minecraft:dirt":10,"minecraft:crafting_table":5,"minecraft:oak_log":17,"minecraft:iron_pickaxe":21,"minecraft:iron_helmet":1,"minecraft:gravel":1,"minecraft:stone_axe":44,"minecraft:cobblestone":127,"minecraft:furnace":6,"minecraft:cooked_porkchop":2,"tombstone:gift":2,"minecraft:cooked_beef":5},"minecraft:picked_up":{"minecraft:crafting_table":3,"minecraft:cooked_beef":1,"cobblemon:yellow_apricorn":4,"minecraft:leather":6,"cobblemon:razz_berry":11,"minecraft:oak_log":29,"minecraft:gunpowder":3,"minecraft:lapis_lazuli":43,"minecraft:dirt":10,"minecraft:raw_copper":25,"minecraft:bone":2,"minecraft:beef":11,"cobblemon:oran_berry":14,"minecraft:iron_pickaxe":1,"minecraft:furnace":4,"minecraft:raw_iron":33,"minecraft:torch":4,"minecraft:gravel":1,"minecraft:porkchop":3,"cobblemon:yellow_apricorn_seed":2,"cobblemon:persim_berry":4,"minecraft:diorite":9,"minecraft:redstone":2,"mekanism:raw_tin":5,"minecraft:arrow":2,"mekanism:fluorite_gem":3,"minecraft:granite":9,"minecraft:gray_wool":2,"minecraft:black_wool":1,"minecraft:mutton":12,"minecraft:coal":24,"minecraft:white_wool":5,"minecraft:cobblestone":216,"minecraft:ender_pearl":1},"minecraft:crafted":{"minecraft:cooked_beef":5,"minecraft:oak_planks":48,"minecraft:cooked_porkchop":3,"minecraft:crafting_table":2,"minecraft:iron_helmet":1,"minecraft:wooden_pickaxe":1,"minecraft:iron_sword":1,"minecraft:furnace":2,"minecraft:copper_ingot":4,"minecraft:stone_axe":1,"minecraft:air":0,"aether:iron_gloves":1,"minecraft:iron_chestplate":1,"minecraft:iron_boots":1,"minecraft:stick":24,"minecraft:iron_ingot":31,"minecraft:iron_pickaxe":1,"minecraft:stone_pickaxe":3,"minecraft:chest":1,"minecraft:iron_leggings":1,"minecraft:torch":44},"minecraft:custom":{"minecraft:interact_with_furnace":28,"minecraft:mob_kills":17,"minecraft:interact_with_crafting_table":24,"minecraft:time_since_death":6006,"minecraft:time_since_rest":4177,"minecraft:sprint_one_cm":129513,"minecraft:damage_taken":962,"minecraft:walk_one_cm":151070,"minecraft:drop":8,"minecraft:damage_dealt":2607,"minecraft:swim_one_cm":14419,"minecraft:fly_one_cm":144307,"minecraft:open_chest":1,"minecraft:crouch_one_cm":1282,"minecraft:play_time":60193,"tombstone:undead_killed":1,"minecraft:deaths":2,"minecraft:sneak_time":541,"minecraft:walk_under_water_one_cm":7776,"minecraft:jump":881,"minecraft:walk_on_water_one_cm":12053,"minecraft:total_world_time":60193,"minecraft:fall_one_cm":16916},"minecraft:broken":{"minecraft:stone_pickaxe":2},"minecraft:killed_by":{"cobblemon:pokemon":1,"minecraft:player":1},"minecraft:killed":{"minecraft:pig":3,"minecraft:sheep":7,"minecraft:skeleton":1,"minecraft:enderman":1,"minecraft:cow":4},"minecraft:dropped":{"mekanism:fluorite_gem":3,"minecraft:cooked_beef":1,"minecraft:leather":1,"minecraft:gray_wool":1,"minecraft:diorite":1,"minecraft:iron_pickaxe":1}},"DataVersion":3465}