{"stats":{"minecraft:mined":{"minecraft:tuff":34,"minecraft:mossy_cobblestone":1,"minecraft:deepslate_diamond_ore":2,"minecraft:oak_door":3,"minecraft:cobblestone_stairs":4,"cobblemon:apricorn_log":10,"mekanism:deepslate_osmium_ore":12,"minecraft:glow_lichen":2,"minecraft:granite":40,"mekanismgenerators:heat_generator":2,"minecraft:grass_block":52,"travelersbackpack:white_sleeping_bag":2,"minecraft:oxeye_daisy":3,"minecraft:furnace":4,"minecraft:iron_ore":66,"minecraft:fire":13,"minecraft:cobbled_deepslate":5,"cobblemon:razz_berry":3,"minecraft:andesite":17,"minecraft:deepslate_lapis_ore":6,"minecraft:azure_bluet":2,"cobblemon:medicinal_leek":2,"minecraft:deepslate_iron_ore":39,"minecraft:stripped_oak_log":1,"minecraft:stone":534,"minecraft:deepslate_redstone_ore":5,"mekanism:osmium_ore":15,"minecraft:glass_pane":3,"minecraft:dandelion":14,"cobblemon:apricorn_leaves":4,"minecraft:oak_fence":3,"travelersbackpack:standard":4,"minecraft:crafting_table":3,"minecraft:torch":3,"minecraft:poppy":2,"cobblemon:stripped_apricorn_log":1,"mekanism:tin_ore":13,"minecraft:tall_grass":3,"minecraft:glass":6,"minecraft:copper_ore":17,"minecraft:cobblestone":56,"minecraft:lapis_ore":6,"cobblemon:oran_berry":3,"minecraft:oak_planks":3,"mekanism:metallurgic_infuser":1,"minecraft:diorite":47,"minecraft:wall_torch":2,"cobblemon:yellow_apricorn_sapling":1,"mekanism:fluorite_ore":3,"minecraft:birch_log":16,"minecraft:birch_leaves":1,"securitycraft:dirt_mine":1,"minecraft:grass":41,"minecraft:coal_ore":123,"minecraft:oak_log":139,"mekanism:lead_ore":12,"minecraft:gravel":15,"minecraft:sand":64,"mekanism:deepslate_fluorite_ore":3,"minecraft:dirt":77,"minecraft:cobweb":39,"mekanism:deepslate_uranium_ore":3,"minecraft:oak_leaves":17,"minecraft:deepslate":269},"minecraft:used":{"tombstone:scroll_of_lightning_resistance":1,"minecraft:stone_shovel":53,"minecraft:poppy":2,"minecraft:chest":3,"minecraft:shield":88,"minecraft:iron_sword":125,"minecraft:rotten_flesh":10,"minecraft:oak_door":4,"minecraft:torch":144,"minecraft:dirt":176,"minecraft:granite":11,"minecraft:azure_bluet":2,"minecraft:honey_bottle":4,"minecraft:glass":10,"minecraft:lava_bucket":4,"mekanismgenerators:heat_generator":3,"minecraft:iron_helmet":1,"minecraft:bow":5,"securitycraft:dirt_mine":4,"minecraft:furnace":9,"tombstone:gift":7,"minecraft:cooked_beef":10,"minecraft:cobbled_deepslate":155,"minecraft:cooked_mutton":17,"minecraft:water_bucket":3,"mekanismtools:osmium_paxel":717,"minecraft:diorite":14,"minecraft:cobblestone_stairs":10,"minecraft:stone_pickaxe":499,"minecraft:oak_planks":29,"minecraft:wooden_pickaxe":19,"mekanismtools:stone_paxel":227,"minecraft:golden_apple":1,"tombstone:scroll_of_feather_fall":2,"minecraft:crafting_table":9,"cobblemon:yellow_apricorn_seed":3,"minecraft:white_bed":2,"tombstone:bag_of_seeds":2,"minecraft:oak_log":21,"minecraft:oxeye_daisy":2,"cobblemon:apricorn_log":5,"minecraft:iron_pickaxe":108,"mekanismtools:iron_paxel":344,"travelersbackpack:white_sleeping_bag":2,"mekanism:metallurgic_infuser":2,"mekanismtools:steel_pickaxe":19,"minecraft:gravel":8,"minecraft:stone_axe":110,"travelersbackpack:standard":10,"minecraft:cobblestone":348,"cobblemon:medicinal_leek":4,"minecraft:andesite":12,"minecraft:cooked_porkchop":6,"minecraft:bucket":12,"minecraft:glass_pane":45,"minecraft:dandelion":6},"minecraft:crafted":{"minecraft:oak_door":3,"mekanismtools:osmium_paxel":1,"securitycraft:mine":3,"minecraft:oak_planks":172,"mekanismtools:iron_paxel":1,"minecraft:stone_shovel":2,"mekanism:ingot_osmium":26,"mekanismtools:osmium_shovel":1,"cobblemon:apricorn_planks":8,"minecraft:furnace":8,"minecraft:cobblestone_stairs":12,"mekanismgenerators:heat_generator":1,"minecraft:cooked_mutton":34,"minecraft:glass_pane":48,"mekanismtools:osmium_axe":1,"minecraft:glass":49,"travelersbackpack:white_sleeping_bag":1,"minecraft:bow":1,"minecraft:iron_boots":1,"mekanismtools:steel_chestplate":1,"minecraft:iron_axe":1,"minecraft:stone_pickaxe":5,"minecraft:chest":4,"mekanism:ingot_steel":18,"mekanismtools:steel_leggings":1,"mekanismtools:osmium_pickaxe":1,"minecraft:cooked_beef":30,"minecraft:cooked_porkchop":6,"mekanism:metallurgic_infuser":1,"minecraft:crafting_table":6,"travelersbackpack:backpack_tank":2,"travelersbackpack:standard":1,"minecraft:wooden_pickaxe":1,"minecraft:iron_helmet":1,"minecraft:iron_sword":1,"minecraft:copper_ingot":4,"minecraft:bucket":2,"minecraft:stone_axe":2,"mekanismtools:stone_paxel":1,"minecraft:air":0,"securitycraft:dirt_mine":3,"aether:iron_gloves":1,"minecraft:blue_dye":3,"minecraft:iron_chestplate":1,"minecraft:white_wool":4,"minecraft:charcoal":40,"minecraft:shield":1,"minecraft:stick":112,"minecraft:iron_ingot":106,"minecraft:iron_pickaxe":2,"minecraft:iron_shovel":1,"minecraft:iron_leggings":1,"minecraft:white_bed":2,"mekanismtools:steel_pickaxe":1,"minecraft:torch":148},"minecraft:picked_up":{"minecraft:cocoa_beans":8,"minecraft:crafting_table":3,"minecraft:clay_ball":1,"minecraft:azure_bluet":2,"minecraft:brown_mushroom":1,"minecraft:chicken":7,"cobblemon:yellow_apricorn":4,"mekanism:raw_uranium":4,"cobblemon:red_apricorn":1,"cobblemon:wepear_berry":3,"minecraft:string":73,"mekanismgenerators:heat_generator":2,"minecraft:raw_copper":51,"minecraft:cobbled_deepslate":296,"minecraft:beef":39,"cobblemon:oran_berry":14,"minecraft:poppy":2,"minecraft:iron_pickaxe":1,"minecraft:light_gray_wool":1,"minecraft:egg":1,"minecraft:furnace":7,"cobblemon:stripped_apricorn_log":1,"minecraft:stick":9,"minecraft:raw_iron":107,"cobblemon:apricorn_log":10,"cobblemon:spell_tag":1,"minecraft:oak_door":3,"minecraft:torch":10,"minecraft:porkchop":11,"tombstone:grave_dust":17,"minecraft:diorite":20,"minecraft:carrot":1,"minecraft:redstone":26,"mekanism:raw_tin":13,"minecraft:honey_bottle":2,"minecraft:arrow":31,"minecraft:rotten_flesh":38,"minecraft:blue_dye":3,"tombstone:essence_of_undeath":2,"minecraft:mutton":39,"minecraft:birch_log":16,"minecraft:white_wool":23,"minecraft:cobblestone":580,"minecraft:oxeye_daisy":3,"minecraft:stripped_oak_log":1,"minecraft:air":0,"minecraft:feather":4,"minecraft:cooked_beef":1,"mekanism:raw_lead":12,"minecraft:glow_ink_sac":3,"minecraft:andesite":18,"minecraft:brown_wool":11,"minecraft:leather":21,"cobblemon:kebia_berry":1,"cobblemon:razz_berry":11,"minecraft:flint":2,"minecraft:tuff":34,"minecraft:oak_log":153,"minecraft:gunpowder":11,"minecraft:cobblestone_stairs":4,"minecraft:lapis_lazuli":81,"minecraft:dirt":223,"tombstone:gift":2,"minecraft:bone":30,"minecraft:wheat_seeds":7,"minecraft:rabbit_hide":2,"minecraft:iron_ingot":1,"minecraft:glass_bottle":1,"minecraft:rabbit":3,"tombstone:bag_of_seeds":1,"minecraft:oak_planks":6,"cobblemon:poison_barb":1,"mekanism:metallurgic_infuser":1,"securitycraft:dirt_mine":1,"minecraft:dandelion":14,"minecraft:gravel":16,"cobblemon:cheri_berry":73,"minecraft:sand":61,"cobblemon:yellow_apricorn_seed":3,"cobblemon:persim_berry":4,"mekanism:raw_osmium":27,"minecraft:spider_eye":9,"minecraft:mossy_cobblestone":1,"travelersbackpack:white_sleeping_bag":2,"minecraft:bundle":1,"travelersbackpack:standard":4,"minecraft:pumpkin_seeds":3,"minecraft:diamond":2,"mekanism:fluorite_gem":17,"minecraft:granite":41,"minecraft:gray_wool":2,"cobblemon:medicinal_leek":4,"tombstone:magic_scroll":1,"minecraft:black_wool":1,"minecraft:coal":135,"minecraft:ender_pearl":1},"minecraft:custom":{"minecraft:mob_kills":191,"minecraft:interact_with_crafting_table":98,"minecraft:leave_game":6,"minecraft:time_since_death":16264,"minecraft:sprint_one_cm":527475,"minecraft:damage_blocked_by_shield":2577,"minecraft:walk_one_cm":747668,"minecraft:drop":48,"minecraft:play_time":298856,"minecraft:sneak_time":2615,"minecraft:deaths":9,"minecraft:walk_under_water_one_cm":34868,"minecraft:jump":3751,"minecraft:walk_on_water_one_cm":64263,"minecraft:total_world_time":298856,"minecraft:interact_with_furnace":145,"minecraft:sleep_in_bed":10,"minecraft:time_since_rest":4550,"minecraft:damage_taken":4892,"minecraft:damage_absorbed":41,"minecraft:damage_dealt":34460,"tombstone:cast_on_ally":0,"minecraft:player_kills":1,"minecraft:swim_one_cm":37220,"minecraft:fly_one_cm":605821,"minecraft:crouch_one_cm":4304,"minecraft:open_chest":101,"tombstone:undead_killed":69,"minecraft:fall_one_cm":72409},"minecraft:broken":{"mekanismtools:stone_paxel":1,"minecraft:iron_boots":1,"aether:iron_gloves":1,"minecraft:stone_pickaxe":3,"minecraft:iron_helmet":1},"minecraft:killed_by":{"cobblemon:pokemon":2,"minecraft:player":1,"minecraft:creeper":5,"minecraft:cave_spider":1},"minecraft:killed":{"minecraft:cave_spider":11,"minecraft:spider":23,"minecraft:skeleton":28,"minecraft:drowned":1,"minecraft:pig":4,"cobblemon:pokemon":52,"minecraft:zombie_villager":1,"minecraft:creeper":4,"minecraft:sheep":18,"minecraft:zombie":39,"minecraft:enderman":1,"minecraft:cow":4},"minecraft:dropped":{"mekanism:fluorite_gem":3,"minecraft:wheat_seeds":2,"minecraft:cooked_beef":1,"minecraft:oak_log":14,"minecraft:glass_bottle":1,"minecraft:diamond":1,"minecraft:cobblestone":2,"minecraft:leather":1,"minecraft:iron_horse_armor":1,"minecraft:saddle":1,"minecraft:coal":10,"minecraft:stick":18,"minecraft:cobblestone_stairs":6,"minecraft:dirt":13,"minecraft:gray_wool":1,"minecraft:blue_dye":3,"minecraft:diorite":1,"mekanism:raw_uranium":1,"tombstone:grave_dust":6,"minecraft:iron_leggings":1,"minecraft:iron_pickaxe":1,"minecraft:gravel":5,"minecraft:furnace":2,"minecraft:stone_axe":1,"cobblemon:wepear_berry":3,"minecraft:cobbled_deepslate":16,"minecraft:cocoa_beans":8,"minecraft:rotten_flesh":8,"minecraft:oak_planks":1,"minecraft:pumpkin_seeds":3,"minecraft:gunpowder":4,"minecraft:bundle":1,"minecraft:iron_chestplate":1,"minecraft:spider_eye":2,"minecraft:arrow":7,"minecraft:glass":1}},"DataVersion":3465}