{"stats":{"minecraft:mined":{"minecraft:glass_pane":3,"minecraft:oak_door":3,"minecraft:crafting_table":3,"cobblemon:apricorn_leaves":1,"minecraft:torch":2,"minecraft:granite":5,"minecraft:grass_block":14,"mekanism:tin_ore":5,"travelersbackpack:white_sleeping_bag":1,"minecraft:glass":6,"minecraft:copper_ore":8,"minecraft:cobblestone":34,"minecraft:lapis_ore":6,"minecraft:oak_planks":1,"cobblemon:oran_berry":3,"minecraft:diorite":9,"minecraft:wall_torch":2,"minecraft:furnace":4,"mekanism:fluorite_ore":1,"minecraft:iron_ore":33,"cobblemon:razz_berry":3,"minecraft:grass":11,"minecraft:coal_ore":21,"minecraft:oak_log":60,"minecraft:sand":30,"minecraft:dirt":9,"minecraft:stone":217,"minecraft:oak_leaves":5},"minecraft:used":{"minecraft:cooked_mutton":3,"minecraft:diorite":8,"minecraft:stone_shovel":44,"minecraft:stone_pickaxe":296,"minecraft:oak_planks":18,"minecraft:shield":14,"minecraft:chest":1,"minecraft:wooden_pickaxe":19,"minecraft:iron_sword":59,"minecraft:oak_door":4,"minecraft:torch":48,"minecraft:dirt":14,"minecraft:crafting_table":5,"minecraft:white_bed":1,"minecraft:oak_log":20,"minecraft:glass":6,"travelersbackpack:white_sleeping_bag":1,"minecraft:iron_pickaxe":51,"minecraft:iron_helmet":1,"minecraft:gravel":1,"minecraft:stone_axe":87,"minecraft:cobblestone":212,"minecraft:furnace":6,"minecraft:cooked_porkchop":3,"minecraft:glass_pane":45,"tombstone:gift":2,"minecraft:cooked_beef":5},"minecraft:picked_up":{"minecraft:crafting_table":3,"minecraft:cooked_beef":1,"cobblemon:yellow_apricorn":4,"minecraft:brown_wool":1,"minecraft:leather":6,"cobblemon:razz_berry":11,"minecraft:oak_log":61,"minecraft:gunpowder":3,"minecraft:string":4,"minecraft:lapis_lazuli":43,"minecraft:dirt":31,"minecraft:raw_copper":25,"minecraft:bone":7,"minecraft:wheat_seeds":1,"minecraft:beef":11,"cobblemon:oran_berry":14,"minecraft:iron_pickaxe":1,"minecraft:oak_planks":1,"minecraft:furnace":4,"minecraft:raw_iron":33,"minecraft:oak_door":3,"cobblemon:cheri_berry":32,"minecraft:torch":4,"minecraft:gravel":1,"minecraft:sand":27,"minecraft:porkchop":6,"cobblemon:yellow_apricorn_seed":2,"cobblemon:persim_berry":4,"tombstone:grave_dust":1,"minecraft:diorite":9,"minecraft:redstone":2,"minecraft:spider_eye":2,"mekanism:raw_tin":5,"travelersbackpack:white_sleeping_bag":1,"minecraft:arrow":5,"minecraft:rotten_flesh":2,"mekanism:fluorite_gem":3,"minecraft:granite":9,"minecraft:gray_wool":2,"minecraft:black_wool":1,"minecraft:mutton":16,"minecraft:coal":24,"minecraft:white_wool":6,"minecraft:cobblestone":252,"minecraft:ender_pearl":1},"minecraft:crafted":{"minecraft:cooked_beef":5,"minecraft:oak_door":3,"minecraft:oak_planks":76,"minecraft:stone_shovel":1,"minecraft:cooked_porkchop":3,"minecraft:crafting_table":2,"minecraft:iron_helmet":1,"minecraft:wooden_pickaxe":1,"minecraft:iron_sword":1,"minecraft:furnace":2,"minecraft:copper_ingot":4,"minecraft:stone_axe":1,"minecraft:cooked_mutton":10,"minecraft:air":0,"minecraft:glass_pane":48,"aether:iron_gloves":1,"minecraft:glass":25,"minecraft:charcoal":2,"travelersbackpack:white_sleeping_bag":1,"minecraft:iron_chestplate":1,"minecraft:iron_boots":1,"minecraft:shield":1,"minecraft:stick":36,"minecraft:iron_ingot":33,"minecraft:iron_pickaxe":1,"minecraft:stone_pickaxe":3,"minecraft:chest":1,"minecraft:iron_leggings":1,"minecraft:white_bed":1,"minecraft:torch":48},"minecraft:custom":{"minecraft:interact_with_furnace":50,"minecraft:mob_kills":29,"minecraft:interact_with_crafting_table":41,"minecraft:time_since_death":30006,"minecraft:sleep_in_bed":4,"minecraft:time_since_rest":1878,"minecraft:sprint_one_cm":170798,"minecraft:damage_taken":1161,"minecraft:walk_one_cm":243095,"minecraft:damage_blocked_by_shield":350,"minecraft:drop":8,"minecraft:damage_dealt":4766,"minecraft:player_kills":1,"minecraft:swim_one_cm":14419,"minecraft:fly_one_cm":190327,"minecraft:open_chest":12,"minecraft:crouch_one_cm":1282,"minecraft:play_time":84193,"tombstone:undead_killed":6,"minecraft:deaths":2,"minecraft:sneak_time":543,"minecraft:walk_under_water_one_cm":7776,"minecraft:jump":1121,"minecraft:walk_on_water_one_cm":12855,"minecraft:total_world_time":84193,"minecraft:fall_one_cm":21063},"minecraft:broken":{"minecraft:stone_pickaxe":2},"minecraft:killed_by":{"cobblemon:pokemon":1,"minecraft:player":1},"minecraft:killed":{"minecraft:pig":4,"minecraft:spider":3,"minecraft:sheep":9,"minecraft:skeleton":4,"minecraft:zombie":2,"minecraft:enderman":1,"minecraft:cow":4},"minecraft:dropped":{"mekanism:fluorite_gem":3,"minecraft:cooked_beef":1,"minecraft:leather":1,"minecraft:gray_wool":1,"minecraft:diorite":1,"minecraft:iron_pickaxe":1}},"DataVersion":3465}