{"stats":{"minecraft:crafted":{"minecraft:oak_door":3,"mekanismtools:iron_paxel":1,"mekanismtools:osmium_paxel":1,"securitycraft:mine":3,"minecraft:oak_planks":168,"minecraft:stone_shovel":2,"mekanism:ingot_osmium":18,"mekanismtools:osmium_shovel":1,"cobblemon:apricorn_planks":8,"minecraft:furnace":7,"minecraft:cobblestone_stairs":12,"mekanismgenerators:heat_generator":1,"minecraft:cooked_mutton":16,"minecraft:glass_pane":48,"mekanismtools:osmium_axe":1,"minecraft:glass":49,"travelersbackpack:white_sleeping_bag":1,"minecraft:iron_boots":1,"mekanismtools:steel_chestplate":1,"minecraft:iron_axe":1,"minecraft:stone_pickaxe":5,"minecraft:chest":4,"mekanism:ingot_steel":18,"mekanismtools:steel_leggings":1,"mekanismtools:osmium_pickaxe":1,"minecraft:cooked_beef":8,"minecraft:cooked_porkchop":6,"mekanism:metallurgic_infuser":1,"minecraft:crafting_table":5,"travelersbackpack:backpack_tank":2,"travelersbackpack:standard":1,"minecraft:wooden_pickaxe":1,"minecraft:iron_helmet":1,"minecraft:iron_sword":1,"minecraft:copper_ingot":4,"minecraft:bucket":2,"minecraft:stone_axe":2,"mekanismtools:stone_paxel":1,"minecraft:air":0,"securitycraft:dirt_mine":3,"aether:iron_gloves":1,"minecraft:blue_dye":3,"minecraft:white_wool":4,"minecraft:iron_chestplate":1,"minecraft:charcoal":40,"minecraft:shield":1,"minecraft:stick":112,"minecraft:iron_ingot":94,"minecraft:iron_pickaxe":2,"minecraft:iron_shovel":1,"minecraft:iron_leggings":1,"minecraft:white_bed":2,"minecraft:torch":148,"mekanismtools:steel_pickaxe":1},"minecraft:broken":{"mekanismtools:stone_paxel":1,"minecraft:stone_pickaxe":3},"minecraft:killed_by":{"cobblemon:pokemon":1,"minecraft:player":1,"minecraft:creeper":4},"minecraft:picked_up":{"minecraft:cocoa_beans":8,"minecraft:crafting_table":3,"minecraft:chicken":2,"mekanism:raw_uranium":3,"cobblemon:yellow_apricorn":4,"minecraft:string":57,"mekanismgenerators:heat_generator":2,"minecraft:raw_copper":51,"minecraft:cobbled_deepslate":233,"minecraft:beef":14,"cobblemon:oran_berry":14,"minecraft:iron_pickaxe":1,"minecraft:furnace":7,"cobblemon:stripped_apricorn_log":1,"minecraft:stick":9,"minecraft:raw_iron":106,"cobblemon:apricorn_log":10,"minecraft:oak_door":3,"minecraft:torch":10,"minecraft:porkchop":6,"tombstone:grave_dust":15,"minecraft:diorite":20,"minecraft:redstone":26,"mekanism:raw_tin":13,"minecraft:arrow":28,"minecraft:rotten_flesh":23,"minecraft:blue_dye":3,"tombstone:essence_of_undeath":2,"minecraft:mutton":23,"minecraft:white_wool":9,"minecraft:cobblestone":533,"minecraft:birch_log":16,"minecraft:stripped_oak_log":1,"minecraft:air":0,"minecraft:feather":1,"minecraft:cooked_beef":1,"mekanism:raw_lead":12,"minecraft:glow_ink_sac":3,"minecraft:andesite":18,"minecraft:brown_wool":4,"minecraft:leather":9,"cobblemon:razz_berry":11,"minecraft:flint":2,"minecraft:tuff":34,"minecraft:oak_log":149,"minecraft:gunpowder":7,"minecraft:cobblestone_stairs":4,"minecraft:lapis_lazuli":81,"minecraft:dirt":202,"tombstone:gift":2,"minecraft:bone":24,"minecraft:wheat_seeds":4,"tombstone:bag_of_seeds":1,"minecraft:oak_planks":4,"mekanism:metallurgic_infuser":1,"securitycraft:dirt_mine":1,"minecraft:gravel":6,"cobblemon:cheri_berry":73,"minecraft:sand":60,"cobblemon:yellow_apricorn_seed":3,"cobblemon:persim_berry":4,"mekanism:raw_osmium":27,"minecraft:spider_eye":5,"travelersbackpack:white_sleeping_bag":2,"minecraft:bundle":1,"minecraft:pumpkin_seeds":3,"minecraft:diamond":2,"mekanism:fluorite_gem":17,"minecraft:granite":33,"minecraft:gray_wool":2,"tombstone:magic_scroll":1,"minecraft:black_wool":1,"minecraft:coal":135,"minecraft:ender_pearl":1},"minecraft:custom":{"minecraft:mob_kills":107,"minecraft:interact_with_crafting_table":95,"minecraft:leave_game":3,"minecraft:time_since_death":85176,"minecraft:sprint_one_cm":398823,"minecraft:damage_blocked_by_shield":1860,"minecraft:walk_one_cm":602995,"minecraft:drop":43,"minecraft:play_time":243348,"minecraft:sneak_time":2486,"minecraft:deaths":6,"minecraft:walk_under_water_one_cm":31250,"minecraft:jump":2997,"minecraft:walk_on_water_one_cm":61036,"minecraft:total_world_time":243348,"minecraft:interact_with_furnace":131,"minecraft:sleep_in_bed":6,"minecraft:time_since_rest":84976,"minecraft:damage_taken":3440,"minecraft:damage_dealt":19437,"tombstone:cast_on_ally":0,"minecraft:player_kills":1,"minecraft:swim_one_cm":32714,"minecraft:fly_one_cm":469585,"minecraft:open_chest":87,"minecraft:crouch_one_cm":4143,"tombstone:undead_killed":51,"minecraft:fall_one_cm":57486},"minecraft:dropped":{"mekanism:fluorite_gem":3,"minecraft:wheat_seeds":2,"minecraft:cooked_beef":1,"minecraft:oak_log":14,"minecraft:cobblestone":2,"minecraft:leather":1,"minecraft:iron_horse_armor":1,"minecraft:saddle":1,"minecraft:coal":10,"minecraft:stick":18,"minecraft:cobblestone_stairs":6,"minecraft:dirt":13,"minecraft:gray_wool":1,"minecraft:blue_dye":3,"minecraft:diorite":1,"mekanism:raw_uranium":1,"tombstone:grave_dust":6,"minecraft:iron_leggings":1,"minecraft:iron_pickaxe":1,"minecraft:gravel":5,"minecraft:furnace":2,"minecraft:stone_axe":1,"minecraft:cobbled_deepslate":16,"minecraft:cocoa_beans":8,"minecraft:rotten_flesh":8,"minecraft:oak_planks":1,"minecraft:pumpkin_seeds":3,"minecraft:gunpowder":4,"minecraft:bundle":1,"minecraft:iron_chestplate":1,"minecraft:spider_eye":2,"minecraft:arrow":7,"minecraft:glass":1},"minecraft:killed":{"minecraft:spider":16,"minecraft:skeleton":24,"minecraft:drowned":1,"minecraft:pig":4,"cobblemon:pokemon":12,"minecraft:creeper":3,"minecraft:sheep":12,"minecraft:zombie":26,"minecraft:enderman":1,"minecraft:cow":4},"minecraft:used":{"minecraft:stone_shovel":53,"minecraft:chest":3,"minecraft:shield":57,"minecraft:iron_sword":125,"minecraft:oak_door":4,"minecraft:torch":144,"minecraft:dirt":176,"minecraft:granite":11,"minecraft:glass":6,"minecraft:lava_bucket":4,"mekanismgenerators:heat_generator":3,"minecraft:iron_helmet":1,"securitycraft:dirt_mine":4,"minecraft:furnace":8,"tombstone:gift":7,"minecraft:cooked_beef":8,"minecraft:cobbled_deepslate":90,"mekanismtools:osmium_paxel":395,"minecraft:cooked_mutton":15,"minecraft:diorite":14,"minecraft:cobblestone_stairs":10,"minecraft:stone_pickaxe":499,"minecraft:oak_planks":29,"minecraft:wooden_pickaxe":19,"mekanismtools:stone_paxel":227,"tombstone:scroll_of_feather_fall":2,"minecraft:crafting_table":8,"cobblemon:yellow_apricorn_seed":3,"minecraft:white_bed":2,"tombstone:bag_of_seeds":2,"minecraft:oak_log":21,"cobblemon:apricorn_log":5,"minecraft:iron_pickaxe":108,"mekanismtools:iron_paxel":344,"travelersbackpack:white_sleeping_bag":2,"mekanism:metallurgic_infuser":2,"mekanismtools:steel_pickaxe":19,"minecraft:gravel":1,"minecraft:stone_axe":110,"travelersbackpack:standard":3,"minecraft:cobblestone":310,"minecraft:andesite":12,"minecraft:cooked_porkchop":6,"minecraft:bucket":9,"minecraft:glass_pane":45},"minecraft:mined":{"minecraft:tuff":34,"minecraft:deepslate_diamond_ore":2,"minecraft:oak_door":3,"minecraft:cobblestone_stairs":4,"cobblemon:apricorn_log":10,"mekanism:deepslate_osmium_ore":12,"minecraft:glow_lichen":2,"minecraft:granite":32,"mekanismgenerators:heat_generator":2,"minecraft:grass_block":47,"travelersbackpack:white_sleeping_bag":2,"minecraft:furnace":4,"minecraft:iron_ore":66,"minecraft:fire":4,"minecraft:cobbled_deepslate":1,"cobblemon:razz_berry":3,"minecraft:andesite":17,"minecraft:deepslate_lapis_ore":6,"minecraft:deepslate_iron_ore":39,"minecraft:stripped_oak_log":1,"minecraft:stone":492,"minecraft:deepslate_redstone_ore":5,"mekanism:osmium_ore":15,"minecraft:glass_pane":3,"cobblemon:apricorn_leaves":4,"minecraft:oak_fence":3,"minecraft:crafting_table":3,"minecraft:torch":3,"cobblemon:stripped_apricorn_log":1,"mekanism:tin_ore":13,"minecraft:glass":6,"minecraft:copper_ore":17,"minecraft:cobblestone":51,"minecraft:lapis_ore":6,"cobblemon:oran_berry":3,"minecraft:oak_planks":3,"mekanism:metallurgic_infuser":1,"minecraft:diorite":47,"minecraft:wall_torch":2,"cobblemon:yellow_apricorn_sapling":1,"mekanism:fluorite_ore":3,"minecraft:birch_log":16,"minecraft:birch_leaves":1,"securitycraft:dirt_mine":1,"minecraft:grass":16,"minecraft:oak_log":134,"minecraft:coal_ore":123,"mekanism:lead_ore":12,"minecraft:gravel":9,"minecraft:sand":63,"mekanism:deepslate_fluorite_ore":3,"minecraft:dirt":76,"minecraft:cobweb":39,"mekanism:deepslate_uranium_ore":3,"minecraft:oak_leaves":15,"minecraft:deepslate":209}},"DataVersion":3465}