{"stats":{"minecraft:mined":{"minecraft:furnace":2,"mekanism:fluorite_ore":1,"minecraft:iron_ore":8,"cobblemon:razz_berry":3,"minecraft:crafting_table":1,"minecraft:torch":2,"cobblemon:apricorn_leaves":1,"minecraft:granite":2,"minecraft:grass":1,"minecraft:oak_log":6,"minecraft:grass_block":4,"minecraft:coal_ore":9,"mekanism:tin_ore":5,"minecraft:dirt":3,"minecraft:copper_ore":8,"minecraft:lapis_ore":6,"minecraft:stone":172,"cobblemon:oran_berry":3,"minecraft:diorite":8,"minecraft:oak_leaves":1,"minecraft:wall_torch":1},"minecraft:used":{"minecraft:diorite":8,"minecraft:iron_pickaxe":1,"minecraft:stone_pickaxe":221,"minecraft:wooden_pickaxe":15,"minecraft:torch":22,"minecraft:dirt":1,"minecraft:crafting_table":2,"minecraft:furnace":2,"minecraft:cooked_porkchop":1,"tombstone:gift":2},"minecraft:picked_up":{"minecraft:crafting_table":1,"minecraft:raw_iron":8,"minecraft:torch":3,"cobblemon:razz_berry":11,"minecraft:porkchop":1,"minecraft:oak_log":6,"cobblemon:persim_berry":4,"minecraft:diorite":8,"minecraft:lapis_lazuli":43,"mekanism:raw_tin":5,"minecraft:dirt":7,"minecraft:raw_copper":25,"minecraft:arrow":2,"minecraft:bone":2,"mekanism:fluorite_gem":3,"minecraft:granite":2,"cobblemon:oran_berry":9,"minecraft:coal":10,"minecraft:cobblestone":172,"minecraft:furnace":2},"minecraft:crafted":{"aether:iron_gloves":1,"minecraft:oak_planks":24,"minecraft:cooked_porkchop":1,"minecraft:crafting_table":2,"minecraft:iron_pickaxe":1,"minecraft:stick":16,"minecraft:iron_ingot":8,"minecraft:wooden_pickaxe":1,"minecraft:stone_pickaxe":2,"minecraft:iron_sword":1,"minecraft:furnace":1,"minecraft:torch":24,"minecraft:air":0},"minecraft:custom":{"minecraft:time_since_rest":22729,"minecraft:interact_with_furnace":5,"minecraft:sprint_one_cm":30303,"minecraft:damage_taken":560,"minecraft:walk_one_cm":45878,"minecraft:mob_kills":2,"minecraft:damage_dealt":310,"minecraft:swim_one_cm":10613,"minecraft:interact_with_crafting_table":9,"minecraft:fly_one_cm":15734,"minecraft:crouch_one_cm":718,"minecraft:play_time":24193,"tombstone:undead_killed":1,"minecraft:deaths":1,"minecraft:sneak_time":350,"minecraft:walk_under_water_one_cm":3259,"minecraft:jump":203,"minecraft:walk_on_water_one_cm":5351,"minecraft:time_since_death":23029,"minecraft:total_world_time":24193,"minecraft:fall_one_cm":3064},"minecraft:broken":{"minecraft:stone_pickaxe":1},"minecraft:killed_by":{"minecraft:player":1},"minecraft:killed":{"minecraft:skeleton":1,"minecraft:pig":1}},"DataVersion":3465}