{"stats":{"minecraft:mined":{"minecraft:furnace":1,"minecraft:iron_ore":2,"cobblemon:razz_berry":3,"minecraft:torch":2,"cobblemon:apricorn_leaves":1,"minecraft:granite":2,"minecraft:grass":1,"minecraft:oak_log":6,"minecraft:grass_block":4,"minecraft:coal_ore":9,"mekanism:tin_ore":1,"minecraft:dirt":3,"minecraft:copper_ore":8,"minecraft:stone":99,"cobblemon:oran_berry":3,"minecraft:oak_leaves":1},"minecraft:used":{"minecraft:stone_pickaxe":122,"minecraft:wooden_pickaxe":15,"minecraft:torch":13,"minecraft:dirt":1,"minecraft:crafting_table":1,"minecraft:furnace":1,"tombstone:gift":2},"minecraft:crafted":{"minecraft:oak_planks":24,"minecraft:crafting_table":1,"minecraft:stick":8,"minecraft:wooden_pickaxe":1,"minecraft:stone_pickaxe":1,"minecraft:furnace":1,"minecraft:torch":12},"minecraft:picked_up":{"minecraft:raw_iron":2,"minecraft:torch":2,"cobblemon:razz_berry":11,"minecraft:porkchop":1,"minecraft:oak_log":6,"cobblemon:persim_berry":4,"mekanism:raw_tin":1,"minecraft:dirt":7,"minecraft:raw_copper":25,"minecraft:arrow":2,"minecraft:bone":2,"minecraft:granite":2,"cobblemon:oran_berry":9,"minecraft:coal":9,"minecraft:cobblestone":99,"minecraft:furnace":1},"minecraft:custom":{"minecraft:time_since_rest":10729,"minecraft:interact_with_furnace":1,"minecraft:sprint_one_cm":20885,"minecraft:damage_taken":440,"minecraft:walk_one_cm":25640,"minecraft:mob_kills":2,"minecraft:damage_dealt":310,"minecraft:interact_with_crafting_table":4,"minecraft:fly_one_cm":10166,"minecraft:crouch_one_cm":236,"minecraft:play_time":12193,"tombstone:undead_killed":1,"minecraft:deaths":1,"minecraft:sneak_time":124,"minecraft:jump":97,"minecraft:time_since_death":11029,"minecraft:total_world_time":12193,"minecraft:fall_one_cm":1734},"minecraft:killed_by":{"minecraft:player":1},"minecraft:killed":{"minecraft:skeleton":1,"minecraft:pig":1}},"DataVersion":3465}