{"stats":{"minecraft:mined":{"minecraft:grass":11,"minecraft:grass_block":3,"minecraft:dirt_path":1,"minecraft:tall_grass":1,"minecraft:birch_door":2,"minecraft:white_wool":17,"minecraft:azure_bluet":1,"minecraft:cornflower":1},"minecraft:used":{"minecraft:white_wool":16,"minecraft:dirt":14,"tombstone:gift":4,"minecraft:egg":1},"minecraft:dropped":{"tombstone:grave_dust":1},"minecraft:killed_by":{"securitycraft:sentry":3},"minecraft:custom":{"minecraft:time_since_rest":1227,"minecraft:crouch_one_cm":3252,"minecraft:play_time":18670,"minecraft:sprint_one_cm":19690,"minecraft:deaths":4,"minecraft:damage_taken":1175,"minecraft:walk_one_cm":101036,"minecraft:sneak_time":658,"minecraft:drop":1,"minecraft:jump":177,"minecraft:damage_dealt":84,"minecraft:time_since_death":1850,"minecraft:total_world_time":18670,"minecraft:fall_one_cm":2940,"minecraft:fly_one_cm":34392},"minecraft:picked_up":{"minecraft:azure_bluet":1,"cobblemon:ancient_origin_ball":1,"tombstone:grave_dust":1,"minecraft:dirt":14,"minecraft:white_wool":16,"minecraft:egg":1}},"DataVersion":3465}