{"stats":{"minecraft:mined":{"minecraft:crafting_table":2,"cobblemon:apricorn_leaves":1,"minecraft:torch":2,"minecraft:granite":2,"minecraft:grass_block":5,"mekanism:tin_ore":5,"minecraft:copper_ore":8,"minecraft:lapis_ore":6,"cobblemon:oran_berry":3,"minecraft:diorite":9,"minecraft:wall_torch":2,"minecraft:furnace":3,"mekanism:fluorite_ore":1,"minecraft:iron_ore":9,"cobblemon:razz_berry":3,"minecraft:grass":3,"minecraft:coal_ore":21,"minecraft:oak_log":6,"minecraft:dirt":5,"minecraft:stone":180,"minecraft:oak_leaves":1},"minecraft:used":{"minecraft:diorite":8,"minecraft:stone_pickaxe":243,"minecraft:wooden_pickaxe":15,"minecraft:torch":28,"minecraft:dirt":1,"minecraft:crafting_table":3,"minecraft:iron_pickaxe":6,"minecraft:stone_axe":17,"minecraft:cobblestone":14,"minecraft:furnace":3,"minecraft:cooked_porkchop":1,"tombstone:gift":2,"minecraft:cooked_beef":4},"minecraft:picked_up":{"minecraft:crafting_table":2,"minecraft:cooked_beef":1,"minecraft:leather":6,"cobblemon:razz_berry":11,"minecraft:oak_log":6,"minecraft:lapis_lazuli":43,"minecraft:dirt":10,"minecraft:raw_copper":25,"minecraft:bone":2,"minecraft:beef":11,"cobblemon:oran_berry":14,"minecraft:furnace":3,"minecraft:raw_iron":9,"minecraft:torch":4,"minecraft:porkchop":3,"cobblemon:persim_berry":4,"minecraft:diorite":9,"mekanism:raw_tin":5,"minecraft:arrow":2,"mekanism:fluorite_gem":3,"minecraft:granite":2,"minecraft:gray_wool":2,"minecraft:black_wool":1,"minecraft:mutton":12,"minecraft:coal":22,"minecraft:white_wool":5,"minecraft:cobblestone":180},"minecraft:crafted":{"minecraft:cooked_beef":5,"minecraft:oak_planks":24,"minecraft:cooked_porkchop":1,"minecraft:crafting_table":2,"minecraft:wooden_pickaxe":1,"minecraft:iron_sword":1,"minecraft:furnace":1,"minecraft:stone_axe":1,"minecraft:air":0,"aether:iron_gloves":1,"minecraft:stick":20,"minecraft:iron_ingot":8,"minecraft:iron_pickaxe":1,"minecraft:stone_pickaxe":2,"minecraft:torch":24},"minecraft:custom":{"minecraft:interact_with_furnace":11,"minecraft:mob_kills":15,"minecraft:interact_with_crafting_table":10,"minecraft:time_since_death":35029,"minecraft:time_since_rest":34729,"minecraft:sprint_one_cm":74384,"minecraft:damage_taken":590,"minecraft:walk_one_cm":79972,"minecraft:drop":4,"minecraft:damage_dealt":1445,"minecraft:swim_one_cm":10613,"minecraft:fly_one_cm":81144,"minecraft:crouch_one_cm":972,"minecraft:play_time":36193,"tombstone:undead_killed":1,"minecraft:deaths":1,"minecraft:sneak_time":417,"minecraft:walk_under_water_one_cm":3583,"minecraft:jump":494,"minecraft:walk_on_water_one_cm":10616,"minecraft:total_world_time":36193,"minecraft:fall_one_cm":11027},"minecraft:broken":{"minecraft:stone_pickaxe":1},"minecraft:killed_by":{"minecraft:player":1},"minecraft:killed":{"minecraft:pig":3,"minecraft:sheep":7,"minecraft:skeleton":1,"minecraft:cow":4},"minecraft:dropped":{"minecraft:cooked_beef":1,"minecraft:leather":1,"minecraft:gray_wool":1,"minecraft:diorite":1}},"DataVersion":3465}