{"stats":{"minecraft:mined":{"minecraft:white_bed":1,"minecraft:oak_sapling":5,"minecraft:jungle_leaves":5,"cobblemon:apricorn_log":10,"minecraft:cave_vines_plant":3,"minecraft:granite":25,"minecraft:acacia_log":20,"minecraft:grass_block":2735,"minecraft:jungle_log":152,"minecraft:tall_seagrass":1,"minecraft:iron_ore":168,"minecraft:fire":1,"minecraft:pumpkin":10,"minecraft:moss_carpet":2,"minecraft:deepslate_lapis_ore":26,"cobblemon:medicinal_leek":483,"minecraft:pointed_dripstone":8,"minecraft:cave_vines":4,"minecraft:dirt_path":5,"minecraft:oak_stairs":5,"minecraft:deepslate_redstone_ore":10,"mekanism:osmium_ore":63,"minecraft:clay":675,"cobblemon:apricorn_leaves":2,"mekanism:block_salt":24,"minecraft:torch":295,"minecraft:calcite":8,"minecraft:poppy":12,"minecraft:melon":36,"minecraft:chest":1,"mekanism:tin_ore":98,"minecraft:cobblestone":43,"minecraft:oak_planks":243,"minecraft:sugar_cane":148,"minecraft:wall_torch":31,"minecraft:amethyst_block":3,"minecraft:seagrass":4,"mekanism:fluorite_ore":8,"minecraft:birch_log":7,"minecraft:wheat":226,"minecraft:grass":2161,"mekanism:deepslate_tin_ore":14,"minecraft:oak_log":746,"mekanism:lead_ore":40,"minecraft:sand":171,"minecraft:dirt":1049,"minecraft:smooth_basalt":8,"minecraft:oak_leaves":1013,"minecraft:deepslate":102,"minecraft:dark_oak_leaves":5,"minecraft:deepslate_diamond_ore":2,"cobblemon:moon_stone_ore":2,"travelersbackpack:fox":1,"mekanism:deepslate_osmium_ore":1,"minecraft:glow_lichen":3,"minecraft:jungle_planks":3,"travelersbackpack:white_sleeping_bag":2,"minecraft:moss_block":40,"minecraft:hay_block":34,"minecraft:redstone_ore":21,"minecraft:oak_trapdoor":1,"minecraft:furnace":6,"minecraft:carrots":188,"minecraft:andesite":40,"minecraft:gold_block":2,"minecraft:deepslate_iron_ore":61,"minecraft:vine":232,"minecraft:bamboo":6,"minecraft:stone":865,"minecraft:podzol":1,"mekanism:deepslate_lead_ore":1,"minecraft:acacia_leaves":3,"minecraft:dandelion":7,"minecraft:crafting_table":16,"minecraft:rose_bush":1,"minecraft:stone_slab":1,"minecraft:copper_ore":74,"minecraft:tall_grass":11,"minecraft:deepslate_gold_ore":22,"minecraft:lapis_ore":19,"minecraft:diorite":74,"minecraft:big_dripleaf":2,"cobblemon:yellow_apricorn_sapling":2,"minecraft:birch_leaves":12,"minecraft:jungle_fence":1,"minecraft:coal_ore":594,"minecraft:cocoa":4,"minecraft:dripstone_block":8,"minecraft:gravel":92,"mekanism:deepslate_fluorite_ore":4,"mekanism:deepslate_uranium_ore":1,"minecraft:acacia_planks":4,"cobblemon:blue_apricorn_sapling":2,"cobblemon:sun_stone_ore":3,"minecraft:gold_ore":1,"cobblemon:pink_apricorn_sapling":1,"minecraft:fern":700},"minecraft:used":{"minecraft:moss_block":40,"minecraft:moss_carpet":1,"minecraft:iron_shovel":4392,"minecraft:poppy":13,"minecraft:chest":11,"minecraft:shield":5,"minecraft:stone":10,"minecraft:iron_sword":544,"securitycraft:keypad_item":1,"minecraft:jungle_planks":28,"minecraft:carrot":275,"minecraft:acacia_sapling":9,"minecraft:jungle_sapling":5,"minecraft:lava_bucket":1,"minecraft:jungle_fence_gate":1,"cobblemon:apricorn_planks":38,"minecraft:oak_sapling":116,"minecraft:furnace":13,"minecraft:egg":16,"minecraft:diorite":39,"minecraft:stone_pickaxe":921,"minecraft:oak_planks":2831,"minecraft:jungle_fence":24,"minecraft:clay":192,"minecraft:sugar_cane":51,"minecraft:wooden_pickaxe":85,"cobblemon:roasted_leek":300,"minecraft:glow_berries":3,"minecraft:sand":83,"cobblemon:yellow_apricorn_seed":5,"minecraft:dripstone_block":1,"minecraft:melon_slice":38,"minecraft:bread":1,"mekanismtools:iron_paxel":687,"minecraft:gravel":63,"minecraft:wooden_sword":82,"globalxp:xp_block":1,"cobblemon:medicinal_leek":152,"minecraft:cooked_rabbit":2,"minecraft:andesite":6,"minecraft:oak_boat":1,"minecraft:azalea":2,"minecraft:oak_trapdoor":12,"minecraft:stone_sword":12,"minecraft:cooked_chicken":8,"minecraft:torch":805,"minecraft:dirt":3764,"minecraft:granite":4,"minecraft:iron_hoe":250,"minecraft:flowering_azalea":1,"minecraft:iron_axe":1221,"minecraft:oak_stairs":81,"cobblemon:pink_apricorn_seed":2,"minecraft:iron_boots":2,"minecraft:melon_seeds":8,"minecraft:bamboo":16,"minecraft:light_gray_wool":1,"minecraft:beef":1,"tombstone:gift":7,"minecraft:cooked_beef":14,"minecraft:cobbled_deepslate":14,"minecraft:acacia_planks":20,"travelersbackpack:fox":4,"minecraft:wheat_seeds":285,"minecraft:cooked_mutton":15,"minecraft:acacia_boat":2,"minecraft:water_bucket":66,"minecraft:birch_planks":15,"minecraft:bundle":2,"minecraft:crafting_table":36,"cobblemon:black_apricorn_seed":2,"minecraft:white_bed":2,"cobblemon:white_apricorn_seed":2,"minecraft:oak_log":1,"minecraft:chicken":1,"minecraft:iron_pickaxe":1372,"travelersbackpack:white_sleeping_bag":3,"minecraft:stone_axe":2,"minecraft:cobblestone":483,"travelersbackpack:standard":2,"minecraft:porkchop":2,"minecraft:cooked_porkchop":19,"minecraft:bucket":70,"minecraft:dandelion":4,"cobblemon:blue_apricorn_seed":12},"minecraft:picked_up":{"minecraft:wheat":220,"mekanism:raw_uranium":1,"minecraft:stone_slab":1,"minecraft:oak_stairs":5,"minecraft:enchanted_book":1,"minecraft:string":15,"minecraft:raw_copper":237,"minecraft:cobbled_deepslate":125,"cobblemon:white_apricorn_seed":2,"cobblemon:oran_berry":24,"minecraft:azalea":2,"cobblemon:big_root":1,"minecraft:melon_slice":176,"minecraft:furnace":6,"minecraft:stick":164,"cobblemon:apricorn_log":10,"minecraft:big_dripleaf":8,"minecraft:torch":398,"minecraft:acacia_log":20,"minecraft:porkchop":2,"minecraft:pointed_dripstone":10,"tombstone:grave_dust":22,"minecraft:diorite":68,"mekanism:raw_tin":112,"minecraft:stone_sword":1,"minecraft:rotten_flesh":111,"minecraft:tropical_fish":2,"minecraft:obsidian":1,"cobblemon:verdant_ball":3,"minecraft:cobblestone":1054,"minecraft:birch_log":10,"minecraft:feather":25,"minecraft:cooked_beef":14,"minecraft:andesite":57,"minecraft:water_bucket":1,"minecraft:jungle_log":152,"cobblemon:roseate_ball":3,"minecraft:flint":3,"minecraft:tuff":7,"minecraft:acacia_boat":1,"minecraft:lapis_lazuli":382,"minecraft:dirt":3870,"minecraft:bone":63,"minecraft:glass":2,"minecraft:acacia_planks":11,"cobblemon:black_apricorn":24,"minecraft:bow":4,"cobblemon:roasted_leek":1,"minecraft:wheat_seeds":950,"minecraft:raw_gold":23,"minecraft:rabbit":3,"minecraft:bamboo":16,"cobblemon:moon_stone":2,"minecraft:moss_block":40,"minecraft:oak_planks":238,"cobblemon:sun_stone":1,"minecraft:cooked_porkchop":24,"cobblemon:pecha_berry":25,"minecraft:sand":196,"minecraft:jungle_planks":3,"cobblemon:persim_berry":29,"minecraft:grass_block":1,"securitycraft:reinforced_stone":9,"travelersbackpack:white_sleeping_bag":2,"minecraft:bundle":5,"minecraft:sugar":2,"minecraft:clay":1,"minecraft:diamond":2,"minecraft:granite":46,"cobblemon:medicinal_leek":1164,"minecraft:oak_sapling":256,"minecraft:cocoa_beans":12,"minecraft:crafting_table":16,"minecraft:azure_bluet":1,"minecraft:chicken":14,"minecraft:clay_ball":2755,"cobblemon:yellow_apricorn":49,"minecraft:gold_block":2,"minecraft:shield":1,"minecraft:oak_trapdoor":1,"minecraft:moss_carpet":5,"minecraft:iron_axe":1,"cobblemon:white_apricorn":45,"cobblemon:muscle_band":1,"cobblemon:green_apricorn":16,"minecraft:beef":3,"minecraft:jungle_sapling":5,"minecraft:poppy":14,"minecraft:light_gray_wool":1,"minecraft:sugar_cane":332,"minecraft:chest":1,"minecraft:phantom_membrane":8,"minecraft:egg":31,"minecraft:raw_iron":228,"minecraft:carrot":685,"minecraft:redstone":147,"minecraft:arrow":66,"minecraft:hay_block":34,"tombstone:essence_of_undeath":2,"minecraft:glow_berries":4,"minecraft:mutton":10,"cobblemon:blue_apricorn":122,"minecraft:white_wool":18,"mekanism:raw_lead":41,"minecraft:leather":21,"minecraft:jungle_fence":1,"minecraft:birch_planks":1,"minecraft:oak_log":748,"minecraft:gunpowder":7,"tombstone:gift":1,"cobblemon:pink_apricorn_seed":2,"minecraft:cooked_mutton":14,"mekanism:salt":124,"minecraft:apple":18,"minecraft:rabbit_hide":1,"minecraft:iron_ingot":1,"minecraft:stone_pickaxe":1,"minecraft:cooked_chicken":7,"minecraft:flowering_azalea":1,"cobblemon:azure_ball":9,"minecraft:smooth_basalt":2,"minecraft:pumpkin":46,"cobblemon:payapa_berry":2,"cobblemon:black_apricorn_seed":1,"minecraft:dandelion":5,"minecraft:dripstone_block":8,"cobblemon:blue_apricorn_seed":18,"minecraft:gravel":71,"cobblemon:yellow_apricorn_seed":7,"cobblemon:pink_apricorn":35,"minecraft:white_bed":1,"mekanism:raw_osmium":64,"minecraft:spider_eye":6,"travelersbackpack:fox":2,"minecraft:slime_ball":11,"mekanism:fluorite_gem":35,"tombstone:magic_scroll":2,"minecraft:melon_seeds":5,"minecraft:black_wool":2,"minecraft:coal":637,"minecraft:ender_pearl":4},"minecraft:crafted":{"minecraft:brick":835,"minecraft:jungle_fence_gate":1,"minecraft:oak_planks":2960,"mekanismtools:iron_paxel":2,"globalxp:xp_block":1,"mekanism:ingot_osmium":50,"minecraft:oak_pressure_plate":1,"minecraft:cooked_chicken":3,"cobblemon:apricorn_planks":40,"minecraft:stone":34,"securitycraft:keypad_item":1,"minecraft:heavy_weighted_pressure_plate":1,"minecraft:cooked_mutton":8,"minecraft:iron_bars":16,"securitycraft:laser_block":1,"minecraft:glass":29,"minecraft:iron_boots":3,"minecraft:melon_seeds":7,"minecraft:chest":11,"cobblemon:azure_ball":28,"minecraft:bricks":208,"minecraft:cooked_rabbit":2,"mekanism:ingot_tin":105,"minecraft:emerald":4,"minecraft:crafting_table":21,"travelersbackpack:standard":1,"securitycraft:reinforced_stone_button":9,"cobblemon:verdant_ball":12,"minecraft:wooden_pickaxe":2,"minecraft:iron_helmet":3,"minecraft:copper_ingot":117,"minecraft:birch_planks":40,"minecraft:pumpkin_seeds":4,"mekanism:ingot_lead":41,"minecraft:iron_chestplate":2,"minecraft:shield":1,"minecraft:stick":400,"minecraft:iron_ingot":228,"minecraft:iron_pickaxe":9,"minecraft:stone_sword":2,"minecraft:gold_ingot":41,"securitycraft:universal_block_reinforcer_lvl1":1,"minecraft:wooden_sword":3,"minecraft:furnace":7,"minecraft:glass_pane":16,"minecraft:oak_trapdoor":12,"travelersbackpack:white_sleeping_bag":2,"minecraft:iron_axe":8,"minecraft:iron_hoe":1,"minecraft:stone_pickaxe":8,"minecraft:redstone_block":7,"minecraft:jungle_fence":96,"cobblemon:roasted_leek":495,"travelersbackpack:backpack_tank":2,"minecraft:iron_sword":3,"minecraft:bucket":3,"cobblemon:roseate_ball":20,"minecraft:stone_axe":1,"minecraft:jungle_planks":496,"minecraft:acacia_boat":1,"minecraft:air":0,"aether:iron_gloves":2,"minecraft:blue_dye":1,"minecraft:oak_boat":1,"minecraft:white_wool":1,"minecraft:white_dye":1,"minecraft:oak_stairs":96,"minecraft:iron_shovel":19,"minecraft:iron_leggings":2,"minecraft:white_bed":1,"minecraft:acacia_planks":80,"minecraft:torch":544,"minecraft:clay":480},"minecraft:custom":{"minecraft:interact_with_crafting_table":191,"minecraft:leave_game":2,"minecraft:time_since_death":11498,"minecraft:sprint_one_cm":2629458,"minecraft:damage_blocked_by_shield":170,"minecraft:drop":194,"minecraft:talked_to_villager":18,"minecraft:play_time":1234537,"minecraft:deaths":6,"minecraft:jump":9722,"minecraft:walk_on_water_one_cm":228857,"minecraft:interact_with_furnace":288,"minecraft:traded_with_villager":4,"minecraft:interact_with_cartography_table":1,"minecraft:sleep_in_bed":10,"minecraft:damage_dealt":48044,"minecraft:crouch_one_cm":202481,"tombstone:undead_killed":131,"minecraft:horse_one_cm":3703115,"minecraft:mob_kills":292,"minecraft:climb_one_cm":17092,"minecraft:walk_one_cm":4443810,"minecraft:sneak_time":52578,"minecraft:walk_under_water_one_cm":61420,"minecraft:boat_one_cm":739765,"minecraft:total_world_time":1234537,"tombstone:raider_killed":21,"minecraft:time_since_rest":11334,"minecraft:damage_taken":12961,"minecraft:swim_one_cm":84116,"minecraft:fly_one_cm":882226,"minecraft:open_chest":452,"minecraft:fall_one_cm":130912},"minecraft:broken":{"aether:golden_gloves":1,"minecraft:iron_shovel":16,"minecraft:iron_boots":2,"minecraft:iron_chestplate":1,"minecraft:iron_leggings":2,"minecraft:stone_pickaxe":6,"minecraft:wooden_sword":1,"minecraft:iron_sword":2,"minecraft:iron_hoe":1,"aether:iron_gloves":1,"minecraft:wooden_pickaxe":1,"minecraft:iron_axe":5,"minecraft:iron_pickaxe":5,"minecraft:iron_helmet":2,"mekanismtools:iron_paxel":1},"minecraft:killed_by":{"cobblemon:pokemon":3,"minecraft:creeper":1,"minecraft:zombie":1,"minecraft:skeleton":1},"minecraft:killed":{"minecraft:witch":2,"minecraft:spider":11,"creeperoverhaul:dripstone_creeper":1,"minecraft:skeleton":40,"minecraft:chicken":1,"creeperoverhaul:jungle_creeper":2,"minecraft:pig":1,"minecraft:zombie_villager":1,"minecraft:creeper":1,"minecraft:sheep":6,"minecraft:zombie":71,"minecraft:cow":3,"minecraft:slime":3,"minecraft:phantom":19,"minecraft:horse":10,"cobblemon:pokemon":58,"minecraft:rabbit":2,"minecraft:enderman":6},"minecraft:dropped":{"minecraft:birch_planks":2,"minecraft:lapis_lazuli":96,"minecraft:oak_pressure_plate":1,"minecraft:oak_log":1,"cobblemon:persim_berry":3,"minecraft:jungle_planks":1,"minecraft:dirt":12,"minecraft:grass":4,"minecraft:mutton":2,"cobblemon:green_apricorn":1,"minecraft:wooden_sword":2,"minecraft:phantom_membrane":2,"minecraft:sand":27,"minecraft:iron_pickaxe":1,"cobblemon:blue_apricorn_seed":6,"minecraft:white_wool":10,"minecraft:bone":8,"minecraft:gravel":2,"minecraft:stone_axe":1,"minecraft:sugar_cane":43,"minecraft:cobbled_deepslate":5,"minecraft:obsidian":1,"minecraft:pointed_dripstone":10,"minecraft:rotten_flesh":1,"minecraft:oak_planks":15,"minecraft:cooked_mutton":7,"minecraft:azure_bluet":1,"minecraft:poppy":1,"minecraft:rabbit_hide":1,"minecraft:melon_seeds":1,"minecraft:arrow":8,"minecraft:glass":2,"minecraft:beef":2,"minecraft:egg":11,"minecraft:water_bucket":1,"minecraft:wheat_seeds":183,"minecraft:dripstone_block":3,"cobblemon:roasted_leek":2,"minecraft:feather":9,"minecraft:cobblestone":106,"minecraft:apple":1,"cobblemon:roseate_ball":1,"minecraft:stick":5,"cobblemon:pink_apricorn":14,"minecraft:diorite":2,"minecraft:torch":1,"minecraft:rabbit":1,"tombstone:grave_dust":5,"minecraft:pumpkin":36,"minecraft:iron_axe":1,"mekanism:salt":32,"minecraft:string":9,"minecraft:acacia_planks":3,"minecraft:dandelion":1,"minecraft:smooth_basalt":2,"minecraft:moss_carpet":4,"minecraft:stone_sword":1,"minecraft:chicken":2,"minecraft:tall_grass":1,"cobblemon:yellow_apricorn":10,"minecraft:stone_slab":1,"minecraft:pumpkin_seeds":4,"minecraft:stone":1,"minecraft:shield":1,"aether:iron_gloves":1,"minecraft:bundle":1,"minecraft:andesite":2,"minecraft:oak_sapling":18,"minecraft:spider_eye":3,"tombstone:essence_of_undeath":2,"minecraft:stone_pickaxe":1,"minecraft:bow":4,"minecraft:wooden_pickaxe":1,"minecraft:black_wool":1}},"DataVersion":3465}