{"stats":{"minecraft:used":{"minecraft:flint_and_steel":12,"minecraft:wooden_pickaxe":15,"minecraft:iron_sword":73,"minecraft:torch":1,"minecraft:dirt":18,"minecraft:crafting_table":1,"minecraft:crossbow":6,"cobblemon:healing_machine":9,"minecraft:wooden_axe":5,"minecraft:iron_pickaxe":90,"minecraft:iron_axe":9,"minecraft:wooden_sword":22,"minecraft:cobblestone":11,"minecraft:pumpkin_pie":1,"minecraft:cooked_beef":11},"minecraft:picked_up":{"minecraft:wooden_axe":1,"minecraft:iron_chestplate":3,"minecraft:wheat":15,"minecraft:cooked_beef":185,"minecraft:chicken":2,"cobblemon:yellow_apricorn":1,"minecraft:brown_wool":1,"minecraft:leather":10,"minecraft:wooden_pickaxe":2,"minecraft:potato":3,"minecraft:oak_log":6,"minecraft:shield":3,"minecraft:gunpowder":7,"minecraft:dirt":130,"minecraft:elytra":1,"minecraft:raw_copper":129,"minecraft:iron_axe":1,"minecraft:wooden_sword":2,"minecraft:flint_and_steel":1,"minecraft:iron_leggings":3,"minecraft:bone":8,"minecraft:apple":3,"minecraft:wheat_seeds":39,"cobblemon:green_apricorn":2,"minecraft:beef":6,"minecraft:iron_ingot":15,"minecraft:iron_nugget":8,"minecraft:iron_pickaxe":3,"minecraft:enchanted_golden_apple":64,"minecraft:iron_sword":1,"minecraft:iron_boots":3,"minecraft:blue_wool":3,"cobblemon:ability_capsule":65,"minecraft:stick":6,"cobblemon:pc":65,"minecraft:pumpkin":6,"minecraft:sweet_berries":20,"minecraft:torch":1,"minecraft:gravel":4,"minecraft:porkchop":6,"minecraft:sand":9,"cobblemon:persim_berry":1,"minecraft:spruce_sapling":2,"cobblemon:vivichoke_seeds":4,"minecraft:spruce_log":8,"minecraft:spider_eye":2,"minecraft:iron_horse_armor":2,"cobblemon:healing_machine":56,"minecraft:arrow":66,"minecraft:pumpkin_seeds":10,"minecraft:rotten_flesh":6,"cobblemon:poke_ball":2,"minecraft:pumpkin_pie":2,"minecraft:iron_helmet":3,"minecraft:crossbow":2,"minecraft:granite":3,"minecraft:saddle":3,"minecraft:bread":8,"minecraft:totem_of_undying":2,"minecraft:baked_potato":1,"minecraft:mutton":8,"minecraft:coal":30,"minecraft:white_wool":5,"minecraft:cobblestone":37},"minecraft:dropped":{"minecraft:bread":4,"minecraft:sweet_berries":6,"minecraft:cooked_beef":1,"minecraft:iron_nugget":4,"minecraft:baked_potato":1,"cobblemon:ability_capsule":1,"minecraft:rotten_flesh":4,"cobblemon:potion":1,"minecraft:leather":5,"minecraft:iron_horse_armor":1,"minecraft:pumpkin_seeds":5,"cobblemon:vivichoke_seeds":2,"minecraft:stick":3,"minecraft:dirt":6,"minecraft:potato":1,"minecraft:gunpowder":2,"minecraft:brown_wool":1,"minecraft:spider_eye":1,"minecraft:wooden_sword":1,"minecraft:spruce_log":3,"minecraft:sand":3,"minecraft:wooden_pickaxe":1},"minecraft:mined":{"minecraft:podzol":8,"minecraft:torch":1,"minecraft:granite":3,"minecraft:grass_block":6,"minecraft:copper_ore":35,"minecraft:spruce_leaves":6,"minecraft:large_fern":2,"minecraft:fire":2,"minecraft:wheat":5,"minecraft:sweet_berry_bush":2,"minecraft:spruce_log":3,"minecraft:pumpkin":2,"minecraft:coal_ore":30,"minecraft:potatoes":1,"minecraft:oak_log":4,"minecraft:gravel":4,"minecraft:dirt":26,"minecraft:stone":25,"minecraft:oak_leaves":8,"minecraft:fern":2},"minecraft:killed_by":{"cobblemon:pokemon":1},"minecraft:killed":{"minecraft:pig":3,"cobblemon:pokemon":1,"minecraft:spider":1,"minecraft:creeper":2,"minecraft:skeleton":2,"minecraft:sheep":3,"minecraft:zombie":4,"minecraft:chicken":1,"minecraft:cow":3},"minecraft:crafted":{"minecraft:wooden_sword":1,"minecraft:oak_planks":16,"minecraft:crafting_table":1,"minecraft:wooden_pickaxe":1,"minecraft:stick":8,"minecraft:wooden_axe":1},"minecraft:custom":{"minecraft:mob_kills":22,"minecraft:interact_with_crafting_table":5,"minecraft:interact_with_campfire":1,"minecraft:time_since_death":42416,"minecraft:time_since_rest":42526,"minecraft:sprint_one_cm":245248,"minecraft:walk_one_cm":174443,"minecraft:damage_taken":1255,"minecraft:drop":29,"minecraft:damage_dealt":3882,"minecraft:swim_one_cm":14588,"minecraft:fly_one_cm":99735,"minecraft:player_kills":1,"minecraft:open_chest":3,"minecraft:crouch_one_cm":2438,"minecraft:play_time":112408,"minecraft:deaths":3,"minecraft:sneak_time":475,"minecraft:walk_under_water_one_cm":4884,"minecraft:jump":515,"minecraft:walk_on_water_one_cm":8518,"minecraft:interact_with_smoker":1,"minecraft:total_world_time":112408,"minecraft:fall_one_cm":7912,"minecraft:horse_one_cm":1209325}},"DataVersion":3465}