{"stats":{"minecraft:crafted":{"minecraft:oak_planks":972,"mekanismtools:iron_paxel":1,"globalxp:xp_block":1,"mekanism:ingot_osmium":30,"minecraft:cooked_chicken":3,"minecraft:stone":34,"securitycraft:keypad_item":1,"minecraft:heavy_weighted_pressure_plate":1,"minecraft:cooked_mutton":7,"minecraft:iron_bars":16,"securitycraft:laser_block":1,"minecraft:glass":29,"minecraft:iron_boots":2,"minecraft:melon_seeds":7,"minecraft:chest":11,"cobblemon:azure_ball":28,"minecraft:cooked_rabbit":2,"mekanism:ingot_tin":68,"minecraft:emerald":4,"minecraft:crafting_table":16,"travelersbackpack:standard":1,"cobblemon:verdant_ball":12,"securitycraft:reinforced_stone_button":9,"minecraft:wooden_pickaxe":2,"minecraft:iron_helmet":3,"minecraft:copper_ingot":117,"minecraft:birch_planks":40,"minecraft:pumpkin_seeds":4,"mekanism:ingot_lead":36,"minecraft:iron_chestplate":2,"minecraft:shield":1,"minecraft:stick":148,"minecraft:iron_ingot":156,"minecraft:iron_pickaxe":7,"minecraft:stone_sword":2,"minecraft:gold_ingot":41,"securitycraft:universal_block_reinforcer_lvl1":1,"minecraft:wooden_sword":3,"minecraft:furnace":7,"minecraft:glass_pane":16,"travelersbackpack:white_sleeping_bag":2,"minecraft:iron_axe":4,"minecraft:iron_hoe":1,"minecraft:stone_pickaxe":8,"minecraft:redstone_block":7,"cobblemon:roasted_leek":362,"travelersbackpack:backpack_tank":2,"minecraft:iron_sword":3,"minecraft:bucket":3,"cobblemon:roseate_ball":20,"minecraft:stone_axe":1,"minecraft:acacia_boat":1,"minecraft:air":0,"minecraft:jungle_planks":208,"aether:iron_gloves":2,"minecraft:blue_dye":1,"minecraft:oak_boat":1,"minecraft:white_wool":1,"minecraft:white_dye":1,"minecraft:iron_shovel":12,"minecraft:iron_leggings":2,"minecraft:white_bed":1,"minecraft:acacia_planks":80,"minecraft:torch":536,"minecraft:clay":480},"minecraft:broken":{"aether:golden_gloves":1,"minecraft:iron_shovel":11,"minecraft:iron_boots":1,"minecraft:iron_chestplate":1,"minecraft:iron_leggings":1,"minecraft:stone_pickaxe":6,"minecraft:wooden_sword":1,"minecraft:iron_sword":2,"minecraft:iron_hoe":1,"aether:iron_gloves":1,"minecraft:wooden_pickaxe":1,"minecraft:iron_axe":3,"minecraft:iron_pickaxe":4,"minecraft:iron_helmet":2},"minecraft:killed_by":{"cobblemon:pokemon":2,"minecraft:creeper":1,"minecraft:zombie":1,"minecraft:skeleton":1},"minecraft:picked_up":{"minecraft:wheat":81,"mekanism:raw_uranium":1,"minecraft:stone_slab":1,"minecraft:enchanted_book":1,"minecraft:string":13,"minecraft:raw_copper":198,"minecraft:cobbled_deepslate":125,"cobblemon:white_apricorn_seed":1,"cobblemon:oran_berry":24,"minecraft:azalea":2,"cobblemon:big_root":1,"minecraft:melon_slice":74,"minecraft:furnace":6,"minecraft:stick":70,"minecraft:big_dripleaf":8,"minecraft:torch":98,"minecraft:acacia_log":20,"minecraft:porkchop":2,"minecraft:pointed_dripstone":10,"tombstone:grave_dust":22,"minecraft:diorite":68,"mekanism:raw_tin":105,"minecraft:stone_sword":1,"minecraft:rotten_flesh":99,"minecraft:tropical_fish":2,"minecraft:obsidian":1,"minecraft:cobblestone":937,"minecraft:birch_log":10,"minecraft:feather":20,"minecraft:cooked_beef":14,"minecraft:andesite":57,"minecraft:water_bucket":1,"minecraft:jungle_log":116,"cobblemon:roseate_ball":3,"minecraft:flint":3,"minecraft:tuff":7,"minecraft:acacia_boat":1,"minecraft:lapis_lazuli":382,"minecraft:dirt":2337,"minecraft:bone":55,"minecraft:glass":2,"minecraft:acacia_planks":11,"minecraft:bow":3,"minecraft:wheat_seeds":515,"minecraft:raw_gold":23,"minecraft:rabbit":3,"minecraft:bamboo":1,"cobblemon:moon_stone":2,"minecraft:moss_block":40,"minecraft:oak_planks":24,"cobblemon:sun_stone":1,"minecraft:cooked_porkchop":24,"cobblemon:pecha_berry":25,"minecraft:jungle_planks":3,"minecraft:sand":177,"cobblemon:persim_berry":29,"minecraft:grass_block":1,"securitycraft:reinforced_stone":9,"travelersbackpack:white_sleeping_bag":1,"minecraft:bundle":4,"minecraft:sugar":1,"minecraft:clay":1,"minecraft:diamond":2,"minecraft:granite":46,"cobblemon:medicinal_leek":937,"minecraft:oak_sapling":112,"minecraft:cocoa_beans":12,"minecraft:crafting_table":12,"minecraft:azure_bluet":1,"minecraft:chicken":7,"minecraft:clay_ball":1987,"cobblemon:yellow_apricorn":20,"minecraft:gold_block":2,"minecraft:shield":1,"minecraft:moss_carpet":5,"cobblemon:white_apricorn":21,"cobblemon:green_apricorn":16,"minecraft:beef":3,"minecraft:jungle_sapling":5,"minecraft:poppy":14,"minecraft:sugar_cane":245,"minecraft:chest":1,"minecraft:phantom_membrane":7,"minecraft:egg":30,"minecraft:raw_iron":228,"minecraft:carrot":64,"minecraft:redstone":147,"minecraft:arrow":61,"minecraft:hay_block":34,"tombstone:essence_of_undeath":2,"minecraft:glow_berries":4,"minecraft:mutton":9,"cobblemon:blue_apricorn":42,"minecraft:white_wool":18,"mekanism:raw_lead":41,"minecraft:leather":21,"minecraft:birch_planks":1,"minecraft:oak_log":259,"minecraft:gunpowder":7,"tombstone:gift":1,"cobblemon:pink_apricorn_seed":2,"minecraft:cooked_mutton":14,"mekanism:salt":120,"minecraft:apple":9,"minecraft:rabbit_hide":1,"minecraft:iron_ingot":1,"minecraft:stone_pickaxe":1,"minecraft:cooked_chicken":7,"minecraft:flowering_azalea":1,"minecraft:smooth_basalt":2,"minecraft:pumpkin":46,"minecraft:dandelion":5,"minecraft:dripstone_block":8,"cobblemon:blue_apricorn_seed":13,"minecraft:gravel":58,"cobblemon:yellow_apricorn_seed":2,"cobblemon:pink_apricorn":35,"mekanism:raw_osmium":50,"minecraft:spider_eye":5,"travelersbackpack:fox":1,"minecraft:slime_ball":11,"mekanism:fluorite_gem":35,"tombstone:magic_scroll":2,"minecraft:black_wool":2,"minecraft:melon_seeds":2,"minecraft:coal":536,"minecraft:ender_pearl":2},"minecraft:custom":{"minecraft:interact_with_crafting_table":152,"minecraft:leave_game":2,"minecraft:time_since_death":17661,"minecraft:sprint_one_cm":1791635,"minecraft:damage_blocked_by_shield":170,"minecraft:drop":147,"minecraft:talked_to_villager":16,"minecraft:play_time":821636,"minecraft:deaths":5,"minecraft:jump":6969,"minecraft:walk_on_water_one_cm":196439,"minecraft:interact_with_furnace":198,"minecraft:traded_with_villager":4,"minecraft:interact_with_cartography_table":1,"minecraft:sleep_in_bed":7,"minecraft:damage_dealt":37921,"minecraft:crouch_one_cm":56165,"tombstone:undead_killed":109,"minecraft:horse_one_cm":3698515,"minecraft:mob_kills":233,"minecraft:climb_one_cm":13116,"minecraft:walk_one_cm":2935234,"minecraft:sneak_time":19105,"minecraft:walk_under_water_one_cm":45441,"minecraft:boat_one_cm":739765,"minecraft:total_world_time":821636,"tombstone:raider_killed":13,"minecraft:time_since_rest":15951,"minecraft:damage_taken":9031,"minecraft:swim_one_cm":80237,"minecraft:fly_one_cm":629407,"minecraft:open_chest":296,"minecraft:fall_one_cm":93078},"minecraft:dropped":{"minecraft:birch_planks":2,"minecraft:lapis_lazuli":96,"minecraft:oak_log":1,"cobblemon:persim_berry":3,"minecraft:jungle_planks":1,"minecraft:dirt":12,"minecraft:grass":4,"minecraft:mutton":2,"cobblemon:green_apricorn":1,"minecraft:wooden_sword":2,"minecraft:phantom_membrane":2,"minecraft:sand":27,"minecraft:iron_pickaxe":1,"cobblemon:blue_apricorn_seed":6,"minecraft:white_wool":10,"minecraft:bone":8,"minecraft:gravel":2,"minecraft:stone_axe":1,"minecraft:sugar_cane":43,"minecraft:cobbled_deepslate":5,"minecraft:obsidian":1,"minecraft:pointed_dripstone":10,"minecraft:rotten_flesh":1,"minecraft:oak_planks":15,"minecraft:cooked_mutton":7,"minecraft:azure_bluet":1,"minecraft:poppy":1,"minecraft:rabbit_hide":1,"minecraft:melon_seeds":1,"minecraft:arrow":7,"minecraft:glass":2,"minecraft:beef":2,"minecraft:egg":11,"minecraft:water_bucket":1,"minecraft:wheat_seeds":48,"minecraft:dripstone_block":3,"minecraft:feather":9,"minecraft:cobblestone":106,"minecraft:apple":1,"cobblemon:roseate_ball":1,"minecraft:stick":3,"cobblemon:pink_apricorn":14,"minecraft:diorite":2,"minecraft:torch":1,"minecraft:rabbit":1,"tombstone:grave_dust":5,"minecraft:pumpkin":36,"mekanism:salt":28,"minecraft:string":8,"minecraft:acacia_planks":3,"minecraft:dandelion":1,"minecraft:smooth_basalt":2,"minecraft:moss_carpet":4,"minecraft:stone_sword":1,"minecraft:tall_grass":1,"cobblemon:yellow_apricorn":10,"minecraft:stone_slab":1,"minecraft:pumpkin_seeds":4,"minecraft:stone":1,"minecraft:shield":1,"aether:iron_gloves":1,"minecraft:bundle":1,"minecraft:andesite":2,"minecraft:oak_sapling":1,"minecraft:spider_eye":3,"tombstone:essence_of_undeath":2,"minecraft:stone_pickaxe":1,"minecraft:bow":2,"minecraft:wooden_pickaxe":1,"minecraft:black_wool":1},"minecraft:killed":{"minecraft:witch":1,"minecraft:spider":11,"creeperoverhaul:dripstone_creeper":1,"minecraft:skeleton":35,"minecraft:chicken":1,"creeperoverhaul:jungle_creeper":2,"minecraft:pig":1,"minecraft:zombie_villager":1,"minecraft:creeper":1,"minecraft:sheep":5,"minecraft:zombie":61,"minecraft:cow":3,"minecraft:slime":3,"minecraft:phantom":12,"minecraft:horse":10,"cobblemon:pokemon":27,"minecraft:rabbit":2,"minecraft:enderman":4},"minecraft:used":{"minecraft:moss_block":40,"minecraft:moss_carpet":1,"minecraft:iron_shovel":2847,"minecraft:poppy":13,"minecraft:chest":11,"minecraft:shield":5,"minecraft:stone":10,"minecraft:iron_sword":544,"securitycraft:keypad_item":1,"minecraft:jungle_planks":11,"minecraft:carrot":42,"minecraft:acacia_sapling":9,"minecraft:jungle_sapling":5,"minecraft:lava_bucket":1,"minecraft:oak_sapling":67,"minecraft:furnace":13,"minecraft:egg":16,"minecraft:diorite":39,"minecraft:stone_pickaxe":921,"minecraft:oak_planks":32,"minecraft:wooden_pickaxe":85,"minecraft:sugar_cane":50,"minecraft:glow_berries":3,"cobblemon:roasted_leek":110,"minecraft:sand":81,"minecraft:dripstone_block":1,"minecraft:bread":1,"minecraft:melon_slice":35,"mekanismtools:iron_paxel":189,"minecraft:gravel":51,"minecraft:wooden_sword":82,"globalxp:xp_block":1,"cobblemon:medicinal_leek":152,"minecraft:cooked_rabbit":2,"minecraft:andesite":6,"minecraft:oak_boat":1,"minecraft:azalea":2,"minecraft:stone_sword":12,"minecraft:cooked_chicken":8,"minecraft:torch":449,"minecraft:dirt":2241,"minecraft:granite":4,"minecraft:iron_hoe":250,"minecraft:flowering_azalea":1,"minecraft:iron_axe":707,"cobblemon:pink_apricorn_seed":2,"minecraft:iron_boots":1,"minecraft:melon_seeds":8,"minecraft:bamboo":1,"minecraft:beef":1,"tombstone:gift":7,"minecraft:cooked_beef":14,"minecraft:cobbled_deepslate":14,"minecraft:acacia_planks":20,"travelersbackpack:fox":2,"minecraft:wheat_seeds":155,"minecraft:cooked_mutton":14,"minecraft:acacia_boat":2,"minecraft:water_bucket":23,"minecraft:birch_planks":15,"minecraft:bundle":2,"minecraft:crafting_table":27,"minecraft:white_bed":1,"cobblemon:white_apricorn_seed":1,"minecraft:oak_log":1,"minecraft:chicken":1,"minecraft:iron_pickaxe":1160,"travelersbackpack:white_sleeping_bag":2,"minecraft:stone_axe":2,"minecraft:cobblestone":389,"travelersbackpack:standard":2,"minecraft:porkchop":2,"minecraft:cooked_porkchop":19,"minecraft:bucket":28,"minecraft:dandelion":4,"cobblemon:blue_apricorn_seed":7},"minecraft:mined":{"minecraft:oak_sapling":3,"minecraft:jungle_leaves":5,"minecraft:cave_vines_plant":3,"minecraft:granite":25,"minecraft:acacia_log":20,"minecraft:grass_block":1798,"minecraft:jungle_log":116,"minecraft:tall_seagrass":1,"minecraft:iron_ore":168,"minecraft:fire":1,"minecraft:moss_carpet":2,"minecraft:pumpkin":10,"minecraft:deepslate_lapis_ore":26,"cobblemon:medicinal_leek":389,"minecraft:pointed_dripstone":8,"minecraft:cave_vines":4,"minecraft:dirt_path":3,"minecraft:deepslate_redstone_ore":10,"mekanism:osmium_ore":49,"minecraft:clay":483,"mekanism:block_salt":23,"minecraft:torch":32,"minecraft:calcite":8,"minecraft:poppy":12,"minecraft:melon":14,"minecraft:chest":1,"mekanism:tin_ore":91,"minecraft:cobblestone":34,"minecraft:sugar_cane":104,"minecraft:oak_planks":24,"minecraft:wall_torch":11,"minecraft:amethyst_block":3,"minecraft:seagrass":4,"mekanism:fluorite_ore":8,"minecraft:birch_log":7,"minecraft:wheat":87,"minecraft:grass":1898,"mekanism:deepslate_tin_ore":14,"minecraft:oak_log":253,"mekanism:lead_ore":40,"minecraft:sand":152,"minecraft:dirt":434,"minecraft:smooth_basalt":8,"minecraft:oak_leaves":683,"minecraft:deepslate":102,"minecraft:dark_oak_leaves":5,"minecraft:deepslate_diamond_ore":2,"cobblemon:moon_stone_ore":2,"mekanism:deepslate_osmium_ore":1,"minecraft:glow_lichen":3,"minecraft:jungle_planks":3,"travelersbackpack:white_sleeping_bag":1,"minecraft:moss_block":40,"minecraft:hay_block":34,"minecraft:redstone_ore":21,"minecraft:furnace":6,"minecraft:carrots":18,"minecraft:andesite":38,"minecraft:gold_block":2,"minecraft:deepslate_iron_ore":61,"minecraft:vine":170,"minecraft:bamboo":5,"minecraft:stone":756,"minecraft:podzol":1,"mekanism:deepslate_lead_ore":1,"minecraft:acacia_leaves":3,"minecraft:dandelion":7,"minecraft:crafting_table":12,"minecraft:rose_bush":1,"minecraft:stone_slab":1,"minecraft:tall_grass":5,"minecraft:copper_ore":62,"minecraft:lapis_ore":19,"minecraft:deepslate_gold_ore":22,"minecraft:diorite":74,"minecraft:big_dripleaf":2,"minecraft:birch_leaves":12,"minecraft:coal_ore":493,"minecraft:cocoa":4,"minecraft:dripstone_block":8,"minecraft:gravel":76,"mekanism:deepslate_fluorite_ore":4,"mekanism:deepslate_uranium_ore":1,"minecraft:acacia_planks":4,"cobblemon:blue_apricorn_sapling":2,"cobblemon:sun_stone_ore":1,"minecraft:gold_ore":1,"minecraft:fern":631,"cobblemon:pink_apricorn_sapling":1}},"DataVersion":3465}