{"stats":{"minecraft:crafted":{"minecraft:oak_planks":336,"globalxp:xp_block":1,"minecraft:cooked_chicken":3,"minecraft:heavy_weighted_pressure_plate":1,"minecraft:cooked_mutton":7,"minecraft:iron_bars":16,"minecraft:glass":29,"minecraft:iron_boots":2,"minecraft:chest":11,"cobblemon:azure_ball":28,"minecraft:cooked_rabbit":2,"minecraft:emerald":4,"minecraft:crafting_table":14,"travelersbackpack:standard":1,"cobblemon:verdant_ball":12,"minecraft:wooden_pickaxe":2,"minecraft:iron_helmet":2,"minecraft:copper_ingot":117,"minecraft:birch_planks":40,"minecraft:pumpkin_seeds":4,"minecraft:iron_chestplate":2,"minecraft:shield":1,"minecraft:stick":124,"minecraft:iron_ingot":113,"minecraft:iron_pickaxe":4,"minecraft:stone_sword":2,"minecraft:gold_ingot":41,"minecraft:wooden_sword":3,"minecraft:furnace":7,"travelersbackpack:white_sleeping_bag":2,"minecraft:iron_axe":3,"minecraft:iron_hoe":1,"minecraft:stone_pickaxe":5,"cobblemon:roasted_leek":206,"travelersbackpack:backpack_tank":2,"minecraft:iron_sword":3,"minecraft:bucket":3,"cobblemon:roseate_ball":20,"minecraft:stone_axe":1,"minecraft:acacia_boat":1,"minecraft:air":0,"minecraft:jungle_planks":100,"aether:iron_gloves":2,"minecraft:blue_dye":1,"minecraft:oak_boat":1,"minecraft:white_wool":1,"minecraft:white_dye":1,"minecraft:iron_shovel":10,"minecraft:iron_leggings":2,"minecraft:white_bed":1,"minecraft:acacia_planks":80,"minecraft:torch":340},"minecraft:broken":{"aether:golden_gloves":1,"minecraft:iron_shovel":9,"minecraft:iron_boots":1,"minecraft:iron_chestplate":1,"minecraft:iron_leggings":1,"minecraft:stone_pickaxe":3,"minecraft:wooden_sword":1,"minecraft:iron_sword":1,"minecraft:wooden_pickaxe":1,"minecraft:iron_axe":2,"minecraft:iron_pickaxe":2,"minecraft:iron_helmet":1},"minecraft:killed_by":{"cobblemon:pokemon":1,"minecraft:creeper":1,"minecraft:zombie":1,"minecraft:skeleton":1},"minecraft:picked_up":{"minecraft:wheat":2,"mekanism:raw_uranium":1,"minecraft:stone_slab":1,"minecraft:enchanted_book":1,"minecraft:string":11,"minecraft:raw_copper":181,"minecraft:cobbled_deepslate":116,"cobblemon:white_apricorn_seed":1,"cobblemon:oran_berry":24,"cobblemon:big_root":1,"minecraft:melon_slice":32,"minecraft:furnace":6,"minecraft:stick":28,"minecraft:torch":82,"minecraft:acacia_log":20,"minecraft:porkchop":2,"tombstone:grave_dust":14,"minecraft:pointed_dripstone":10,"minecraft:diorite":28,"mekanism:raw_tin":55,"minecraft:stone_sword":1,"minecraft:rotten_flesh":68,"minecraft:obsidian":1,"minecraft:cobblestone":536,"minecraft:birch_log":10,"minecraft:feather":20,"minecraft:cooked_beef":14,"minecraft:jungle_log":106,"minecraft:water_bucket":1,"minecraft:andesite":41,"cobblemon:roseate_ball":3,"minecraft:flint":3,"minecraft:acacia_boat":1,"minecraft:dirt":2226,"minecraft:lapis_lazuli":253,"minecraft:bone":28,"minecraft:glass":2,"minecraft:acacia_planks":11,"minecraft:bow":3,"minecraft:wheat_seeds":271,"minecraft:raw_gold":23,"minecraft:rabbit":3,"minecraft:bamboo":1,"cobblemon:moon_stone":2,"minecraft:oak_planks":7,"cobblemon:sun_stone":1,"minecraft:cooked_porkchop":24,"cobblemon:pecha_berry":25,"minecraft:sand":177,"cobblemon:persim_berry":29,"travelersbackpack:white_sleeping_bag":1,"minecraft:bundle":3,"minecraft:sugar":1,"minecraft:diamond":2,"minecraft:granite":46,"cobblemon:medicinal_leek":719,"minecraft:oak_sapling":27,"minecraft:cocoa_beans":12,"minecraft:crafting_table":11,"minecraft:azure_bluet":1,"minecraft:chicken":6,"cobblemon:yellow_apricorn":20,"minecraft:gold_block":2,"minecraft:shield":1,"cobblemon:white_apricorn":21,"cobblemon:green_apricorn":16,"minecraft:beef":3,"minecraft:jungle_sapling":5,"minecraft:poppy":14,"minecraft:sugar_cane":245,"minecraft:chest":1,"minecraft:egg":30,"minecraft:phantom_membrane":7,"minecraft:raw_iron":113,"minecraft:carrot":8,"minecraft:redstone":117,"minecraft:arrow":32,"minecraft:hay_block":34,"tombstone:essence_of_undeath":2,"minecraft:mutton":9,"cobblemon:blue_apricorn":42,"minecraft:white_wool":18,"mekanism:raw_lead":14,"minecraft:leather":21,"minecraft:birch_planks":1,"minecraft:oak_log":115,"minecraft:gunpowder":4,"tombstone:gift":1,"cobblemon:pink_apricorn_seed":2,"minecraft:cooked_mutton":14,"mekanism:salt":120,"minecraft:apple":5,"minecraft:rabbit_hide":1,"minecraft:iron_ingot":1,"minecraft:stone_pickaxe":1,"minecraft:cooked_chicken":7,"minecraft:smooth_basalt":2,"minecraft:pumpkin":46,"minecraft:dandelion":5,"minecraft:gravel":56,"cobblemon:blue_apricorn_seed":13,"minecraft:dripstone_block":8,"cobblemon:yellow_apricorn_seed":2,"cobblemon:pink_apricorn":35,"mekanism:raw_osmium":18,"minecraft:spider_eye":4,"mekanism:fluorite_gem":20,"minecraft:melon_seeds":2,"minecraft:black_wool":2,"minecraft:coal":418,"minecraft:ender_pearl":2},"minecraft:custom":{"minecraft:interact_with_crafting_table":121,"minecraft:leave_game":1,"minecraft:time_since_death":95086,"minecraft:sprint_one_cm":1402520,"minecraft:damage_blocked_by_shield":80,"minecraft:drop":139,"minecraft:talked_to_villager":16,"minecraft:play_time":640603,"minecraft:deaths":4,"minecraft:jump":5295,"minecraft:walk_on_water_one_cm":176343,"minecraft:interact_with_furnace":158,"minecraft:traded_with_villager":4,"minecraft:interact_with_cartography_table":1,"minecraft:sleep_in_bed":5,"minecraft:damage_dealt":28185,"minecraft:crouch_one_cm":39999,"tombstone:undead_killed":73,"minecraft:horse_one_cm":3687295,"minecraft:mob_kills":173,"minecraft:climb_one_cm":8233,"minecraft:walk_one_cm":2428514,"minecraft:sneak_time":13852,"minecraft:walk_under_water_one_cm":44412,"minecraft:boat_one_cm":739765,"minecraft:total_world_time":640603,"tombstone:raider_killed":13,"minecraft:time_since_rest":39455,"minecraft:damage_taken":6612,"minecraft:swim_one_cm":79970,"minecraft:fly_one_cm":500696,"minecraft:open_chest":179,"minecraft:fall_one_cm":79046},"minecraft:dropped":{"minecraft:birch_planks":2,"minecraft:lapis_lazuli":96,"minecraft:oak_log":1,"cobblemon:persim_berry":3,"minecraft:dirt":8,"minecraft:grass":4,"minecraft:mutton":2,"cobblemon:green_apricorn":1,"minecraft:wooden_sword":2,"minecraft:phantom_membrane":2,"minecraft:sand":27,"cobblemon:blue_apricorn_seed":6,"minecraft:iron_pickaxe":1,"minecraft:white_wool":10,"minecraft:bone":8,"minecraft:stone_axe":1,"minecraft:sugar_cane":43,"minecraft:cobbled_deepslate":5,"minecraft:obsidian":1,"minecraft:pointed_dripstone":10,"minecraft:rotten_flesh":1,"minecraft:oak_planks":15,"minecraft:cooked_mutton":7,"minecraft:azure_bluet":1,"minecraft:poppy":1,"minecraft:rabbit_hide":1,"minecraft:melon_seeds":1,"minecraft:arrow":7,"minecraft:glass":2,"minecraft:beef":2,"minecraft:egg":11,"minecraft:water_bucket":1,"minecraft:wheat_seeds":48,"minecraft:dripstone_block":3,"minecraft:feather":9,"minecraft:cobblestone":103,"minecraft:apple":1,"cobblemon:roseate_ball":1,"minecraft:stick":3,"cobblemon:pink_apricorn":14,"minecraft:rabbit":1,"tombstone:grave_dust":5,"minecraft:pumpkin":36,"mekanism:salt":28,"minecraft:string":8,"minecraft:acacia_planks":3,"minecraft:dandelion":1,"minecraft:smooth_basalt":2,"minecraft:stone_sword":1,"minecraft:tall_grass":1,"cobblemon:yellow_apricorn":10,"minecraft:stone_slab":1,"minecraft:pumpkin_seeds":4,"minecraft:stone":1,"minecraft:shield":1,"aether:iron_gloves":1,"minecraft:bundle":1,"minecraft:oak_sapling":1,"minecraft:spider_eye":3,"tombstone:essence_of_undeath":2,"minecraft:stone_pickaxe":1,"minecraft:bow":2,"minecraft:wooden_pickaxe":1,"minecraft:black_wool":1},"minecraft:killed":{"minecraft:witch":1,"minecraft:spider":10,"minecraft:skeleton":18,"minecraft:chicken":1,"creeperoverhaul:jungle_creeper":2,"minecraft:pig":1,"minecraft:zombie_villager":1,"minecraft:creeper":1,"minecraft:sheep":5,"minecraft:zombie":42,"minecraft:cow":3,"minecraft:phantom":12,"minecraft:horse":10,"cobblemon:pokemon":24,"minecraft:rabbit":2,"minecraft:enderman":3},"minecraft:used":{"minecraft:iron_shovel":2343,"minecraft:poppy":13,"minecraft:chest":11,"minecraft:shield":2,"minecraft:stone":10,"minecraft:iron_sword":477,"minecraft:carrot":8,"minecraft:acacia_sapling":9,"minecraft:jungle_sapling":5,"minecraft:lava_bucket":1,"minecraft:furnace":13,"minecraft:oak_sapling":21,"minecraft:egg":16,"minecraft:diorite":26,"minecraft:stone_pickaxe":528,"minecraft:oak_planks":15,"minecraft:wooden_pickaxe":85,"minecraft:sugar_cane":50,"cobblemon:roasted_leek":32,"minecraft:sand":81,"minecraft:dripstone_block":1,"minecraft:melon_slice":32,"minecraft:gravel":51,"minecraft:wooden_sword":82,"globalxp:xp_block":1,"cobblemon:medicinal_leek":151,"minecraft:cooked_rabbit":2,"minecraft:andesite":3,"minecraft:oak_boat":1,"minecraft:stone_sword":12,"minecraft:cooked_chicken":7,"minecraft:torch":298,"minecraft:dirt":2165,"minecraft:granite":4,"minecraft:iron_hoe":96,"minecraft:iron_axe":512,"cobblemon:pink_apricorn_seed":2,"minecraft:iron_boots":1,"minecraft:melon_seeds":1,"minecraft:bamboo":1,"minecraft:beef":1,"tombstone:gift":7,"minecraft:cooked_beef":12,"minecraft:acacia_planks":20,"minecraft:cobbled_deepslate":14,"minecraft:wheat_seeds":71,"minecraft:cooked_mutton":11,"minecraft:acacia_boat":2,"minecraft:water_bucket":19,"minecraft:birch_planks":15,"minecraft:bundle":2,"minecraft:crafting_table":25,"minecraft:white_bed":1,"cobblemon:white_apricorn_seed":1,"minecraft:oak_log":1,"minecraft:chicken":1,"minecraft:iron_pickaxe":758,"travelersbackpack:white_sleeping_bag":2,"minecraft:stone_axe":2,"minecraft:cobblestone":239,"travelersbackpack:standard":2,"minecraft:porkchop":2,"minecraft:cooked_porkchop":18,"minecraft:bucket":24,"minecraft:dandelion":4,"cobblemon:blue_apricorn_seed":7},"minecraft:mined":{"minecraft:jungle_leaves":4,"minecraft:granite":25,"minecraft:acacia_log":20,"minecraft:grass_block":1710,"minecraft:jungle_log":106,"minecraft:tall_seagrass":1,"minecraft:iron_ore":81,"minecraft:fire":1,"minecraft:pumpkin":10,"minecraft:deepslate_lapis_ore":16,"cobblemon:medicinal_leek":298,"minecraft:pointed_dripstone":8,"minecraft:dirt_path":3,"minecraft:deepslate_redstone_ore":7,"mekanism:osmium_ore":17,"mekanism:block_salt":23,"minecraft:torch":31,"minecraft:calcite":8,"minecraft:poppy":12,"minecraft:melon":6,"minecraft:chest":1,"mekanism:tin_ore":44,"minecraft:cobblestone":32,"minecraft:sugar_cane":104,"minecraft:oak_planks":7,"minecraft:wall_torch":1,"minecraft:amethyst_block":3,"minecraft:seagrass":4,"mekanism:fluorite_ore":4,"minecraft:birch_log":7,"minecraft:wheat":4,"minecraft:grass":1749,"mekanism:deepslate_tin_ore":11,"minecraft:oak_log":110,"mekanism:lead_ore":14,"minecraft:sand":152,"minecraft:dirt":411,"minecraft:smooth_basalt":8,"minecraft:oak_leaves":327,"minecraft:deepslate":95,"minecraft:dark_oak_leaves":5,"minecraft:deepslate_diamond_ore":2,"cobblemon:moon_stone_ore":2,"mekanism:deepslate_osmium_ore":1,"minecraft:glow_lichen":3,"travelersbackpack:white_sleeping_bag":1,"minecraft:hay_block":34,"minecraft:redstone_ore":18,"minecraft:furnace":6,"minecraft:carrots":2,"minecraft:andesite":22,"minecraft:gold_block":2,"minecraft:deepslate_iron_ore":32,"minecraft:vine":156,"minecraft:bamboo":5,"minecraft:stone":360,"minecraft:podzol":1,"minecraft:acacia_leaves":3,"minecraft:dandelion":7,"minecraft:crafting_table":11,"minecraft:rose_bush":1,"minecraft:stone_slab":1,"minecraft:tall_grass":3,"minecraft:copper_ore":55,"minecraft:lapis_ore":9,"minecraft:deepslate_gold_ore":22,"minecraft:diorite":30,"minecraft:birch_leaves":12,"minecraft:coal_ore":375,"minecraft:cocoa":4,"minecraft:dripstone_block":8,"minecraft:gravel":76,"mekanism:deepslate_fluorite_ore":3,"mekanism:deepslate_uranium_ore":1,"minecraft:acacia_planks":4,"cobblemon:blue_apricorn_sapling":2,"cobblemon:sun_stone_ore":1,"minecraft:fern":587,"minecraft:gold_ore":1,"cobblemon:pink_apricorn_sapling":1}},"DataVersion":3465}