{"stats":{"minecraft:mined":{"minecraft:deepslate_diamond_ore":2,"cobblemon:moon_stone_ore":2,"mekanism:deepslate_osmium_ore":1,"minecraft:glow_lichen":3,"minecraft:granite":25,"minecraft:grass_block":8,"minecraft:redstone_ore":18,"minecraft:furnace":4,"minecraft:iron_ore":75,"minecraft:andesite":22,"minecraft:deepslate_lapis_ore":16,"cobblemon:medicinal_leek":15,"minecraft:pointed_dripstone":8,"minecraft:deepslate_iron_ore":32,"minecraft:stone":218,"minecraft:deepslate_redstone_ore":7,"mekanism:osmium_ore":16,"minecraft:crafting_table":4,"minecraft:torch":5,"mekanism:tin_ore":42,"minecraft:tall_grass":1,"minecraft:copper_ore":55,"minecraft:cobblestone":2,"minecraft:lapis_ore":9,"minecraft:deepslate_gold_ore":22,"minecraft:diorite":30,"mekanism:fluorite_ore":4,"minecraft:birch_log":6,"minecraft:birch_leaves":1,"minecraft:grass":10,"mekanism:deepslate_tin_ore":11,"minecraft:oak_log":22,"minecraft:coal_ore":111,"mekanism:lead_ore":14,"mekanism:deepslate_fluorite_ore":3,"minecraft:dripstone_block":8,"minecraft:dirt":2,"mekanism:deepslate_uranium_ore":1,"cobblemon:sun_stone_ore":1,"minecraft:gold_ore":1,"minecraft:oak_leaves":11,"minecraft:deepslate":95},"minecraft:used":{"minecraft:stone_sword":12,"minecraft:iron_sword":29,"minecraft:stone":10,"minecraft:cooked_chicken":5,"minecraft:torch":72,"minecraft:dirt":20,"minecraft:granite":4,"minecraft:furnace":7,"tombstone:gift":4,"minecraft:egg":6,"minecraft:cobbled_deepslate":14,"minecraft:water_bucket":1,"minecraft:diorite":26,"minecraft:stone_pickaxe":528,"minecraft:wooden_pickaxe":85,"minecraft:crafting_table":11,"minecraft:dripstone_block":1,"minecraft:oak_log":1,"minecraft:chicken":1,"minecraft:iron_pickaxe":263,"minecraft:stone_axe":2,"minecraft:wooden_sword":71,"minecraft:cobblestone":92,"cobblemon:medicinal_leek":12,"minecraft:cooked_porkchop":1,"minecraft:andesite":3,"minecraft:bucket":2},"minecraft:crafted":{"minecraft:wooden_sword":2,"minecraft:oak_planks":80,"minecraft:furnace":3,"minecraft:cooked_mutton":2,"minecraft:iron_boots":1,"minecraft:iron_axe":1,"minecraft:stone_pickaxe":5,"minecraft:crafting_table":7,"minecraft:wooden_pickaxe":2,"minecraft:iron_helmet":1,"minecraft:iron_sword":1,"minecraft:copper_ingot":54,"minecraft:birch_planks":32,"minecraft:bucket":1,"cobblemon:roseate_ball":12,"minecraft:stone_axe":1,"minecraft:air":0,"aether:iron_gloves":1,"minecraft:iron_chestplate":1,"minecraft:shield":1,"minecraft:stick":60,"minecraft:iron_ingot":107,"minecraft:iron_pickaxe":3,"minecraft:stone_sword":2,"minecraft:iron_leggings":1,"minecraft:torch":128},"minecraft:picked_up":{"minecraft:crafting_table":4,"minecraft:chicken":3,"mekanism:raw_uranium":1,"cobblemon:yellow_apricorn":10,"minecraft:enchanted_book":1,"minecraft:string":3,"minecraft:raw_copper":181,"cobblemon:white_apricorn":14,"minecraft:cobbled_deepslate":116,"minecraft:furnace":4,"minecraft:egg":11,"minecraft:raw_iron":107,"minecraft:stick":1,"minecraft:torch":53,"minecraft:pointed_dripstone":10,"tombstone:grave_dust":2,"minecraft:diorite":28,"minecraft:redstone":116,"mekanism:raw_tin":53,"minecraft:stone_sword":1,"minecraft:arrow":6,"minecraft:rotten_flesh":16,"minecraft:mutton":4,"minecraft:white_wool":8,"minecraft:cobblestone":352,"minecraft:birch_log":8,"minecraft:feather":15,"mekanism:raw_lead":14,"minecraft:water_bucket":1,"minecraft:andesite":41,"cobblemon:roseate_ball":2,"minecraft:oak_log":27,"minecraft:gunpowder":4,"minecraft:lapis_lazuli":189,"minecraft:dirt":78,"tombstone:gift":1,"cobblemon:pink_apricorn_seed":1,"minecraft:cooked_mutton":8,"minecraft:bone":8,"minecraft:bow":1,"minecraft:wheat_seeds":2,"minecraft:rabbit_hide":1,"minecraft:raw_gold":23,"minecraft:cooked_chicken":7,"minecraft:iron_ingot":1,"minecraft:stone_pickaxe":1,"minecraft:rabbit":3,"cobblemon:moon_stone":2,"cobblemon:sun_stone":1,"minecraft:cooked_porkchop":5,"minecraft:dripstone_block":8,"cobblemon:pink_apricorn":26,"mekanism:raw_osmium":17,"minecraft:spider_eye":1,"minecraft:bundle":1,"minecraft:diamond":2,"minecraft:granite":46,"mekanism:fluorite_gem":20,"cobblemon:medicinal_leek":35,"minecraft:coal":155},"minecraft:custom":{"minecraft:mob_kills":32,"minecraft:interact_with_crafting_table":45,"minecraft:leave_game":1,"minecraft:time_since_death":43339,"minecraft:sprint_one_cm":256138,"minecraft:walk_one_cm":576796,"minecraft:drop":54,"minecraft:play_time":173537,"minecraft:deaths":3,"minecraft:sneak_time":3396,"minecraft:walk_under_water_one_cm":4740,"minecraft:jump":1457,"minecraft:walk_on_water_one_cm":16331,"minecraft:total_world_time":173537,"minecraft:interact_with_furnace":58,"minecraft:time_since_rest":40940,"minecraft:damage_taken":1084,"minecraft:damage_dealt":4674,"minecraft:swim_one_cm":6302,"minecraft:fly_one_cm":72106,"minecraft:crouch_one_cm":10173,"tombstone:undead_killed":17,"minecraft:fall_one_cm":26612},"minecraft:broken":{"minecraft:wooden_pickaxe":1,"minecraft:stone_pickaxe":3,"minecraft:wooden_sword":1,"minecraft:iron_pickaxe":1},"minecraft:killed_by":{"minecraft:creeper":1,"minecraft:skeleton":1,"minecraft:zombie":1},"minecraft:killed":{"minecraft:spider":1,"minecraft:skeleton":4,"minecraft:chicken":1,"cobblemon:pokemon":1,"minecraft:rabbit":2,"minecraft:creeper":1,"minecraft:sheep":2,"minecraft:zombie":13},"minecraft:dropped":{"minecraft:water_bucket":1,"minecraft:lapis_lazuli":32,"minecraft:dripstone_block":3,"minecraft:feather":7,"minecraft:cobblestone":76,"cobblemon:pink_apricorn":14,"minecraft:dirt":5,"minecraft:mutton":2,"minecraft:rabbit":1,"minecraft:wooden_sword":1,"minecraft:string":3,"minecraft:white_wool":4,"minecraft:stone_axe":1,"minecraft:stone_sword":1,"minecraft:cobbled_deepslate":5,"minecraft:pointed_dripstone":10,"cobblemon:yellow_apricorn":10,"minecraft:oak_planks":10,"minecraft:cooked_mutton":4,"minecraft:rabbit_hide":1,"minecraft:stone":1,"minecraft:spider_eye":1,"minecraft:wooden_pickaxe":1,"minecraft:bow":1,"minecraft:stone_pickaxe":1,"minecraft:egg":2}},"DataVersion":3465}