{"stats":{"minecraft:crafted":{"minecraft:wooden_sword":2,"minecraft:oak_planks":96,"minecraft:cooked_chicken":1,"minecraft:furnace":7,"minecraft:cooked_mutton":4,"minecraft:glass":29,"travelersbackpack:white_sleeping_bag":2,"minecraft:iron_boots":1,"minecraft:iron_axe":2,"minecraft:stone_pickaxe":5,"minecraft:chest":5,"minecraft:cooked_rabbit":2,"cobblemon:roasted_leek":1,"minecraft:crafting_table":12,"minecraft:pumpkin_seeds":4,"travelersbackpack:backpack_tank":2,"minecraft:wooden_pickaxe":2,"minecraft:iron_helmet":2,"minecraft:iron_sword":2,"minecraft:copper_ingot":54,"minecraft:bucket":1,"minecraft:birch_planks":32,"cobblemon:roseate_ball":12,"minecraft:stone_axe":1,"minecraft:acacia_boat":1,"minecraft:air":0,"minecraft:jungle_planks":32,"aether:iron_gloves":2,"minecraft:iron_chestplate":1,"minecraft:shield":1,"minecraft:stick":76,"minecraft:iron_ingot":107,"minecraft:iron_pickaxe":4,"minecraft:stone_sword":2,"minecraft:iron_shovel":7,"minecraft:iron_leggings":1,"minecraft:gold_ingot":41,"minecraft:acacia_planks":64,"minecraft:torch":160},"minecraft:killed_by":{"minecraft:creeper":1,"minecraft:skeleton":1,"minecraft:zombie":1},"minecraft:broken":{"aether:golden_gloves":1,"minecraft:iron_shovel":5,"minecraft:wooden_pickaxe":1,"minecraft:stone_pickaxe":3,"minecraft:iron_axe":1,"minecraft:wooden_sword":1,"minecraft:iron_sword":1,"minecraft:iron_pickaxe":2,"minecraft:iron_helmet":1},"minecraft:picked_up":{"minecraft:cocoa_beans":12,"minecraft:crafting_table":9,"minecraft:azure_bluet":1,"minecraft:chicken":4,"mekanism:raw_uranium":1,"cobblemon:yellow_apricorn":12,"minecraft:stone_slab":1,"minecraft:gold_block":2,"minecraft:enchanted_book":1,"minecraft:shield":1,"minecraft:string":7,"minecraft:raw_copper":181,"cobblemon:white_apricorn":21,"minecraft:cobbled_deepslate":116,"cobblemon:green_apricorn":16,"cobblemon:white_apricorn_seed":1,"minecraft:beef":2,"cobblemon:oran_berry":24,"minecraft:jungle_sapling":4,"minecraft:poppy":13,"cobblemon:big_root":1,"minecraft:melon_slice":32,"minecraft:sugar_cane":153,"minecraft:phantom_membrane":7,"minecraft:furnace":6,"minecraft:egg":25,"minecraft:stick":19,"minecraft:raw_iron":113,"minecraft:torch":67,"minecraft:acacia_log":16,"minecraft:pointed_dripstone":10,"tombstone:grave_dust":4,"minecraft:diorite":28,"minecraft:redstone":116,"mekanism:raw_tin":53,"minecraft:stone_sword":1,"minecraft:arrow":27,"minecraft:rotten_flesh":53,"tombstone:essence_of_undeath":1,"cobblemon:blue_apricorn":8,"minecraft:obsidian":1,"minecraft:mutton":6,"minecraft:white_wool":17,"minecraft:cobblestone":466,"minecraft:birch_log":8,"minecraft:feather":17,"minecraft:cooked_beef":13,"mekanism:raw_lead":14,"minecraft:water_bucket":1,"minecraft:andesite":41,"minecraft:jungle_log":84,"minecraft:leather":20,"minecraft:birch_planks":1,"cobblemon:roseate_ball":3,"minecraft:flint":3,"minecraft:oak_log":47,"minecraft:acacia_boat":1,"minecraft:gunpowder":4,"minecraft:lapis_lazuli":253,"minecraft:dirt":1378,"mekanism:salt":92,"tombstone:gift":1,"cobblemon:pink_apricorn_seed":2,"minecraft:cooked_mutton":11,"minecraft:glass":2,"minecraft:bone":22,"minecraft:acacia_planks":10,"minecraft:apple":2,"minecraft:bow":1,"minecraft:wheat_seeds":207,"minecraft:raw_gold":23,"minecraft:rabbit_hide":1,"minecraft:iron_ingot":1,"minecraft:stone_pickaxe":1,"minecraft:cooked_chicken":7,"minecraft:rabbit":3,"minecraft:bamboo":1,"cobblemon:moon_stone":2,"minecraft:oak_planks":1,"cobblemon:sun_stone":1,"minecraft:smooth_basalt":2,"minecraft:cooked_porkchop":21,"minecraft:pumpkin":46,"cobblemon:blue_apricorn_seed":1,"minecraft:dandelion":4,"minecraft:dripstone_block":8,"minecraft:gravel":55,"cobblemon:pecha_berry":25,"minecraft:sand":146,"cobblemon:persim_berry":26,"cobblemon:pink_apricorn":35,"travelersbackpack:white_sleeping_bag":1,"mekanism:raw_osmium":18,"minecraft:spider_eye":3,"minecraft:bundle":3,"minecraft:diamond":2,"mekanism:fluorite_gem":20,"minecraft:granite":46,"cobblemon:medicinal_leek":478,"minecraft:oak_sapling":15,"minecraft:black_wool":1,"minecraft:coal":340,"minecraft:ender_pearl":1},"minecraft:custom":{"minecraft:mob_kills":135,"minecraft:interact_with_crafting_table":86,"minecraft:leave_game":1,"minecraft:time_since_death":348405,"minecraft:climb_one_cm":4598,"minecraft:sprint_one_cm":976106,"minecraft:walk_one_cm":1784762,"minecraft:damage_blocked_by_shield":40,"minecraft:drop":111,"minecraft:play_time":478603,"minecraft:sneak_time":6811,"minecraft:deaths":3,"minecraft:walk_under_water_one_cm":36033,"minecraft:boat_one_cm":683875,"minecraft:jump":4095,"minecraft:walk_on_water_one_cm":102783,"minecraft:total_world_time":478603,"minecraft:interact_with_furnace":109,"tombstone:raider_killed":11,"minecraft:interact_with_cartography_table":1,"minecraft:sleep_in_bed":1,"minecraft:time_since_rest":248515,"minecraft:damage_taken":4272,"minecraft:damage_dealt":21755,"minecraft:swim_one_cm":30986,"minecraft:fly_one_cm":358780,"minecraft:crouch_one_cm":20822,"minecraft:open_chest":71,"tombstone:undead_killed":60,"minecraft:fall_one_cm":65363,"minecraft:horse_one_cm":2849083},"minecraft:dropped":{"minecraft:water_bucket":1,"minecraft:birch_planks":2,"minecraft:wheat_seeds":33,"minecraft:lapis_lazuli":96,"minecraft:oak_log":1,"minecraft:dripstone_block":3,"minecraft:feather":7,"minecraft:cobblestone":95,"cobblemon:roseate_ball":1,"cobblemon:pink_apricorn":14,"minecraft:stick":3,"minecraft:dirt":8,"minecraft:mutton":2,"minecraft:rabbit":1,"cobblemon:green_apricorn":1,"minecraft:wooden_sword":1,"minecraft:pumpkin":36,"minecraft:phantom_membrane":2,"minecraft:sand":22,"minecraft:iron_pickaxe":1,"minecraft:string":7,"minecraft:white_wool":10,"minecraft:acacia_planks":3,"minecraft:dandelion":1,"minecraft:smooth_basalt":2,"minecraft:bone":8,"minecraft:stone_axe":1,"minecraft:sugar_cane":43,"minecraft:stone_sword":1,"minecraft:cobbled_deepslate":5,"minecraft:obsidian":1,"minecraft:pointed_dripstone":10,"cobblemon:yellow_apricorn":10,"minecraft:oak_planks":15,"minecraft:stone_slab":1,"minecraft:cooked_mutton":4,"minecraft:azure_bluet":1,"minecraft:pumpkin_seeds":4,"minecraft:poppy":1,"minecraft:rabbit_hide":1,"minecraft:stone":1,"minecraft:shield":1,"aether:iron_gloves":1,"minecraft:bundle":1,"minecraft:oak_sapling":1,"tombstone:essence_of_undeath":1,"minecraft:spider_eye":3,"minecraft:arrow":6,"minecraft:bow":1,"minecraft:beef":2,"minecraft:glass":2,"minecraft:stone_pickaxe":1,"minecraft:wooden_pickaxe":1,"minecraft:black_wool":1,"minecraft:egg":10},"minecraft:killed":{"minecraft:spider":7,"minecraft:phantom":11,"minecraft:skeleton":15,"minecraft:horse":10,"minecraft:chicken":1,"creeperoverhaul:jungle_creeper":2,"cobblemon:pokemon":14,"minecraft:zombie_villager":1,"minecraft:rabbit":2,"minecraft:creeper":1,"minecraft:sheep":4,"minecraft:zombie":33,"minecraft:enderman":2,"minecraft:cow":2},"minecraft:used":{"minecraft:stone_sword":12,"minecraft:iron_shovel":1513,"minecraft:poppy":12,"minecraft:chest":5,"minecraft:stone":10,"minecraft:shield":1,"minecraft:iron_sword":349,"minecraft:cooked_chicken":6,"minecraft:torch":135,"minecraft:dirt":1317,"minecraft:granite":4,"minecraft:jungle_sapling":4,"minecraft:lava_bucket":1,"minecraft:iron_axe":364,"cobblemon:pink_apricorn_seed":2,"minecraft:oak_sapling":14,"minecraft:furnace":11,"tombstone:gift":7,"minecraft:cooked_beef":8,"minecraft:egg":15,"minecraft:cobbled_deepslate":14,"minecraft:acacia_planks":3,"minecraft:cooked_mutton":11,"minecraft:acacia_boat":1,"minecraft:water_bucket":15,"minecraft:diorite":26,"minecraft:birch_planks":15,"minecraft:stone_pickaxe":528,"minecraft:oak_planks":4,"minecraft:wooden_pickaxe":85,"minecraft:sugar_cane":29,"cobblemon:roasted_leek":1,"minecraft:sand":29,"minecraft:crafting_table":19,"minecraft:dripstone_block":1,"minecraft:oak_log":1,"minecraft:melon_slice":32,"minecraft:chicken":1,"minecraft:iron_pickaxe":601,"travelersbackpack:white_sleeping_bag":2,"minecraft:gravel":51,"minecraft:stone_axe":2,"minecraft:cobblestone":177,"minecraft:wooden_sword":71,"minecraft:cooked_rabbit":2,"minecraft:andesite":3,"cobblemon:medicinal_leek":109,"minecraft:cooked_porkchop":11,"minecraft:bucket":17,"cobblemon:blue_apricorn_seed":1,"minecraft:dandelion":3},"minecraft:mined":{"minecraft:deepslate_diamond_ore":2,"minecraft:jungle_leaves":2,"cobblemon:moon_stone_ore":2,"mekanism:deepslate_osmium_ore":1,"minecraft:glow_lichen":3,"minecraft:granite":25,"minecraft:acacia_log":16,"minecraft:grass_block":1045,"minecraft:jungle_log":84,"travelersbackpack:white_sleeping_bag":1,"minecraft:tall_seagrass":1,"minecraft:redstone_ore":18,"minecraft:furnace":6,"minecraft:iron_ore":81,"minecraft:fire":1,"minecraft:andesite":22,"minecraft:pumpkin":10,"minecraft:deepslate_lapis_ore":16,"minecraft:gold_block":2,"cobblemon:medicinal_leek":194,"minecraft:pointed_dripstone":8,"minecraft:dirt_path":2,"minecraft:deepslate_iron_ore":32,"minecraft:vine":107,"minecraft:stone":306,"minecraft:acacia_leaves":3,"minecraft:deepslate_redstone_ore":7,"mekanism:osmium_ore":17,"minecraft:dandelion":6,"mekanism:block_salt":23,"minecraft:crafting_table":9,"minecraft:torch":16,"minecraft:melon":6,"minecraft:calcite":8,"minecraft:poppy":12,"minecraft:copper_ore":55,"minecraft:rose_bush":1,"mekanism:tin_ore":42,"minecraft:tall_grass":3,"minecraft:stone_slab":1,"minecraft:cobblestone":16,"minecraft:deepslate_gold_ore":22,"minecraft:lapis_ore":9,"minecraft:oak_planks":1,"minecraft:sugar_cane":53,"minecraft:diorite":30,"minecraft:wall_torch":1,"minecraft:amethyst_block":3,"minecraft:seagrass":4,"mekanism:fluorite_ore":4,"minecraft:birch_log":6,"minecraft:birch_leaves":5,"minecraft:cocoa":4,"mekanism:deepslate_tin_ore":11,"minecraft:grass":1409,"minecraft:coal_ore":297,"minecraft:oak_log":41,"minecraft:gravel":75,"mekanism:lead_ore":14,"minecraft:dirt":246,"minecraft:sand":126,"mekanism:deepslate_fluorite_ore":3,"minecraft:dripstone_block":8,"mekanism:deepslate_uranium_ore":1,"minecraft:smooth_basalt":8,"minecraft:acacia_planks":3,"cobblemon:sun_stone_ore":1,"cobblemon:pink_apricorn_sapling":1,"minecraft:gold_ore":1,"minecraft:deepslate":95,"minecraft:oak_leaves":205,"minecraft:fern":478}},"DataVersion":3465}