{"stats":{"minecraft:used":{"minecraft:wooden_pickaxe":15,"minecraft:iron_sword":7,"minecraft:dirt":8,"minecraft:crafting_table":1,"minecraft:crossbow":1,"cobblemon:healing_machine":1,"minecraft:wooden_axe":5,"minecraft:iron_axe":6,"minecraft:wooden_sword":22,"minecraft:cobblestone":8,"minecraft:pumpkin_pie":1,"minecraft:cooked_beef":1},"minecraft:picked_up":{"minecraft:wooden_axe":1,"minecraft:iron_chestplate":2,"minecraft:wheat":15,"minecraft:cooked_beef":128,"minecraft:chicken":1,"minecraft:wooden_pickaxe":2,"minecraft:potato":3,"minecraft:oak_log":6,"minecraft:shield":2,"minecraft:gunpowder":6,"minecraft:dirt":91,"minecraft:wooden_sword":2,"minecraft:iron_leggings":2,"minecraft:bone":3,"minecraft:apple":2,"minecraft:wheat_seeds":39,"minecraft:iron_ingot":10,"minecraft:iron_nugget":8,"minecraft:iron_pickaxe":2,"minecraft:iron_boots":2,"minecraft:blue_wool":3,"minecraft:stick":6,"minecraft:pumpkin":6,"minecraft:sweet_berries":14,"minecraft:sand":9,"minecraft:spruce_sapling":2,"cobblemon:vivichoke_seeds":4,"minecraft:spruce_log":6,"minecraft:iron_horse_armor":2,"minecraft:pumpkin_seeds":10,"minecraft:rotten_flesh":4,"minecraft:pumpkin_pie":2,"minecraft:iron_helmet":2,"minecraft:crossbow":1,"minecraft:saddle":2,"minecraft:bread":8,"minecraft:totem_of_undying":2,"minecraft:baked_potato":1,"minecraft:cobblestone":24},"minecraft:dropped":{"minecraft:bread":4,"minecraft:iron_nugget":4,"minecraft:baked_potato":1,"minecraft:rotten_flesh":2,"cobblemon:potion":1,"minecraft:iron_horse_armor":1,"minecraft:pumpkin_seeds":5,"cobblemon:vivichoke_seeds":2,"minecraft:stick":3,"minecraft:potato":1,"minecraft:gunpowder":2,"minecraft:wooden_sword":1,"minecraft:spruce_log":3,"minecraft:sand":3,"minecraft:wooden_pickaxe":1},"minecraft:mined":{"minecraft:grass_block":6,"minecraft:spruce_leaves":3,"minecraft:large_fern":1,"minecraft:wheat":5,"minecraft:sweet_berry_bush":2,"minecraft:pumpkin":2,"minecraft:potatoes":1,"minecraft:oak_log":4,"minecraft:dirt":8,"minecraft:stone":8},"minecraft:killed":{"cobblemon:pokemon":1,"minecraft:creeper":1,"minecraft:zombie":1},"minecraft:crafted":{"minecraft:wooden_sword":1,"minecraft:oak_planks":16,"minecraft:crafting_table":1,"minecraft:wooden_pickaxe":1,"minecraft:stick":8,"minecraft:wooden_axe":1},"minecraft:custom":{"minecraft:mob_kills":4,"minecraft:interact_with_crafting_table":5,"minecraft:interact_with_campfire":1,"minecraft:time_since_death":16430,"minecraft:time_since_rest":16481,"minecraft:sprint_one_cm":81199,"minecraft:walk_one_cm":69976,"minecraft:damage_taken":402,"minecraft:drop":16,"minecraft:damage_dealt":1528,"minecraft:swim_one_cm":4687,"minecraft:fly_one_cm":30689,"minecraft:player_kills":1,"minecraft:open_chest":3,"minecraft:crouch_one_cm":1242,"minecraft:play_time":28408,"minecraft:deaths":2,"minecraft:sneak_time":224,"minecraft:walk_under_water_one_cm":179,"minecraft:jump":134,"minecraft:walk_on_water_one_cm":2404,"minecraft:interact_with_smoker":1,"minecraft:total_world_time":28408,"minecraft:fall_one_cm":2118}},"DataVersion":3465}