{"stats":{"minecraft:mined":{"mekanism:osmium_ore":10,"cobblemon:moon_stone_ore":2,"minecraft:crafting_table":3,"minecraft:glow_lichen":2,"minecraft:granite":12,"minecraft:grass_block":4,"mekanism:tin_ore":34,"minecraft:copper_ore":55,"minecraft:lapis_ore":3,"minecraft:diorite":29,"minecraft:redstone_ore":10,"minecraft:furnace":2,"mekanism:fluorite_ore":4,"minecraft:birch_log":6,"minecraft:iron_ore":42,"minecraft:andesite":3,"minecraft:grass":1,"minecraft:coal_ore":109,"minecraft:pointed_dripstone":2,"minecraft:oak_log":14,"mekanism:lead_ore":14,"minecraft:dirt":2,"mekanism:deepslate_fluorite_ore":1,"minecraft:stone":63,"minecraft:oak_leaves":3},"minecraft:used":{"minecraft:diorite":15,"minecraft:stone_sword":5,"minecraft:stone_pickaxe":361,"minecraft:wooden_pickaxe":26,"minecraft:torch":19,"minecraft:dirt":4,"minecraft:crafting_table":4,"minecraft:granite":2,"minecraft:oak_log":1,"minecraft:iron_pickaxe":11,"minecraft:stone_axe":2,"minecraft:wooden_sword":13,"minecraft:cobblestone":7,"minecraft:furnace":2,"minecraft:bucket":1,"minecraft:andesite":3},"minecraft:crafted":{"minecraft:wooden_sword":1,"minecraft:oak_planks":32,"minecraft:crafting_table":2,"minecraft:iron_helmet":1,"minecraft:wooden_pickaxe":1,"minecraft:iron_sword":1,"minecraft:furnace":2,"minecraft:copper_ingot":54,"minecraft:bucket":1,"minecraft:stone_axe":1,"minecraft:air":0,"minecraft:iron_boots":1,"minecraft:iron_chestplate":1,"minecraft:stick":28,"minecraft:iron_ingot":37,"minecraft:iron_pickaxe":1,"minecraft:stone_pickaxe":3,"minecraft:stone_sword":1,"minecraft:iron_leggings":1,"minecraft:torch":28},"minecraft:picked_up":{"minecraft:birch_log":6,"minecraft:crafting_table":3,"mekanism:raw_lead":14,"minecraft:andesite":3,"minecraft:oak_log":14,"minecraft:gunpowder":2,"minecraft:lapis_lazuli":17,"minecraft:dirt":6,"minecraft:string":1,"minecraft:raw_copper":181,"cobblemon:moon_stone":2,"minecraft:furnace":2,"minecraft:raw_iron":42,"minecraft:pointed_dripstone":4,"minecraft:diorite":26,"minecraft:redstone":46,"mekanism:raw_tin":34,"mekanism:raw_osmium":10,"minecraft:spider_eye":1,"minecraft:rotten_flesh":4,"mekanism:fluorite_gem":14,"minecraft:granite":12,"minecraft:coal":153,"minecraft:cobblestone":63},"minecraft:custom":{"minecraft:interact_with_furnace":31,"minecraft:mob_kills":3,"minecraft:interact_with_crafting_table":24,"minecraft:leave_game":1,"minecraft:time_since_death":71537,"minecraft:time_since_rest":71537,"minecraft:sprint_one_cm":22120,"minecraft:damage_taken":135,"minecraft:walk_one_cm":155501,"minecraft:drop":3,"minecraft:damage_dealt":698,"minecraft:swim_one_cm":2802,"minecraft:fly_one_cm":9742,"minecraft:crouch_one_cm":4954,"minecraft:play_time":71537,"tombstone:undead_killed":2,"minecraft:sneak_time":1362,"minecraft:walk_under_water_one_cm":586,"minecraft:jump":299,"minecraft:walk_on_water_one_cm":3183,"minecraft:total_world_time":71537,"minecraft:fall_one_cm":4233},"minecraft:broken":{"minecraft:stone_pickaxe":2},"minecraft:killed":{"minecraft:creeper":1,"minecraft:zombie":2},"minecraft:dropped":{"minecraft:pointed_dripstone":4,"minecraft:wooden_sword":1,"minecraft:wooden_pickaxe":1}},"DataVersion":3465}