{"stats":{"minecraft:crafted":{"minecraft:wooden_sword":2,"minecraft:oak_planks":96,"minecraft:furnace":7,"minecraft:cooked_mutton":2,"minecraft:glass":29,"travelersbackpack:white_sleeping_bag":1,"minecraft:iron_boots":1,"minecraft:iron_axe":2,"minecraft:stone_pickaxe":5,"minecraft:chest":5,"minecraft:cooked_rabbit":2,"minecraft:crafting_table":12,"travelersbackpack:backpack_tank":2,"minecraft:wooden_pickaxe":2,"minecraft:iron_helmet":1,"minecraft:iron_sword":1,"minecraft:copper_ingot":54,"minecraft:bucket":1,"minecraft:birch_planks":32,"cobblemon:roseate_ball":12,"minecraft:stone_axe":1,"minecraft:acacia_boat":1,"minecraft:air":0,"minecraft:jungle_planks":32,"aether:iron_gloves":1,"minecraft:iron_chestplate":1,"minecraft:shield":1,"minecraft:stick":72,"minecraft:iron_ingot":107,"minecraft:iron_pickaxe":3,"minecraft:stone_sword":2,"minecraft:iron_shovel":7,"minecraft:iron_leggings":1,"minecraft:gold_ingot":41,"minecraft:acacia_planks":32,"minecraft:torch":160},"minecraft:killed_by":{"minecraft:creeper":1,"minecraft:skeleton":1,"minecraft:zombie":1},"minecraft:broken":{"aether:golden_gloves":1,"minecraft:iron_shovel":5,"minecraft:wooden_pickaxe":1,"minecraft:stone_pickaxe":3,"minecraft:iron_axe":1,"minecraft:wooden_sword":1,"minecraft:iron_pickaxe":1},"minecraft:picked_up":{"minecraft:cocoa_beans":9,"minecraft:crafting_table":4,"minecraft:azure_bluet":1,"minecraft:chicken":3,"mekanism:raw_uranium":1,"cobblemon:yellow_apricorn":10,"minecraft:stone_slab":1,"minecraft:gold_block":2,"minecraft:enchanted_book":1,"minecraft:shield":1,"minecraft:string":3,"minecraft:raw_copper":181,"cobblemon:white_apricorn":14,"minecraft:cobbled_deepslate":116,"minecraft:beef":2,"cobblemon:oran_berry":24,"minecraft:jungle_sapling":4,"minecraft:poppy":13,"cobblemon:big_root":1,"minecraft:sugar_cane":90,"minecraft:phantom_membrane":1,"minecraft:furnace":4,"minecraft:egg":18,"minecraft:stick":18,"minecraft:raw_iron":107,"minecraft:torch":67,"minecraft:acacia_log":8,"minecraft:pointed_dripstone":10,"tombstone:grave_dust":2,"minecraft:diorite":28,"minecraft:redstone":116,"mekanism:raw_tin":53,"minecraft:stone_sword":1,"minecraft:arrow":26,"minecraft:rotten_flesh":42,"minecraft:obsidian":1,"minecraft:mutton":6,"minecraft:white_wool":17,"minecraft:cobblestone":432,"minecraft:birch_log":8,"minecraft:feather":15,"minecraft:cooked_beef":6,"mekanism:raw_lead":14,"minecraft:water_bucket":1,"minecraft:andesite":41,"minecraft:jungle_log":79,"minecraft:leather":3,"minecraft:birch_planks":1,"cobblemon:roseate_ball":3,"minecraft:flint":3,"minecraft:oak_log":46,"minecraft:gunpowder":4,"minecraft:lapis_lazuli":253,"minecraft:dirt":1352,"tombstone:gift":1,"cobblemon:pink_apricorn_seed":2,"minecraft:cooked_mutton":11,"minecraft:glass":2,"minecraft:bone":20,"minecraft:acacia_planks":10,"minecraft:apple":1,"minecraft:bow":1,"minecraft:wheat_seeds":135,"minecraft:raw_gold":23,"minecraft:rabbit_hide":1,"minecraft:iron_ingot":1,"minecraft:stone_pickaxe":1,"minecraft:cooked_chicken":7,"minecraft:rabbit":3,"minecraft:bamboo":1,"cobblemon:moon_stone":2,"minecraft:oak_planks":1,"cobblemon:sun_stone":1,"minecraft:smooth_basalt":2,"minecraft:cooked_porkchop":18,"minecraft:pumpkin":45,"minecraft:dandelion":4,"minecraft:dripstone_block":8,"minecraft:gravel":55,"minecraft:sand":146,"cobblemon:pink_apricorn":26,"mekanism:raw_osmium":18,"minecraft:spider_eye":1,"minecraft:bundle":1,"minecraft:diamond":2,"mekanism:fluorite_gem":20,"minecraft:granite":46,"cobblemon:medicinal_leek":184,"minecraft:oak_sapling":13,"minecraft:black_wool":1,"minecraft:coal":177,"minecraft:ender_pearl":1},"minecraft:custom":{"minecraft:mob_kills":100,"minecraft:interact_with_crafting_table":80,"minecraft:leave_game":1,"minecraft:time_since_death":222405,"minecraft:climb_one_cm":4250,"minecraft:sprint_one_cm":655009,"minecraft:walk_one_cm":1400931,"minecraft:damage_blocked_by_shield":40,"minecraft:drop":94,"minecraft:play_time":352603,"minecraft:sneak_time":5350,"minecraft:deaths":3,"minecraft:walk_under_water_one_cm":27001,"minecraft:boat_one_cm":344703,"minecraft:jump":2903,"minecraft:walk_on_water_one_cm":52748,"minecraft:total_world_time":352603,"minecraft:interact_with_furnace":95,"tombstone:raider_killed":2,"minecraft:sleep_in_bed":1,"minecraft:time_since_rest":122515,"minecraft:damage_taken":2950,"minecraft:damage_dealt":15182,"minecraft:swim_one_cm":17538,"minecraft:fly_one_cm":208062,"minecraft:crouch_one_cm":14739,"minecraft:open_chest":34,"tombstone:undead_killed":43,"minecraft:fall_one_cm":45043,"minecraft:horse_one_cm":653411},"minecraft:dropped":{"minecraft:water_bucket":1,"minecraft:birch_planks":2,"minecraft:wheat_seeds":2,"minecraft:lapis_lazuli":96,"minecraft:dripstone_block":3,"minecraft:feather":7,"minecraft:cobblestone":85,"cobblemon:roseate_ball":1,"cobblemon:pink_apricorn":14,"minecraft:stick":1,"minecraft:dirt":5,"minecraft:mutton":2,"minecraft:rabbit":1,"minecraft:wooden_sword":1,"minecraft:pumpkin":36,"minecraft:sand":22,"minecraft:iron_pickaxe":1,"minecraft:string":3,"minecraft:white_wool":10,"minecraft:acacia_planks":3,"minecraft:dandelion":1,"minecraft:smooth_basalt":2,"minecraft:bone":8,"minecraft:stone_axe":1,"minecraft:sugar_cane":43,"minecraft:stone_sword":1,"minecraft:cobbled_deepslate":5,"minecraft:obsidian":1,"minecraft:pointed_dripstone":10,"cobblemon:yellow_apricorn":10,"minecraft:oak_planks":15,"minecraft:stone_slab":1,"minecraft:cooked_mutton":4,"minecraft:azure_bluet":1,"minecraft:poppy":1,"minecraft:rabbit_hide":1,"minecraft:stone":1,"minecraft:shield":1,"aether:iron_gloves":1,"minecraft:spider_eye":1,"minecraft:arrow":6,"minecraft:bow":1,"minecraft:beef":2,"minecraft:glass":2,"minecraft:stone_pickaxe":1,"minecraft:wooden_pickaxe":1,"minecraft:black_wool":1,"minecraft:egg":6},"minecraft:killed":{"minecraft:spider":4,"minecraft:phantom":2,"minecraft:skeleton":14,"minecraft:horse":2,"minecraft:chicken":1,"creeperoverhaul:jungle_creeper":2,"cobblemon:pokemon":9,"minecraft:zombie_villager":1,"minecraft:rabbit":2,"minecraft:creeper":1,"minecraft:sheep":4,"minecraft:zombie":26,"minecraft:enderman":2,"minecraft:cow":2},"minecraft:used":{"minecraft:stone_sword":12,"minecraft:iron_shovel":1423,"minecraft:poppy":12,"minecraft:chest":5,"minecraft:stone":10,"minecraft:shield":1,"minecraft:iron_sword":250,"minecraft:cooked_chicken":5,"minecraft:torch":135,"minecraft:dirt":1294,"minecraft:granite":4,"minecraft:jungle_sapling":2,"minecraft:iron_axe":252,"cobblemon:pink_apricorn_seed":2,"minecraft:oak_sapling":13,"minecraft:furnace":11,"tombstone:gift":4,"minecraft:cooked_beef":6,"minecraft:egg":11,"minecraft:cobbled_deepslate":14,"minecraft:acacia_planks":3,"minecraft:cooked_mutton":9,"minecraft:acacia_boat":1,"minecraft:water_bucket":15,"minecraft:diorite":26,"minecraft:birch_planks":15,"minecraft:stone_pickaxe":528,"minecraft:oak_planks":4,"minecraft:wooden_pickaxe":85,"minecraft:sugar_cane":27,"minecraft:sand":29,"minecraft:crafting_table":16,"minecraft:dripstone_block":1,"minecraft:oak_log":1,"minecraft:chicken":1,"minecraft:iron_pickaxe":401,"travelersbackpack:white_sleeping_bag":1,"minecraft:gravel":51,"minecraft:stone_axe":2,"minecraft:cobblestone":131,"minecraft:wooden_sword":71,"minecraft:cooked_rabbit":2,"minecraft:andesite":3,"cobblemon:medicinal_leek":40,"minecraft:cooked_porkchop":8,"minecraft:bucket":15,"minecraft:dandelion":3},"minecraft:mined":{"minecraft:deepslate_diamond_ore":2,"minecraft:jungle_leaves":2,"cobblemon:moon_stone_ore":2,"mekanism:deepslate_osmium_ore":1,"minecraft:glow_lichen":3,"minecraft:granite":25,"minecraft:acacia_log":8,"minecraft:grass_block":1010,"minecraft:jungle_log":79,"minecraft:redstone_ore":18,"minecraft:furnace":4,"minecraft:iron_ore":75,"minecraft:fire":1,"minecraft:andesite":22,"minecraft:pumpkin":9,"minecraft:deepslate_lapis_ore":16,"minecraft:gold_block":2,"cobblemon:medicinal_leek":76,"minecraft:pointed_dripstone":8,"minecraft:dirt_path":2,"minecraft:deepslate_iron_ore":32,"minecraft:vine":75,"minecraft:stone":286,"minecraft:deepslate_redstone_ore":7,"mekanism:osmium_ore":17,"minecraft:dandelion":6,"minecraft:crafting_table":4,"minecraft:torch":16,"minecraft:calcite":8,"minecraft:poppy":12,"minecraft:copper_ore":55,"minecraft:rose_bush":1,"mekanism:tin_ore":42,"minecraft:tall_grass":3,"minecraft:stone_slab":1,"minecraft:cobblestone":10,"minecraft:deepslate_gold_ore":22,"minecraft:lapis_ore":9,"minecraft:oak_planks":1,"minecraft:sugar_cane":21,"minecraft:diorite":30,"minecraft:wall_torch":1,"minecraft:amethyst_block":3,"minecraft:seagrass":4,"mekanism:fluorite_ore":4,"minecraft:birch_log":6,"minecraft:birch_leaves":2,"minecraft:cocoa":3,"mekanism:deepslate_tin_ore":11,"minecraft:grass":840,"minecraft:coal_ore":133,"minecraft:oak_log":41,"minecraft:gravel":60,"mekanism:lead_ore":14,"minecraft:dirt":243,"minecraft:sand":126,"mekanism:deepslate_fluorite_ore":3,"minecraft:dripstone_block":8,"mekanism:deepslate_uranium_ore":1,"minecraft:smooth_basalt":8,"minecraft:acacia_planks":3,"cobblemon:sun_stone_ore":1,"cobblemon:pink_apricorn_sapling":1,"minecraft:gold_ore":1,"minecraft:deepslate":95,"minecraft:oak_leaves":138,"minecraft:fern":308}},"DataVersion":3465}