{"stats":{"minecraft:mined":{"minecraft:deepslate_diamond_ore":2,"cobblemon:moon_stone_ore":2,"mekanism:deepslate_osmium_ore":1,"minecraft:glow_lichen":3,"minecraft:granite":25,"minecraft:acacia_log":8,"minecraft:grass_block":9,"minecraft:redstone_ore":18,"minecraft:furnace":4,"minecraft:iron_ore":75,"minecraft:fire":1,"minecraft:andesite":22,"minecraft:pumpkin":9,"minecraft:deepslate_lapis_ore":16,"minecraft:gold_block":1,"cobblemon:medicinal_leek":22,"minecraft:pointed_dripstone":8,"minecraft:deepslate_iron_ore":32,"minecraft:stone":238,"minecraft:deepslate_redstone_ore":7,"mekanism:osmium_ore":16,"minecraft:crafting_table":4,"minecraft:torch":5,"minecraft:calcite":8,"minecraft:stone_slab":1,"minecraft:rose_bush":1,"mekanism:tin_ore":42,"minecraft:tall_grass":3,"minecraft:copper_ore":55,"minecraft:cobblestone":3,"minecraft:sugar_cane":4,"minecraft:lapis_ore":9,"minecraft:deepslate_gold_ore":22,"minecraft:oak_planks":1,"minecraft:diorite":30,"minecraft:amethyst_block":3,"mekanism:fluorite_ore":4,"minecraft:birch_log":6,"minecraft:birch_leaves":2,"minecraft:grass":14,"mekanism:deepslate_tin_ore":11,"minecraft:oak_log":26,"minecraft:coal_ore":133,"minecraft:sand":29,"mekanism:lead_ore":14,"minecraft:gravel":2,"mekanism:deepslate_fluorite_ore":3,"minecraft:dripstone_block":8,"minecraft:dirt":4,"minecraft:smooth_basalt":8,"mekanism:deepslate_uranium_ore":1,"cobblemon:sun_stone_ore":1,"minecraft:gold_ore":1,"minecraft:oak_leaves":17,"minecraft:deepslate":95,"cobblemon:pink_apricorn_sapling":1},"minecraft:used":{"minecraft:stone_sword":12,"minecraft:chest":1,"minecraft:iron_sword":58,"minecraft:stone":10,"minecraft:cooked_chicken":5,"minecraft:torch":106,"minecraft:dirt":43,"minecraft:granite":4,"minecraft:iron_axe":32,"cobblemon:pink_apricorn_seed":2,"minecraft:furnace":9,"tombstone:gift":4,"minecraft:egg":10,"minecraft:cobbled_deepslate":14,"minecraft:cooked_mutton":5,"minecraft:acacia_boat":1,"minecraft:water_bucket":4,"minecraft:diorite":26,"minecraft:birch_planks":15,"minecraft:stone_pickaxe":528,"minecraft:oak_planks":4,"minecraft:wooden_pickaxe":85,"minecraft:crafting_table":14,"minecraft:dripstone_block":1,"minecraft:oak_log":1,"minecraft:chicken":1,"minecraft:iron_pickaxe":327,"travelersbackpack:white_sleeping_bag":1,"minecraft:gravel":2,"minecraft:stone_axe":2,"minecraft:wooden_sword":71,"minecraft:cobblestone":124,"minecraft:cooked_rabbit":2,"cobblemon:medicinal_leek":13,"minecraft:cooked_porkchop":1,"minecraft:andesite":3,"minecraft:bucket":5},"minecraft:crafted":{"minecraft:wooden_sword":2,"minecraft:oak_planks":96,"minecraft:furnace":5,"minecraft:cooked_mutton":2,"minecraft:glass":29,"travelersbackpack:white_sleeping_bag":1,"minecraft:iron_boots":1,"minecraft:iron_axe":1,"minecraft:stone_pickaxe":5,"minecraft:chest":1,"minecraft:cooked_rabbit":2,"minecraft:crafting_table":10,"travelersbackpack:backpack_tank":2,"minecraft:wooden_pickaxe":2,"minecraft:iron_helmet":1,"minecraft:iron_sword":1,"minecraft:copper_ingot":54,"minecraft:birch_planks":32,"minecraft:bucket":1,"cobblemon:roseate_ball":12,"minecraft:stone_axe":1,"minecraft:acacia_boat":1,"minecraft:air":0,"aether:iron_gloves":1,"minecraft:iron_chestplate":1,"minecraft:shield":1,"minecraft:stick":68,"minecraft:iron_ingot":107,"minecraft:iron_pickaxe":3,"minecraft:gold_ingot":32,"minecraft:stone_sword":2,"minecraft:iron_leggings":1,"minecraft:acacia_planks":32,"minecraft:torch":160},"minecraft:picked_up":{"minecraft:crafting_table":4,"minecraft:azure_bluet":1,"minecraft:chicken":3,"mekanism:raw_uranium":1,"cobblemon:yellow_apricorn":10,"minecraft:stone_slab":1,"minecraft:gold_block":1,"minecraft:enchanted_book":1,"minecraft:shield":1,"minecraft:string":3,"minecraft:raw_copper":181,"cobblemon:white_apricorn":14,"minecraft:cobbled_deepslate":116,"minecraft:beef":2,"minecraft:sugar_cane":12,"minecraft:furnace":4,"minecraft:egg":16,"minecraft:raw_iron":107,"minecraft:stick":2,"minecraft:torch":53,"minecraft:acacia_log":8,"minecraft:pointed_dripstone":10,"tombstone:grave_dust":2,"minecraft:diorite":28,"minecraft:redstone":116,"mekanism:raw_tin":53,"minecraft:stone_sword":1,"minecraft:arrow":17,"minecraft:rotten_flesh":20,"minecraft:obsidian":1,"minecraft:mutton":5,"minecraft:white_wool":13,"minecraft:cobblestone":377,"minecraft:birch_log":8,"minecraft:feather":15,"minecraft:cooked_beef":6,"mekanism:raw_lead":14,"minecraft:water_bucket":1,"minecraft:andesite":41,"minecraft:leather":1,"minecraft:birch_planks":1,"cobblemon:roseate_ball":3,"minecraft:oak_log":31,"minecraft:gunpowder":4,"minecraft:lapis_lazuli":253,"minecraft:dirt":101,"tombstone:gift":1,"cobblemon:pink_apricorn_seed":2,"minecraft:cooked_mutton":11,"minecraft:glass":2,"minecraft:bone":18,"minecraft:acacia_planks":4,"minecraft:bow":1,"minecraft:wheat_seeds":2,"minecraft:rabbit_hide":1,"minecraft:raw_gold":23,"minecraft:cooked_chicken":7,"minecraft:iron_ingot":1,"minecraft:stone_pickaxe":1,"minecraft:rabbit":3,"cobblemon:moon_stone":2,"minecraft:oak_planks":1,"cobblemon:sun_stone":1,"minecraft:smooth_basalt":2,"minecraft:cooked_porkchop":17,"minecraft:pumpkin":45,"minecraft:gravel":2,"minecraft:dandelion":1,"minecraft:dripstone_block":8,"minecraft:sand":51,"cobblemon:pink_apricorn":26,"mekanism:raw_osmium":17,"minecraft:spider_eye":1,"minecraft:bundle":1,"minecraft:diamond":2,"minecraft:granite":46,"mekanism:fluorite_gem":20,"cobblemon:medicinal_leek":52,"minecraft:black_wool":1,"minecraft:coal":177},"minecraft:custom":{"minecraft:mob_kills":49,"minecraft:interact_with_crafting_table":58,"minecraft:leave_game":1,"minecraft:time_since_death":103339,"minecraft:climb_one_cm":525,"minecraft:sprint_one_cm":397700,"minecraft:walk_one_cm":730702,"minecraft:drop":87,"minecraft:play_time":233537,"minecraft:deaths":3,"minecraft:sneak_time":4358,"minecraft:walk_under_water_one_cm":9797,"minecraft:boat_one_cm":49725,"minecraft:jump":1847,"minecraft:walk_on_water_one_cm":24863,"minecraft:total_world_time":233537,"minecraft:interact_with_furnace":92,"minecraft:sleep_in_bed":1,"minecraft:time_since_rest":3449,"minecraft:damage_taken":1351,"minecraft:damage_dealt":6735,"minecraft:swim_one_cm":8486,"minecraft:fly_one_cm":109664,"minecraft:open_chest":10,"minecraft:crouch_one_cm":12642,"tombstone:undead_killed":24,"minecraft:fall_one_cm":33668,"minecraft:horse_one_cm":653411},"minecraft:broken":{"minecraft:wooden_pickaxe":1,"minecraft:stone_pickaxe":3,"minecraft:wooden_sword":1,"minecraft:iron_pickaxe":1},"minecraft:killed_by":{"minecraft:creeper":1,"minecraft:skeleton":1,"minecraft:zombie":1},"minecraft:killed":{"minecraft:spider":2,"minecraft:horse":1,"minecraft:skeleton":8,"minecraft:chicken":1,"cobblemon:pokemon":1,"minecraft:zombie_villager":1,"minecraft:rabbit":2,"minecraft:creeper":1,"minecraft:sheep":3,"minecraft:zombie":15,"minecraft:cow":2},"minecraft:dropped":{"minecraft:water_bucket":1,"minecraft:birch_planks":2,"minecraft:lapis_lazuli":96,"minecraft:dripstone_block":3,"minecraft:feather":7,"minecraft:cobblestone":85,"cobblemon:roseate_ball":1,"minecraft:stick":1,"cobblemon:pink_apricorn":14,"minecraft:dirt":5,"minecraft:mutton":2,"minecraft:rabbit":1,"minecraft:wooden_sword":1,"minecraft:pumpkin":36,"minecraft:sand":22,"minecraft:iron_pickaxe":1,"minecraft:string":3,"minecraft:white_wool":7,"minecraft:dandelion":1,"minecraft:smooth_basalt":2,"minecraft:bone":8,"minecraft:stone_axe":1,"minecraft:stone_sword":1,"minecraft:cobbled_deepslate":5,"minecraft:obsidian":1,"minecraft:pointed_dripstone":10,"cobblemon:yellow_apricorn":10,"minecraft:oak_planks":15,"minecraft:stone_slab":1,"minecraft:azure_bluet":1,"minecraft:cooked_mutton":4,"minecraft:rabbit_hide":1,"minecraft:stone":1,"minecraft:shield":1,"minecraft:spider_eye":1,"minecraft:glass":2,"minecraft:beef":2,"minecraft:arrow":6,"minecraft:wooden_pickaxe":1,"minecraft:bow":1,"minecraft:stone_pickaxe":1,"minecraft:black_wool":1,"minecraft:egg":6}},"DataVersion":3465}