{"stats":{"minecraft:mined":{"minecraft:deepslate_redstone_ore":7,"mekanism:osmium_ore":16,"minecraft:deepslate_diamond_ore":2,"cobblemon:moon_stone_ore":2,"mekanism:deepslate_osmium_ore":1,"minecraft:torch":1,"minecraft:crafting_table":3,"minecraft:glow_lichen":2,"minecraft:granite":13,"minecraft:grass_block":4,"mekanism:tin_ore":39,"minecraft:copper_ore":55,"minecraft:deepslate_gold_ore":22,"minecraft:lapis_ore":9,"minecraft:diorite":29,"minecraft:redstone_ore":18,"minecraft:furnace":4,"mekanism:fluorite_ore":4,"minecraft:birch_log":6,"minecraft:iron_ore":75,"minecraft:andesite":3,"minecraft:deepslate_lapis_ore":16,"minecraft:deepslate_iron_ore":32,"mekanism:deepslate_tin_ore":11,"minecraft:grass":1,"minecraft:coal_ore":109,"minecraft:pointed_dripstone":6,"minecraft:oak_log":17,"mekanism:lead_ore":14,"minecraft:dripstone_block":3,"minecraft:dirt":2,"mekanism:deepslate_fluorite_ore":3,"mekanism:deepslate_uranium_ore":1,"cobblemon:sun_stone_ore":1,"minecraft:stone":97,"minecraft:gold_ore":1,"minecraft:oak_leaves":6,"minecraft:deepslate":37},"minecraft:used":{"minecraft:diorite":26,"minecraft:stone_sword":5,"minecraft:stone_pickaxe":365,"minecraft:wooden_pickaxe":26,"minecraft:iron_sword":7,"minecraft:torch":57,"minecraft:dirt":4,"minecraft:crafting_table":6,"minecraft:dripstone_block":1,"minecraft:granite":4,"minecraft:oak_log":1,"minecraft:iron_pickaxe":242,"minecraft:stone_axe":2,"minecraft:wooden_sword":28,"minecraft:cobblestone":47,"minecraft:furnace":4,"minecraft:bucket":1,"minecraft:andesite":3,"minecraft:cobbled_deepslate":8},"minecraft:crafted":{"minecraft:wooden_sword":2,"minecraft:oak_planks":60,"minecraft:crafting_table":3,"minecraft:iron_helmet":1,"minecraft:wooden_pickaxe":1,"minecraft:iron_sword":1,"minecraft:furnace":2,"minecraft:copper_ingot":54,"minecraft:bucket":1,"minecraft:stone_axe":1,"minecraft:air":0,"aether:iron_gloves":1,"minecraft:iron_boots":1,"minecraft:iron_chestplate":1,"minecraft:shield":1,"minecraft:iron_axe":1,"minecraft:stick":52,"minecraft:iron_ingot":107,"minecraft:iron_pickaxe":3,"minecraft:stone_pickaxe":3,"minecraft:stone_sword":1,"minecraft:iron_leggings":1,"minecraft:torch":100},"minecraft:picked_up":{"minecraft:birch_log":6,"minecraft:crafting_table":3,"mekanism:raw_uranium":1,"mekanism:raw_lead":14,"minecraft:andesite":3,"minecraft:oak_log":17,"minecraft:gunpowder":2,"minecraft:lapis_lazuli":157,"minecraft:dirt":6,"minecraft:string":3,"minecraft:raw_copper":181,"minecraft:bone":4,"minecraft:bow":1,"minecraft:cobbled_deepslate":13,"minecraft:raw_gold":23,"minecraft:iron_ingot":1,"cobblemon:moon_stone":2,"minecraft:egg":1,"minecraft:furnace":4,"cobblemon:sun_stone":1,"minecraft:raw_iron":107,"minecraft:cooked_porkchop":3,"minecraft:torch":2,"minecraft:dripstone_block":1,"minecraft:pointed_dripstone":5,"minecraft:diorite":26,"minecraft:redstone":116,"mekanism:raw_tin":50,"mekanism:raw_osmium":17,"minecraft:spider_eye":1,"minecraft:bundle":1,"minecraft:arrow":4,"minecraft:rotten_flesh":8,"minecraft:diamond":2,"mekanism:fluorite_gem":20,"minecraft:granite":13,"minecraft:coal":153,"minecraft:cobblestone":95},"minecraft:custom":{"minecraft:interact_with_furnace":54,"minecraft:mob_kills":10,"minecraft:interact_with_crafting_table":37,"minecraft:leave_game":1,"minecraft:time_since_death":3527,"minecraft:time_since_rest":2405,"minecraft:sprint_one_cm":53300,"minecraft:damage_taken":260,"minecraft:walk_one_cm":307863,"minecraft:drop":16,"minecraft:damage_dealt":1625,"minecraft:deaths":1,"minecraft:swim_one_cm":2802,"minecraft:fly_one_cm":14655,"minecraft:crouch_one_cm":7457,"minecraft:play_time":107537,"tombstone:undead_killed":7,"minecraft:sneak_time":2547,"minecraft:walk_under_water_one_cm":657,"minecraft:jump":554,"minecraft:walk_on_water_one_cm":7257,"minecraft:total_world_time":107537,"minecraft:fall_one_cm":11195},"minecraft:broken":{"minecraft:stone_pickaxe":2},"minecraft:killed_by":{"minecraft:creeper":1},"minecraft:killed":{"minecraft:creeper":1,"minecraft:skeleton":2,"minecraft:zombie":5},"minecraft:dropped":{"minecraft:stone_axe":1,"minecraft:stone_sword":1,"minecraft:cobbled_deepslate":5,"minecraft:pointed_dripstone":5,"minecraft:dirt":2,"minecraft:spider_eye":1,"minecraft:wooden_sword":1,"minecraft:stone_pickaxe":1,"minecraft:bow":1,"minecraft:wooden_pickaxe":1,"minecraft:string":3}},"DataVersion":3465}