{"stats":{"minecraft:mined":{"minecraft:deepslate_redstone_ore":6,"mekanism:osmium_ore":16,"cobblemon:moon_stone_ore":2,"minecraft:crafting_table":3,"minecraft:glow_lichen":2,"minecraft:granite":13,"minecraft:grass_block":4,"mekanism:tin_ore":39,"minecraft:copper_ore":55,"minecraft:deepslate_gold_ore":2,"minecraft:lapis_ore":9,"minecraft:diorite":29,"minecraft:redstone_ore":18,"minecraft:furnace":2,"mekanism:fluorite_ore":4,"minecraft:birch_log":6,"minecraft:iron_ore":75,"minecraft:andesite":3,"mekanism:deepslate_tin_ore":1,"minecraft:grass":1,"minecraft:coal_ore":109,"minecraft:pointed_dripstone":3,"minecraft:oak_log":14,"mekanism:lead_ore":14,"minecraft:dripstone_block":2,"minecraft:dirt":2,"mekanism:deepslate_fluorite_ore":1,"mekanism:deepslate_uranium_ore":1,"cobblemon:sun_stone_ore":1,"minecraft:stone":97,"minecraft:oak_leaves":3,"minecraft:deepslate":12},"minecraft:used":{"minecraft:diorite":26,"minecraft:stone_sword":5,"minecraft:stone_pickaxe":365,"minecraft:wooden_pickaxe":26,"minecraft:iron_sword":7,"minecraft:torch":33,"minecraft:dirt":4,"minecraft:crafting_table":4,"minecraft:dripstone_block":1,"minecraft:granite":4,"minecraft:oak_log":1,"minecraft:iron_pickaxe":125,"minecraft:stone_axe":2,"minecraft:wooden_sword":13,"minecraft:cobblestone":9,"minecraft:furnace":4,"minecraft:bucket":1,"minecraft:andesite":3},"minecraft:crafted":{"minecraft:wooden_sword":1,"minecraft:oak_planks":52,"minecraft:crafting_table":2,"minecraft:iron_helmet":1,"minecraft:wooden_pickaxe":1,"minecraft:iron_sword":1,"minecraft:furnace":2,"minecraft:copper_ingot":54,"minecraft:bucket":1,"minecraft:stone_axe":1,"minecraft:air":0,"minecraft:iron_boots":1,"minecraft:iron_chestplate":1,"minecraft:stick":28,"minecraft:iron_ingot":37,"minecraft:iron_pickaxe":1,"minecraft:stone_pickaxe":3,"minecraft:stone_sword":1,"minecraft:iron_leggings":1,"minecraft:torch":52},"minecraft:picked_up":{"minecraft:birch_log":6,"minecraft:crafting_table":3,"mekanism:raw_uranium":1,"mekanism:raw_lead":14,"minecraft:andesite":3,"minecraft:oak_log":14,"minecraft:gunpowder":2,"minecraft:lapis_lazuli":52,"minecraft:dirt":6,"minecraft:string":2,"minecraft:raw_copper":181,"minecraft:bone":2,"minecraft:bow":1,"minecraft:cobbled_deepslate":4,"minecraft:raw_gold":2,"minecraft:iron_ingot":1,"cobblemon:moon_stone":2,"minecraft:furnace":2,"cobblemon:sun_stone":1,"minecraft:raw_iron":75,"minecraft:torch":1,"minecraft:dripstone_block":1,"minecraft:pointed_dripstone":5,"minecraft:diorite":26,"minecraft:redstone":111,"mekanism:raw_tin":40,"mekanism:raw_osmium":16,"minecraft:spider_eye":1,"minecraft:bundle":1,"minecraft:arrow":2,"minecraft:rotten_flesh":6,"mekanism:fluorite_gem":14,"minecraft:granite":13,"minecraft:coal":153,"minecraft:cobblestone":95},"minecraft:custom":{"minecraft:interact_with_furnace":32,"minecraft:mob_kills":6,"minecraft:interact_with_crafting_table":24,"minecraft:leave_game":1,"minecraft:time_since_death":83537,"minecraft:time_since_rest":83537,"minecraft:sprint_one_cm":28302,"minecraft:damage_taken":183,"minecraft:walk_one_cm":212781,"minecraft:drop":9,"minecraft:damage_dealt":1054,"minecraft:swim_one_cm":2802,"minecraft:fly_one_cm":10779,"minecraft:crouch_one_cm":5674,"minecraft:play_time":83537,"tombstone:undead_killed":4,"minecraft:sneak_time":1701,"minecraft:walk_under_water_one_cm":657,"minecraft:jump":401,"minecraft:walk_on_water_one_cm":5793,"minecraft:total_world_time":83537,"minecraft:fall_one_cm":5664},"minecraft:broken":{"minecraft:stone_pickaxe":2},"minecraft:killed":{"minecraft:creeper":1,"minecraft:skeleton":1,"minecraft:zombie":3},"minecraft:dropped":{"minecraft:cobbled_deepslate":2,"minecraft:pointed_dripstone":5,"minecraft:spider_eye":1,"minecraft:wooden_sword":1,"minecraft:bow":1,"minecraft:wooden_pickaxe":1,"minecraft:string":1}},"DataVersion":3465}