{"stats":{"minecraft:mined":{"mekanism:osmium_ore":1,"minecraft:birch_log":6,"minecraft:andesite":3,"minecraft:glow_lichen":2,"minecraft:crafting_table":2,"minecraft:granite":8,"minecraft:grass":1,"minecraft:grass_block":4,"minecraft:oak_log":13,"minecraft:coal_ore":31,"mekanism:tin_ore":17,"minecraft:copper_ore":24,"minecraft:stone":38,"minecraft:diorite":3,"minecraft:oak_leaves":3},"minecraft:used":{"minecraft:stone_pickaxe":111,"minecraft:wooden_pickaxe":16,"minecraft:torch":3,"minecraft:wooden_sword":10,"minecraft:dirt":4,"minecraft:cobblestone":7,"minecraft:crafting_table":2,"minecraft:andesite":3},"minecraft:crafted":{"minecraft:wooden_sword":1,"minecraft:oak_planks":32,"minecraft:crafting_table":1,"minecraft:stick":12,"minecraft:wooden_pickaxe":1,"minecraft:stone_pickaxe":1,"minecraft:torch":28},"minecraft:picked_up":{"minecraft:birch_log":6,"minecraft:crafting_table":2,"minecraft:andesite":3,"minecraft:oak_log":13,"minecraft:diorite":1,"minecraft:gunpowder":2,"mekanism:raw_osmium":1,"mekanism:raw_tin":17,"minecraft:dirt":4,"minecraft:raw_copper":78,"minecraft:rotten_flesh":2,"minecraft:granite":8,"minecraft:coal":31,"minecraft:cobblestone":38},"minecraft:custom":{"minecraft:time_since_rest":40558,"minecraft:sprint_one_cm":14191,"minecraft:damage_taken":40,"minecraft:walk_one_cm":52820,"minecraft:mob_kills":2,"minecraft:damage_dealt":399,"minecraft:interact_with_crafting_table":5,"minecraft:swim_one_cm":2802,"minecraft:fly_one_cm":8501,"minecraft:crouch_one_cm":3024,"minecraft:play_time":40558,"tombstone:undead_killed":1,"minecraft:sneak_time":753,"minecraft:walk_under_water_one_cm":516,"minecraft:jump":127,"minecraft:time_since_death":40558,"minecraft:walk_on_water_one_cm":1758,"minecraft:total_world_time":40558,"minecraft:fall_one_cm":2603},"minecraft:killed":{"minecraft:zombie":1,"minecraft:creeper":1}},"DataVersion":3465}