{"stats":{"minecraft:mined":{"travelersbackpack:standard":1},"minecraft:used":{"securitycraft:protecto":3,"securitycraft:electrified_iron_fence":2,"ironshulkerbox:iron_shulker_box":1,"securitycraft:trophy_system":1,"minecraft:dirt":246,"ironshulkerbox:obsidian_shulker_box_black":1,"elevatorid:elevator_black":3,"travelersbackpack:standard":9,"securitycraft:dirt_mine":1,"minecraft:grass_block":21,"securitycraft:cage_trap":18,"securitycraft:furnace_mine":1,"securitycraft:universal_block_remover":1,"travelersbackpack:iron_golem":5,"securitycraft:alarm":1,"securitycraft:sentry":5},"minecraft:dropped":{"minecraft:rotten_flesh":1,"securitycraft:briefcase":2,"cobblemon:ancient_origin_ball":1,"travelersbackpack:standard":2},"minecraft:custom":{"minecraft:time_since_rest":51772,"minecraft:play_time":51772,"minecraft:crouch_one_cm":1755,"minecraft:sprint_one_cm":29395,"minecraft:open_shulker_box":2,"minecraft:walk_one_cm":86758,"minecraft:sneak_time":1356,"minecraft:drop":6,"minecraft:jump":110,"minecraft:damage_dealt":50,"minecraft:time_since_death":51772,"minecraft:total_world_time":51772,"minecraft:fly_one_cm":82823},"minecraft:picked_up":{"travelersbackpack:standard":3,"minecraft:rotten_flesh":1,"minecraft:wheat_seeds":3,"securitycraft:trophy_system":1,"minecraft:cobblestone":4,"minecraft:dirt":4,"securitycraft:briefcase":1,"securitycraft:alarm":1,"securitycraft:sentry":5,"minecraft:white_wool":1,"minecraft:egg":2}},"DataVersion":3465}