{"stats":{"minecraft:crafted":{"minecraft:oak_planks":972,"mekanismtools:iron_paxel":1,"globalxp:xp_block":1,"mekanism:ingot_osmium":16,"minecraft:cooked_chicken":3,"minecraft:stone":34,"securitycraft:keypad_item":1,"minecraft:heavy_weighted_pressure_plate":1,"minecraft:cooked_mutton":7,"minecraft:iron_bars":16,"securitycraft:laser_block":1,"minecraft:glass":29,"minecraft:iron_boots":2,"minecraft:melon_seeds":7,"minecraft:chest":11,"cobblemon:azure_ball":28,"minecraft:cooked_rabbit":2,"mekanism:ingot_tin":15,"minecraft:emerald":4,"minecraft:crafting_table":15,"travelersbackpack:standard":1,"cobblemon:verdant_ball":12,"securitycraft:reinforced_stone_button":9,"minecraft:wooden_pickaxe":2,"minecraft:iron_helmet":2,"minecraft:copper_ingot":117,"minecraft:birch_planks":40,"minecraft:pumpkin_seeds":4,"mekanism:ingot_lead":14,"minecraft:iron_chestplate":2,"minecraft:shield":1,"minecraft:stick":148,"minecraft:iron_ingot":144,"minecraft:iron_pickaxe":7,"minecraft:stone_sword":2,"minecraft:gold_ingot":41,"securitycraft:universal_block_reinforcer_lvl1":1,"minecraft:wooden_sword":3,"minecraft:furnace":7,"minecraft:glass_pane":16,"travelersbackpack:white_sleeping_bag":2,"minecraft:iron_axe":4,"minecraft:iron_hoe":1,"minecraft:stone_pickaxe":8,"minecraft:redstone_block":7,"cobblemon:roasted_leek":362,"travelersbackpack:backpack_tank":2,"minecraft:iron_sword":3,"minecraft:bucket":3,"cobblemon:roseate_ball":20,"minecraft:stone_axe":1,"minecraft:acacia_boat":1,"minecraft:air":0,"minecraft:jungle_planks":208,"aether:iron_gloves":2,"minecraft:blue_dye":1,"minecraft:oak_boat":1,"minecraft:white_wool":1,"minecraft:white_dye":1,"minecraft:iron_shovel":12,"minecraft:iron_leggings":2,"minecraft:white_bed":1,"minecraft:acacia_planks":80,"minecraft:torch":424,"minecraft:clay":480},"minecraft:broken":{"aether:golden_gloves":1,"minecraft:iron_shovel":11,"minecraft:iron_boots":1,"minecraft:iron_chestplate":1,"minecraft:iron_leggings":1,"minecraft:stone_pickaxe":6,"minecraft:wooden_sword":1,"minecraft:iron_sword":2,"minecraft:iron_hoe":1,"minecraft:wooden_pickaxe":1,"minecraft:iron_axe":3,"minecraft:iron_pickaxe":3,"minecraft:iron_helmet":1},"minecraft:killed_by":{"cobblemon:pokemon":1,"minecraft:creeper":1,"minecraft:zombie":1,"minecraft:skeleton":1},"minecraft:picked_up":{"minecraft:wheat":81,"mekanism:raw_uranium":1,"minecraft:stone_slab":1,"minecraft:enchanted_book":1,"minecraft:string":13,"minecraft:raw_copper":193,"minecraft:cobbled_deepslate":120,"cobblemon:white_apricorn_seed":1,"cobblemon:oran_berry":24,"cobblemon:big_root":1,"minecraft:melon_slice":46,"minecraft:furnace":6,"minecraft:stick":70,"minecraft:big_dripleaf":3,"minecraft:torch":95,"minecraft:acacia_log":20,"minecraft:porkchop":2,"minecraft:pointed_dripstone":10,"tombstone:grave_dust":14,"minecraft:diorite":68,"mekanism:raw_tin":65,"minecraft:stone_sword":1,"minecraft:rotten_flesh":83,"minecraft:tropical_fish":2,"minecraft:obsidian":1,"minecraft:cobblestone":893,"minecraft:birch_log":10,"minecraft:feather":20,"minecraft:cooked_beef":14,"minecraft:andesite":57,"minecraft:water_bucket":1,"minecraft:jungle_log":116,"cobblemon:roseate_ball":3,"minecraft:flint":3,"minecraft:tuff":7,"minecraft:acacia_boat":1,"minecraft:lapis_lazuli":329,"minecraft:dirt":2301,"minecraft:bone":46,"minecraft:glass":2,"minecraft:acacia_planks":11,"minecraft:bow":3,"minecraft:wheat_seeds":512,"minecraft:raw_gold":23,"minecraft:rabbit":3,"minecraft:bamboo":1,"cobblemon:moon_stone":2,"minecraft:oak_planks":24,"cobblemon:sun_stone":1,"minecraft:cooked_porkchop":24,"cobblemon:pecha_berry":25,"minecraft:sand":177,"cobblemon:persim_berry":29,"securitycraft:reinforced_stone":9,"travelersbackpack:white_sleeping_bag":1,"minecraft:bundle":3,"minecraft:sugar":1,"minecraft:diamond":2,"minecraft:granite":46,"cobblemon:medicinal_leek":937,"minecraft:oak_sapling":112,"minecraft:cocoa_beans":12,"minecraft:crafting_table":11,"minecraft:azure_bluet":1,"minecraft:chicken":7,"minecraft:clay_ball":1920,"cobblemon:yellow_apricorn":20,"minecraft:gold_block":2,"minecraft:shield":1,"cobblemon:white_apricorn":21,"cobblemon:green_apricorn":16,"minecraft:beef":3,"minecraft:jungle_sapling":5,"minecraft:poppy":14,"minecraft:sugar_cane":245,"minecraft:chest":1,"minecraft:phantom_membrane":7,"minecraft:egg":30,"minecraft:raw_iron":196,"minecraft:carrot":61,"minecraft:redstone":119,"minecraft:arrow":52,"minecraft:hay_block":34,"tombstone:essence_of_undeath":2,"minecraft:glow_berries":2,"minecraft:mutton":9,"cobblemon:blue_apricorn":42,"minecraft:white_wool":18,"mekanism:raw_lead":25,"minecraft:leather":21,"minecraft:birch_planks":1,"minecraft:oak_log":259,"minecraft:gunpowder":4,"tombstone:gift":1,"cobblemon:pink_apricorn_seed":2,"minecraft:cooked_mutton":14,"mekanism:salt":120,"minecraft:apple":9,"minecraft:rabbit_hide":1,"minecraft:iron_ingot":1,"minecraft:stone_pickaxe":1,"minecraft:cooked_chicken":7,"minecraft:smooth_basalt":2,"minecraft:pumpkin":46,"minecraft:dandelion":5,"minecraft:dripstone_block":8,"cobblemon:blue_apricorn_seed":13,"minecraft:gravel":56,"cobblemon:yellow_apricorn_seed":2,"cobblemon:pink_apricorn":35,"mekanism:raw_osmium":23,"minecraft:spider_eye":5,"travelersbackpack:fox":1,"minecraft:slime_ball":11,"mekanism:fluorite_gem":20,"tombstone:magic_scroll":1,"minecraft:black_wool":2,"minecraft:melon_seeds":2,"minecraft:coal":443,"minecraft:ender_pearl":2},"minecraft:custom":{"minecraft:interact_with_crafting_table":148,"minecraft:leave_game":2,"minecraft:time_since_death":228119,"minecraft:sprint_one_cm":1676368,"minecraft:damage_blocked_by_shield":80,"minecraft:drop":145,"minecraft:talked_to_villager":16,"minecraft:play_time":773636,"minecraft:deaths":4,"minecraft:jump":6414,"minecraft:walk_on_water_one_cm":189509,"minecraft:interact_with_furnace":184,"minecraft:traded_with_villager":4,"minecraft:interact_with_cartography_table":1,"minecraft:sleep_in_bed":7,"minecraft:damage_dealt":33092,"minecraft:crouch_one_cm":54474,"tombstone:undead_killed":90,"minecraft:horse_one_cm":3693245,"minecraft:mob_kills":207,"minecraft:climb_one_cm":12356,"minecraft:walk_one_cm":2783929,"minecraft:sneak_time":18692,"minecraft:walk_under_water_one_cm":44641,"minecraft:boat_one_cm":739765,"minecraft:total_world_time":773636,"tombstone:raider_killed":13,"minecraft:time_since_rest":41538,"minecraft:damage_taken":7888,"minecraft:swim_one_cm":80237,"minecraft:fly_one_cm":586582,"minecraft:open_chest":277,"minecraft:fall_one_cm":88202},"minecraft:dropped":{"minecraft:birch_planks":2,"minecraft:lapis_lazuli":96,"minecraft:oak_log":1,"cobblemon:persim_berry":3,"minecraft:jungle_planks":1,"minecraft:dirt":12,"minecraft:grass":4,"minecraft:mutton":2,"cobblemon:green_apricorn":1,"minecraft:wooden_sword":2,"minecraft:phantom_membrane":2,"minecraft:sand":27,"minecraft:iron_pickaxe":1,"cobblemon:blue_apricorn_seed":6,"minecraft:white_wool":10,"minecraft:bone":8,"minecraft:stone_axe":1,"minecraft:sugar_cane":43,"minecraft:cobbled_deepslate":5,"minecraft:obsidian":1,"minecraft:pointed_dripstone":10,"minecraft:rotten_flesh":1,"minecraft:oak_planks":15,"minecraft:cooked_mutton":7,"minecraft:azure_bluet":1,"minecraft:poppy":1,"minecraft:rabbit_hide":1,"minecraft:melon_seeds":1,"minecraft:arrow":7,"minecraft:glass":2,"minecraft:beef":2,"minecraft:egg":11,"minecraft:water_bucket":1,"minecraft:wheat_seeds":48,"minecraft:dripstone_block":3,"minecraft:feather":9,"minecraft:cobblestone":106,"minecraft:apple":1,"cobblemon:roseate_ball":1,"minecraft:stick":3,"cobblemon:pink_apricorn":14,"minecraft:diorite":2,"minecraft:torch":1,"minecraft:rabbit":1,"tombstone:grave_dust":5,"minecraft:pumpkin":36,"mekanism:salt":28,"minecraft:string":8,"minecraft:acacia_planks":3,"minecraft:dandelion":1,"minecraft:smooth_basalt":2,"minecraft:stone_sword":1,"minecraft:tall_grass":1,"cobblemon:yellow_apricorn":10,"minecraft:stone_slab":1,"minecraft:pumpkin_seeds":4,"minecraft:stone":1,"minecraft:shield":1,"aether:iron_gloves":1,"minecraft:bundle":1,"minecraft:andesite":2,"minecraft:oak_sapling":1,"minecraft:spider_eye":3,"tombstone:essence_of_undeath":2,"minecraft:stone_pickaxe":1,"minecraft:bow":2,"minecraft:wooden_pickaxe":1,"minecraft:black_wool":1},"minecraft:killed":{"minecraft:witch":1,"minecraft:spider":11,"creeperoverhaul:dripstone_creeper":1,"minecraft:skeleton":27,"minecraft:chicken":1,"creeperoverhaul:jungle_creeper":2,"minecraft:pig":1,"minecraft:zombie_villager":1,"minecraft:creeper":1,"minecraft:sheep":5,"minecraft:zombie":50,"minecraft:cow":3,"minecraft:slime":3,"minecraft:phantom":12,"minecraft:horse":10,"cobblemon:pokemon":26,"minecraft:rabbit":2,"minecraft:enderman":3},"minecraft:used":{"minecraft:iron_shovel":2847,"minecraft:poppy":13,"minecraft:chest":11,"minecraft:shield":2,"minecraft:stone":10,"minecraft:iron_sword":544,"securitycraft:keypad_item":1,"minecraft:carrot":41,"minecraft:acacia_sapling":9,"minecraft:jungle_sapling":5,"minecraft:lava_bucket":1,"minecraft:oak_sapling":67,"minecraft:furnace":13,"minecraft:egg":16,"minecraft:diorite":39,"minecraft:stone_pickaxe":921,"minecraft:oak_planks":32,"minecraft:wooden_pickaxe":85,"minecraft:sugar_cane":50,"cobblemon:roasted_leek":73,"minecraft:sand":81,"minecraft:dripstone_block":1,"minecraft:melon_slice":35,"mekanismtools:iron_paxel":106,"minecraft:gravel":51,"minecraft:wooden_sword":82,"globalxp:xp_block":1,"cobblemon:medicinal_leek":152,"minecraft:cooked_rabbit":2,"minecraft:andesite":6,"minecraft:oak_boat":1,"minecraft:stone_sword":12,"minecraft:cooked_chicken":8,"minecraft:torch":420,"minecraft:dirt":2236,"minecraft:granite":4,"minecraft:iron_hoe":250,"minecraft:iron_axe":707,"cobblemon:pink_apricorn_seed":2,"minecraft:iron_boots":1,"minecraft:melon_seeds":8,"minecraft:bamboo":1,"minecraft:beef":1,"tombstone:gift":7,"minecraft:cooked_beef":14,"minecraft:cobbled_deepslate":14,"minecraft:acacia_planks":20,"travelersbackpack:fox":1,"minecraft:wheat_seeds":155,"minecraft:cooked_mutton":14,"minecraft:acacia_boat":2,"minecraft:water_bucket":23,"minecraft:birch_planks":15,"minecraft:bundle":2,"minecraft:crafting_table":26,"minecraft:white_bed":1,"cobblemon:white_apricorn_seed":1,"minecraft:oak_log":1,"minecraft:chicken":1,"minecraft:iron_pickaxe":901,"travelersbackpack:white_sleeping_bag":2,"minecraft:stone_axe":2,"minecraft:cobblestone":355,"travelersbackpack:standard":2,"minecraft:porkchop":2,"minecraft:cooked_porkchop":19,"minecraft:bucket":28,"minecraft:dandelion":4,"cobblemon:blue_apricorn_seed":7},"minecraft:mined":{"minecraft:oak_sapling":3,"minecraft:jungle_leaves":5,"minecraft:cave_vines_plant":1,"minecraft:granite":25,"minecraft:acacia_log":20,"minecraft:grass_block":1762,"minecraft:jungle_log":116,"minecraft:tall_seagrass":1,"minecraft:iron_ore":141,"minecraft:fire":1,"minecraft:pumpkin":10,"minecraft:deepslate_lapis_ore":24,"cobblemon:medicinal_leek":389,"minecraft:pointed_dripstone":8,"minecraft:cave_vines":4,"minecraft:dirt_path":3,"minecraft:deepslate_redstone_ore":7,"mekanism:osmium_ore":22,"minecraft:clay":483,"mekanism:block_salt":23,"minecraft:torch":32,"minecraft:calcite":8,"minecraft:poppy":12,"minecraft:melon":9,"minecraft:chest":1,"mekanism:tin_ore":54,"minecraft:cobblestone":34,"minecraft:sugar_cane":104,"minecraft:oak_planks":24,"minecraft:wall_torch":10,"minecraft:amethyst_block":3,"minecraft:seagrass":4,"mekanism:fluorite_ore":4,"minecraft:birch_log":7,"minecraft:wheat":87,"minecraft:grass":1896,"mekanism:deepslate_tin_ore":11,"minecraft:oak_log":253,"mekanism:lead_ore":25,"minecraft:sand":152,"minecraft:dirt":434,"minecraft:smooth_basalt":8,"minecraft:oak_leaves":683,"minecraft:deepslate":99,"minecraft:dark_oak_leaves":5,"minecraft:deepslate_diamond_ore":2,"cobblemon:moon_stone_ore":2,"mekanism:deepslate_osmium_ore":1,"minecraft:glow_lichen":3,"travelersbackpack:white_sleeping_bag":1,"minecraft:hay_block":34,"minecraft:redstone_ore":18,"minecraft:furnace":6,"minecraft:carrots":17,"minecraft:andesite":38,"minecraft:gold_block":2,"minecraft:deepslate_iron_ore":55,"minecraft:vine":170,"minecraft:bamboo":5,"minecraft:stone":714,"minecraft:podzol":1,"minecraft:acacia_leaves":3,"minecraft:dandelion":7,"minecraft:crafting_table":11,"minecraft:rose_bush":1,"minecraft:stone_slab":1,"minecraft:tall_grass":4,"minecraft:copper_ore":59,"minecraft:lapis_ore":13,"minecraft:deepslate_gold_ore":22,"minecraft:diorite":74,"minecraft:big_dripleaf":2,"minecraft:birch_leaves":12,"minecraft:coal_ore":400,"minecraft:cocoa":4,"minecraft:dripstone_block":8,"minecraft:gravel":76,"mekanism:deepslate_fluorite_ore":3,"mekanism:deepslate_uranium_ore":1,"minecraft:acacia_planks":4,"cobblemon:blue_apricorn_sapling":2,"cobblemon:sun_stone_ore":1,"minecraft:gold_ore":1,"minecraft:fern":631,"cobblemon:pink_apricorn_sapling":1}},"DataVersion":3465}