{"stats":{"minecraft:used":{"ironshulkerbox:iron_shulker_box":1,"travelersbackpack:iron_golem":5,"elevatorid:elevator_black":3,"ironshulkerbox:obsidian_shulker_box_black":1,"travelersbackpack:standard":2,"minecraft:grass_block":11},"minecraft:dropped":{"minecraft:rotten_flesh":1},"minecraft:custom":{"minecraft:jump":43,"minecraft:time_since_rest":27772,"minecraft:damage_dealt":20,"minecraft:crouch_one_cm":346,"minecraft:open_shulker_box":2,"minecraft:sprint_one_cm":5568,"minecraft:play_time":27772,"minecraft:time_since_death":27772,"minecraft:walk_one_cm":23819,"minecraft:sneak_time":722,"minecraft:total_world_time":27772,"minecraft:drop":1,"minecraft:fly_one_cm":56862},"minecraft:picked_up":{"minecraft:rotten_flesh":1,"minecraft:egg":2}},"DataVersion":3465}