{"stats":{"minecraft:mined":{"minecraft:deepslate_redstone_ore":7,"mekanism:osmium_ore":16,"minecraft:deepslate_diamond_ore":2,"cobblemon:moon_stone_ore":2,"mekanism:deepslate_osmium_ore":1,"minecraft:torch":1,"minecraft:crafting_table":4,"minecraft:glow_lichen":2,"minecraft:granite":25,"minecraft:grass_block":4,"mekanism:tin_ore":42,"minecraft:copper_ore":55,"minecraft:deepslate_gold_ore":22,"minecraft:lapis_ore":9,"minecraft:diorite":30,"minecraft:redstone_ore":18,"minecraft:furnace":4,"mekanism:fluorite_ore":4,"minecraft:birch_log":6,"minecraft:iron_ore":75,"minecraft:andesite":22,"minecraft:deepslate_lapis_ore":16,"minecraft:deepslate_iron_ore":32,"mekanism:deepslate_tin_ore":11,"minecraft:grass":7,"minecraft:coal_ore":111,"minecraft:pointed_dripstone":6,"minecraft:oak_log":22,"mekanism:lead_ore":14,"minecraft:dripstone_block":5,"minecraft:dirt":2,"mekanism:deepslate_fluorite_ore":3,"mekanism:deepslate_uranium_ore":1,"cobblemon:sun_stone_ore":1,"minecraft:stone":218,"minecraft:gold_ore":1,"minecraft:oak_leaves":7,"minecraft:deepslate":86},"minecraft:used":{"minecraft:diorite":26,"minecraft:stone_sword":12,"minecraft:stone_pickaxe":528,"minecraft:wooden_pickaxe":85,"minecraft:iron_sword":7,"minecraft:torch":64,"minecraft:dirt":4,"minecraft:crafting_table":9,"minecraft:dripstone_block":1,"minecraft:granite":4,"minecraft:oak_log":1,"minecraft:iron_pickaxe":242,"minecraft:stone_axe":2,"minecraft:wooden_sword":71,"minecraft:cobblestone":64,"minecraft:furnace":4,"minecraft:cooked_porkchop":1,"minecraft:bucket":1,"minecraft:andesite":3,"tombstone:gift":2,"minecraft:egg":5,"minecraft:cobbled_deepslate":8},"minecraft:crafted":{"minecraft:wooden_sword":2,"minecraft:oak_planks":80,"minecraft:crafting_table":5,"minecraft:iron_helmet":1,"minecraft:wooden_pickaxe":2,"minecraft:iron_sword":1,"minecraft:furnace":2,"minecraft:copper_ingot":54,"minecraft:bucket":1,"minecraft:stone_axe":1,"minecraft:air":0,"aether:iron_gloves":1,"minecraft:iron_boots":1,"minecraft:iron_chestplate":1,"minecraft:shield":1,"minecraft:iron_axe":1,"minecraft:stick":60,"minecraft:iron_ingot":107,"minecraft:iron_pickaxe":3,"minecraft:stone_pickaxe":5,"minecraft:stone_sword":2,"minecraft:iron_leggings":1,"minecraft:torch":108},"minecraft:picked_up":{"minecraft:birch_log":8,"minecraft:crafting_table":4,"minecraft:chicken":1,"minecraft:feather":4,"mekanism:raw_uranium":1,"mekanism:raw_lead":14,"minecraft:andesite":22,"minecraft:oak_log":24,"minecraft:gunpowder":2,"minecraft:lapis_lazuli":157,"minecraft:dirt":40,"minecraft:string":3,"minecraft:raw_copper":181,"cobblemon:white_apricorn":7,"minecraft:bone":6,"minecraft:bow":1,"minecraft:wheat_seeds":1,"minecraft:cobbled_deepslate":61,"minecraft:raw_gold":23,"minecraft:iron_ingot":1,"minecraft:cooked_chicken":1,"cobblemon:moon_stone":2,"minecraft:egg":5,"minecraft:furnace":4,"cobblemon:sun_stone":1,"minecraft:stick":1,"minecraft:raw_iron":107,"minecraft:cooked_porkchop":3,"minecraft:torch":2,"minecraft:dripstone_block":3,"minecraft:pointed_dripstone":5,"minecraft:diorite":27,"minecraft:redstone":116,"mekanism:raw_tin":53,"mekanism:raw_osmium":17,"minecraft:spider_eye":1,"minecraft:bundle":1,"minecraft:arrow":5,"minecraft:rotten_flesh":16,"minecraft:diamond":2,"mekanism:fluorite_gem":20,"minecraft:granite":25,"minecraft:coal":155,"minecraft:cobblestone":220},"minecraft:custom":{"minecraft:interact_with_furnace":54,"minecraft:mob_kills":21,"minecraft:interact_with_crafting_table":43,"minecraft:leave_game":1,"minecraft:time_since_death":1339,"minecraft:time_since_rest":1,"minecraft:sprint_one_cm":140514,"minecraft:damage_taken":760,"minecraft:walk_one_cm":408815,"minecraft:drop":16,"minecraft:damage_dealt":3628,"minecraft:deaths":3,"minecraft:swim_one_cm":2802,"minecraft:fly_one_cm":30053,"minecraft:crouch_one_cm":8771,"minecraft:play_time":131537,"tombstone:undead_killed":16,"minecraft:sneak_time":2904,"minecraft:walk_under_water_one_cm":657,"minecraft:jump":830,"minecraft:walk_on_water_one_cm":7257,"minecraft:total_world_time":131537,"minecraft:fall_one_cm":13453},"minecraft:broken":{"minecraft:stone_pickaxe":3,"minecraft:wooden_sword":1,"minecraft:wooden_pickaxe":1},"minecraft:killed_by":{"minecraft:skeleton":1,"minecraft:creeper":1,"minecraft:zombie":1},"minecraft:killed":{"minecraft:creeper":1,"minecraft:skeleton":3,"minecraft:zombie":13,"minecraft:chicken":1},"minecraft:dropped":{"minecraft:stone_axe":1,"minecraft:stone_sword":1,"minecraft:cobbled_deepslate":5,"minecraft:pointed_dripstone":5,"minecraft:dirt":2,"minecraft:spider_eye":1,"minecraft:wooden_sword":1,"minecraft:stone_pickaxe":1,"minecraft:bow":1,"minecraft:wooden_pickaxe":1,"minecraft:string":3}},"DataVersion":3465}