{"stats":{"minecraft:used":{"minecraft:flint_and_steel":12,"minecraft:wooden_pickaxe":15,"minecraft:iron_sword":48,"minecraft:dirt":18,"minecraft:crafting_table":1,"minecraft:crossbow":5,"cobblemon:healing_machine":9,"minecraft:wooden_axe":5,"minecraft:iron_axe":6,"minecraft:wooden_sword":22,"minecraft:cobblestone":8,"minecraft:pumpkin_pie":1,"minecraft:cooked_beef":9},"minecraft:picked_up":{"minecraft:wooden_axe":1,"minecraft:iron_chestplate":3,"minecraft:wheat":15,"minecraft:cooked_beef":185,"minecraft:chicken":1,"minecraft:leather":10,"minecraft:wooden_pickaxe":2,"minecraft:potato":3,"minecraft:oak_log":6,"minecraft:shield":3,"minecraft:gunpowder":6,"minecraft:dirt":107,"minecraft:elytra":1,"minecraft:iron_axe":1,"minecraft:wooden_sword":2,"minecraft:flint_and_steel":1,"minecraft:iron_leggings":3,"minecraft:bone":7,"minecraft:apple":3,"minecraft:wheat_seeds":39,"minecraft:beef":6,"minecraft:iron_ingot":15,"minecraft:iron_nugget":8,"minecraft:iron_pickaxe":3,"minecraft:enchanted_golden_apple":64,"minecraft:iron_sword":1,"minecraft:iron_boots":3,"minecraft:blue_wool":3,"cobblemon:ability_capsule":65,"minecraft:stick":6,"cobblemon:pc":65,"minecraft:pumpkin":6,"minecraft:sweet_berries":20,"minecraft:torch":1,"minecraft:porkchop":6,"minecraft:sand":9,"minecraft:spruce_sapling":2,"cobblemon:vivichoke_seeds":4,"minecraft:spruce_log":6,"minecraft:spider_eye":2,"minecraft:iron_horse_armor":2,"cobblemon:healing_machine":56,"minecraft:arrow":65,"minecraft:pumpkin_seeds":10,"minecraft:rotten_flesh":6,"cobblemon:poke_ball":2,"minecraft:pumpkin_pie":2,"minecraft:iron_helmet":3,"minecraft:crossbow":2,"minecraft:saddle":3,"minecraft:bread":8,"minecraft:totem_of_undying":2,"minecraft:baked_potato":1,"minecraft:cobblestone":24},"minecraft:dropped":{"minecraft:bread":4,"minecraft:sweet_berries":6,"minecraft:cooked_beef":1,"minecraft:iron_nugget":4,"minecraft:baked_potato":1,"cobblemon:ability_capsule":1,"minecraft:rotten_flesh":4,"cobblemon:potion":1,"minecraft:leather":5,"minecraft:iron_horse_armor":1,"minecraft:pumpkin_seeds":5,"cobblemon:vivichoke_seeds":2,"minecraft:stick":3,"minecraft:dirt":6,"minecraft:potato":1,"minecraft:gunpowder":2,"minecraft:spider_eye":1,"minecraft:wooden_sword":1,"minecraft:spruce_log":3,"minecraft:sand":3,"minecraft:wooden_pickaxe":1},"minecraft:mined":{"minecraft:torch":1,"minecraft:grass_block":6,"minecraft:spruce_leaves":6,"minecraft:large_fern":2,"minecraft:fire":2,"minecraft:wheat":5,"minecraft:sweet_berry_bush":2,"minecraft:pumpkin":2,"minecraft:potatoes":1,"minecraft:oak_log":4,"minecraft:dirt":10,"minecraft:stone":8,"minecraft:oak_leaves":2,"minecraft:fern":2},"minecraft:killed_by":{"cobblemon:pokemon":1},"minecraft:killed":{"minecraft:pig":3,"cobblemon:pokemon":1,"minecraft:spider":1,"minecraft:creeper":1,"minecraft:zombie":4,"minecraft:cow":3},"minecraft:crafted":{"minecraft:wooden_sword":1,"minecraft:oak_planks":16,"minecraft:crafting_table":1,"minecraft:wooden_pickaxe":1,"minecraft:stick":8,"minecraft:wooden_axe":1},"minecraft:custom":{"minecraft:mob_kills":15,"minecraft:interact_with_crafting_table":5,"minecraft:interact_with_campfire":1,"minecraft:time_since_death":6416,"minecraft:time_since_rest":6526,"minecraft:sprint_one_cm":190902,"minecraft:walk_one_cm":115171,"minecraft:damage_taken":1026,"minecraft:drop":28,"minecraft:damage_dealt":3072,"minecraft:swim_one_cm":8746,"minecraft:fly_one_cm":71428,"minecraft:player_kills":1,"minecraft:open_chest":3,"minecraft:crouch_one_cm":2215,"minecraft:play_time":76408,"minecraft:deaths":3,"minecraft:sneak_time":435,"minecraft:walk_under_water_one_cm":1364,"minecraft:jump":311,"minecraft:walk_on_water_one_cm":5396,"minecraft:interact_with_smoker":1,"minecraft:total_world_time":76408,"minecraft:fall_one_cm":4324}},"DataVersion":3465}