{"stats":{"minecraft:mined":{"mekanism:osmium_ore":1,"minecraft:birch_log":6,"minecraft:andesite":3,"minecraft:glow_lichen":2,"minecraft:crafting_table":2,"minecraft:granite":8,"minecraft:grass":1,"minecraft:grass_block":4,"minecraft:oak_log":14,"minecraft:coal_ore":71,"mekanism:tin_ore":17,"minecraft:dirt":2,"minecraft:copper_ore":29,"minecraft:stone":41,"minecraft:diorite":23,"minecraft:oak_leaves":3},"minecraft:used":{"minecraft:oak_log":1,"minecraft:stone_pickaxe":170,"minecraft:wooden_pickaxe":26,"minecraft:stone_axe":1,"minecraft:torch":8,"minecraft:wooden_sword":13,"minecraft:dirt":4,"minecraft:cobblestone":7,"minecraft:crafting_table":3,"minecraft:andesite":3,"minecraft:granite":2},"minecraft:crafted":{"minecraft:wooden_sword":1,"minecraft:oak_planks":32,"minecraft:crafting_table":1,"minecraft:stick":28,"minecraft:wooden_pickaxe":1,"minecraft:stone_pickaxe":3,"minecraft:stone_sword":1,"minecraft:torch":28,"minecraft:stone_axe":1},"minecraft:picked_up":{"minecraft:birch_log":6,"minecraft:crafting_table":2,"minecraft:andesite":3,"minecraft:oak_log":14,"minecraft:diorite":22,"minecraft:gunpowder":2,"mekanism:raw_osmium":1,"mekanism:raw_tin":17,"minecraft:dirt":6,"minecraft:raw_copper":91,"minecraft:rotten_flesh":2,"minecraft:granite":8,"minecraft:coal":71,"minecraft:cobblestone":41},"minecraft:custom":{"minecraft:time_since_rest":46570,"minecraft:sprint_one_cm":16825,"minecraft:damage_taken":40,"minecraft:walk_one_cm":67004,"minecraft:mob_kills":2,"minecraft:drop":2,"minecraft:damage_dealt":519,"minecraft:interact_with_crafting_table":7,"minecraft:swim_one_cm":2802,"minecraft:fly_one_cm":8720,"minecraft:crouch_one_cm":3580,"minecraft:play_time":46570,"tombstone:undead_killed":1,"minecraft:sneak_time":863,"minecraft:walk_under_water_one_cm":516,"minecraft:jump":155,"minecraft:leave_game":1,"minecraft:time_since_death":46570,"minecraft:walk_on_water_one_cm":1758,"minecraft:total_world_time":46570,"minecraft:fall_one_cm":2603},"minecraft:broken":{"minecraft:stone_pickaxe":1},"minecraft:dropped":{"minecraft:wooden_sword":1,"minecraft:wooden_pickaxe":1},"minecraft:killed":{"minecraft:zombie":1,"minecraft:creeper":1}},"DataVersion":3465}