{"stats":{"minecraft:used":{"minecraft:flint_and_steel":12,"minecraft:iron_sword":100,"minecraft:torch":1,"minecraft:dirt":26,"minecraft:wooden_axe":5,"minecraft:iron_axe":10,"cobblemon:pc":1,"minecraft:furnace":1,"minecraft:cooked_beef":12,"minecraft:enchanted_golden_apple":3,"minecraft:wooden_pickaxe":15,"minecraft:crafting_table":3,"minecraft:crossbow":6,"cobblemon:healing_machine":9,"minecraft:iron_pickaxe":95,"minecraft:wooden_sword":22,"minecraft:cobblestone":13,"minecraft:pumpkin_pie":1},"minecraft:picked_up":{"minecraft:wooden_axe":1,"minecraft:iron_chestplate":3,"minecraft:crafting_table":1,"minecraft:wheat":15,"minecraft:chicken":2,"cobblemon:yellow_apricorn":1,"minecraft:wooden_pickaxe":2,"cobblemon:charti_berry":6,"minecraft:gold_block":2,"minecraft:shield":3,"minecraft:elytra":1,"minecraft:raw_copper":130,"minecraft:iron_axe":1,"minecraft:wooden_sword":2,"minecraft:flint_and_steel":1,"minecraft:iron_leggings":3,"cobblemon:white_apricorn":7,"cobblemon:green_apricorn":2,"minecraft:beef":6,"minecraft:iron_nugget":8,"minecraft:iron_pickaxe":3,"minecraft:enchanted_golden_apple":64,"minecraft:iron_boots":3,"minecraft:furnace":2,"minecraft:blue_wool":3,"minecraft:stick":6,"cobblemon:pc":66,"minecraft:torch":1,"minecraft:porkchop":6,"cobblemon:vivichoke_seeds":4,"minecraft:iron_horse_armor":2,"cobblemon:dawn_stone":1,"minecraft:arrow":66,"minecraft:rotten_flesh":9,"minecraft:pumpkin_pie":2,"minecraft:saddle":3,"minecraft:totem_of_undying":2,"minecraft:mutton":16,"minecraft:white_wool":8,"minecraft:cobblestone":37,"minecraft:cooked_beef":237,"minecraft:leather":10,"minecraft:brown_wool":1,"minecraft:potato":3,"minecraft:oak_log":6,"minecraft:gunpowder":7,"minecraft:dirt":166,"cobblemon:pink_apricorn_seed":1,"minecraft:bone":8,"minecraft:apple":3,"minecraft:wheat_seeds":39,"minecraft:iron_ingot":15,"minecraft:bamboo":2,"minecraft:iron_sword":1,"cobblemon:ability_capsule":65,"minecraft:pumpkin":6,"minecraft:sweet_berries":20,"minecraft:gravel":4,"minecraft:sand":9,"cobblemon:persim_berry":1,"minecraft:spruce_sapling":2,"cobblemon:pink_apricorn":8,"minecraft:spruce_log":8,"minecraft:spider_eye":2,"cobblemon:healing_machine":56,"minecraft:pumpkin_seeds":10,"cobblemon:poke_ball":2,"minecraft:iron_helmet":3,"minecraft:crossbow":2,"minecraft:granite":3,"minecraft:gray_wool":1,"minecraft:bread":8,"minecraft:baked_potato":1,"minecraft:coal":30},"minecraft:dropped":{"minecraft:iron_ingot":5,"minecraft:bread":4,"minecraft:cooked_beef":53,"minecraft:baked_potato":1,"cobblemon:potion":1,"minecraft:leather":5,"minecraft:granite":3,"minecraft:iron_horse_armor":1,"cobblemon:vivichoke_seeds":2,"minecraft:stick":3,"minecraft:dirt":40,"minecraft:gray_wool":1,"minecraft:mutton":8,"minecraft:brown_wool":1,"minecraft:gold_nugget":1,"minecraft:wooden_sword":1,"minecraft:sand":3,"minecraft:gravel":4,"minecraft:sweet_berries":6,"minecraft:iron_nugget":4,"minecraft:raw_copper":1,"cobblemon:ability_capsule":1,"minecraft:chicken":1,"minecraft:rotten_flesh":4,"minecraft:pumpkin_seeds":5,"minecraft:potato":1,"minecraft:gunpowder":3,"cobblemon:pc":1,"minecraft:spider_eye":1,"minecraft:spruce_log":3,"minecraft:wooden_pickaxe":1,"minecraft:beef":3},"minecraft:mined":{"cobblemon:dawn_stone_ore":1,"minecraft:granite":3,"minecraft:grass_block":7,"minecraft:spruce_leaves":22,"minecraft:large_fern":4,"minecraft:furnace":2,"minecraft:fire":2,"minecraft:pumpkin":2,"minecraft:gold_block":2,"minecraft:potatoes":1,"minecraft:stone":25,"minecraft:podzol":8,"minecraft:crafting_table":1,"minecraft:torch":1,"minecraft:copper_ore":35,"minecraft:sweet_berry_bush":2,"minecraft:wheat":5,"minecraft:spruce_log":3,"minecraft:oak_log":4,"minecraft:coal_ore":30,"minecraft:gravel":4,"minecraft:dirt":29,"minecraft:oak_leaves":8,"minecraft:fern":2},"minecraft:killed_by":{"cobblemon:pokemon":1},"minecraft:killed":{"minecraft:spider":1,"minecraft:skeleton":2,"minecraft:chicken":1,"minecraft:pig":3,"cobblemon:pokemon":1,"minecraft:creeper":2,"minecraft:sheep":3,"minecraft:zombie":6,"minecraft:cow":3},"minecraft:crafted":{"minecraft:wooden_sword":1,"minecraft:oak_planks":16,"minecraft:furnace":1,"cobblemon:premier_ball":4,"minecraft:crafting_table":2,"minecraft:spruce_planks":8,"minecraft:wooden_pickaxe":1,"minecraft:copper_ingot":52,"minecraft:air":0,"minecraft:stick":8,"minecraft:wooden_axe":1,"minecraft:gold_ingot":19},"minecraft:custom":{"minecraft:mob_kills":24,"minecraft:interact_with_crafting_table":10,"minecraft:interact_with_campfire":1,"minecraft:time_since_death":102416,"minecraft:damage_resisted":6,"minecraft:sprint_one_cm":272569,"minecraft:walk_one_cm":221594,"minecraft:drop":42,"minecraft:play_time":172408,"minecraft:deaths":3,"minecraft:sneak_time":857,"minecraft:walk_under_water_one_cm":7045,"minecraft:jump":645,"minecraft:walk_on_water_one_cm":10479,"minecraft:total_world_time":172408,"minecraft:interact_with_furnace":12,"minecraft:time_since_rest":102526,"minecraft:damage_taken":1470,"minecraft:damage_absorbed":16,"minecraft:damage_dealt":4281,"minecraft:swim_one_cm":16454,"minecraft:fly_one_cm":112371,"minecraft:player_kills":1,"minecraft:open_chest":10,"minecraft:crouch_one_cm":4192,"minecraft:interact_with_smoker":1,"minecraft:fall_one_cm":9017,"minecraft:horse_one_cm":3674561}},"DataVersion":3465}