{"stats":{"minecraft:mined":{"minecraft:grass":6,"minecraft:tall_grass":1,"cobblemon:cheri_berry":3},"minecraft:used":{"minecraft:birch_door":2,"cobblemon:pc":1,"minecraft:white_wool":170,"minecraft:black_wool":8,"travelersbackpack:standard":1,"minecraft:red_wool":91,"minecraft:baked_potato":5,"cobblemon:healing_machine":6},"minecraft:dropped":{"minecraft:wheat_seeds":1},"minecraft:custom":{"minecraft:open_chest":1,"minecraft:time_since_rest":6168,"minecraft:sprint_one_cm":40273,"minecraft:crouch_one_cm":4397,"minecraft:play_time":35129,"minecraft:open_shulker_box":4,"minecraft:deaths":1,"minecraft:damage_taken":185,"minecraft:walk_one_cm":115810,"minecraft:sneak_time":1430,"minecraft:drop":1,"minecraft:jump":304,"minecraft:interact_with_brewingstand":1,"minecraft:damage_dealt":20,"minecraft:leave_game":1,"minecraft:time_since_death":6513,"minecraft:total_world_time":35129,"minecraft:fall_one_cm":4505,"minecraft:fly_one_cm":71580},"minecraft:picked_up":{"travelersbackpack:standard":2,"minecraft:wheat_seeds":2,"cobblemon:cheri_berry":16}},"DataVersion":3465}