{"stats":{"minecraft:used":{"minecraft:stone_pickaxe":15,"minecraft:baked_potato":1,"minecraft:wooden_pickaxe":14,"minecraft:cooked_chicken":1,"minecraft:torch":2,"minecraft:crafting_table":1,"cobblemon:healing_machine":1,"cobblemon:pc":1,"minecraft:wooden_sword":16,"minecraft:sweet_berries":73,"minecraft:oak_sapling":1,"minecraft:furnace":1,"minecraft:egg":1},"minecraft:picked_up":{"minecraft:wooden_axe":1,"minecraft:crafting_table":1,"minecraft:feather":3,"minecraft:chicken":3,"minecraft:leather":2,"minecraft:wooden_pickaxe":1,"minecraft:potato":1,"minecraft:oak_log":2,"minecraft:gunpowder":2,"minecraft:raw_copper":32,"minecraft:wooden_sword":1,"cobblemon:white_apricorn":5,"minecraft:wheat_seeds":1,"cobblemon:black_apricorn":2,"cobblemon:potion":1,"cobblemon:white_apricorn_seed":1,"minecraft:beef":2,"minecraft:cooked_chicken":1,"minecraft:iron_nugget":4,"minecraft:furnace":1,"minecraft:egg":1,"minecraft:stick":3,"minecraft:sweet_berries":75,"cobblemon:black_apricorn_seed":1,"minecraft:sand":3,"cobblemon:vivichoke_seeds":2,"minecraft:spruce_log":3,"minecraft:iron_horse_armor":3,"minecraft:pumpkin_seeds":5,"minecraft:purple_bed":1,"minecraft:rotten_flesh":12,"cobblemon:poke_ball":2,"minecraft:bread":4,"minecraft:baked_potato":1,"minecraft:oak_sapling":1,"cobblemon:blue_apricorn":7,"minecraft:coal":13,"minecraft:cobblestone":15},"minecraft:dropped":{"minecraft:rotten_flesh":1,"minecraft:iron_horse_armor":2},"minecraft:mined":{"minecraft:crafting_table":1,"minecraft:copper_ore":5,"minecraft:spruce_leaves":5,"minecraft:purple_bed":1,"minecraft:furnace":1,"minecraft:sweet_berry_bush":38,"minecraft:birch_leaves":1,"minecraft:oak_log":2,"minecraft:coal_ore":8,"minecraft:stone":15,"minecraft:oak_leaves":14,"minecraft:fern":1},"minecraft:killed_by":{"minecraft:player":1,"minecraft:spider":1,"minecraft:zombie":2},"minecraft:killed":{"minecraft:zombie":3,"minecraft:chicken":2},"minecraft:crafted":{"minecraft:crafting_table":1,"minecraft:spruce_planks":12,"minecraft:furnace":1,"minecraft:copper_ingot":4,"cobblemon:premier_ball":4,"minecraft:stick":8,"minecraft:stone_pickaxe":2,"minecraft:torch":8},"minecraft:custom":{"minecraft:interact_with_furnace":3,"minecraft:mob_kills":7,"minecraft:interact_with_crafting_table":10,"minecraft:interact_with_campfire":1,"minecraft:bell_ring":63,"minecraft:interact_with_grindstone":1,"minecraft:leave_game":1,"minecraft:time_since_death":40200,"minecraft:sleep_in_bed":1,"minecraft:time_since_rest":40248,"minecraft:sprint_one_cm":160016,"minecraft:damage_taken":1473,"minecraft:walk_one_cm":189498,"minecraft:drop":3,"minecraft:damage_dealt":662,"minecraft:swim_one_cm":766,"minecraft:fly_one_cm":143906,"minecraft:open_chest":2,"minecraft:crouch_one_cm":184,"minecraft:play_time":65523,"minecraft:deaths":6,"minecraft:sneak_time":27,"minecraft:walk_under_water_one_cm":1400,"minecraft:jump":752,"minecraft:walk_on_water_one_cm":4721,"minecraft:total_world_time":65523,"minecraft:fall_one_cm":12867}},"DataVersion":3465}