{"stats":{"minecraft:mined":{"minecraft:furnace":1,"minecraft:crafting_table":2,"minecraft:grass":1,"minecraft:grass_block":1,"minecraft:oak_log":15,"mekanism:tin_ore":3,"minecraft:stone":66,"minecraft:oak_leaves":1},"minecraft:used":{"minecraft:wooden_axe":16,"minecraft:apple":1,"minecraft:stone_pickaxe":48,"minecraft:wooden_pickaxe":22,"minecraft:torch":4,"minecraft:crafting_table":3,"minecraft:furnace":1,"minecraft:egg":1},"minecraft:crafted":{"minecraft:oak_planks":44,"minecraft:charcoal":4,"minecraft:crafting_table":1,"minecraft:stick":16,"minecraft:wooden_pickaxe":1,"minecraft:stone_pickaxe":1,"minecraft:wooden_axe":1,"minecraft:stone_sword":1,"minecraft:furnace":1,"minecraft:torch":16,"minecraft:stone_axe":1},"minecraft:picked_up":{"minecraft:crafting_table":2,"minecraft:salmon":2,"minecraft:porkchop":4,"minecraft:oak_log":15,"cobblemon:pink_apricorn":2,"mekanism:raw_tin":3,"minecraft:dirt":31,"cobblemon:pink_apricorn_seed":1,"minecraft:apple":1,"minecraft:furnace":1,"minecraft:cobblestone":66,"minecraft:egg":1},"minecraft:custom":{"minecraft:time_since_rest":33596,"minecraft:interact_with_furnace":5,"minecraft:sprint_one_cm":11062,"minecraft:damage_taken":50,"minecraft:walk_one_cm":106488,"minecraft:mob_kills":1,"minecraft:damage_dealt":170,"minecraft:interact_with_crafting_table":6,"minecraft:fly_one_cm":3003,"minecraft:play_time":33596,"minecraft:sneak_time":48,"minecraft:walk_under_water_one_cm":10136,"minecraft:jump":149,"minecraft:leave_game":1,"minecraft:time_since_death":33596,"minecraft:walk_on_water_one_cm":3476,"minecraft:total_world_time":33596,"minecraft:fall_one_cm":2373},"minecraft:killed":{"minecraft:pig":1}},"DataVersion":3465}