{"stats":{"minecraft:mined":{"minecraft:grass":6,"minecraft:tall_grass":1,"cobblemon:cheri_berry":3},"minecraft:used":{"minecraft:birch_door":9,"cobblemon:pc":1,"minecraft:white_wool":193,"minecraft:black_wool":8,"minecraft:dirt":94,"travelersbackpack:standard":1,"minecraft:red_wool":131,"minecraft:grass_block":18,"minecraft:baked_potato":5,"securitycraft:briefcase":1,"cobblemon:healing_machine":6,"minecraft:torch":5},"minecraft:dropped":{"minecraft:wheat_seeds":1},"minecraft:custom":{"minecraft:open_chest":1,"minecraft:time_since_rest":18168,"minecraft:sprint_one_cm":46713,"minecraft:crouch_one_cm":5123,"minecraft:play_time":47129,"minecraft:open_shulker_box":4,"minecraft:deaths":1,"minecraft:damage_taken":185,"minecraft:walk_one_cm":158499,"minecraft:sneak_time":1620,"minecraft:drop":1,"minecraft:jump":344,"minecraft:interact_with_brewingstand":1,"minecraft:damage_dealt":20,"minecraft:leave_game":1,"minecraft:time_since_death":18513,"minecraft:total_world_time":47129,"minecraft:fall_one_cm":4505,"minecraft:fly_one_cm":87240},"minecraft:picked_up":{"travelersbackpack:standard":2,"minecraft:wheat_seeds":3,"cobblemon:cheri_berry":16,"tombstone:grave_dust":1,"securitycraft:briefcase":1,"minecraft:dirt":16,"minecraft:birch_door":5}},"DataVersion":3465}