{"stats":{"minecraft:crafted":{"minecraft:oak_planks":160,"minecraft:stone_shovel":1,"minecraft:cooked_chicken":3,"minecraft:furnace":2,"minecraft:cooked_mutton":4,"minecraft:stone_pickaxe":7,"minecraft:chest":2,"minecraft:stone_hoe":1,"minecraft:cooked_porkchop":4,"minecraft:crafting_table":6,"minecraft:wooden_pickaxe":2,"minecraft:iron_sword":1,"minecraft:bucket":1,"minecraft:stone_axe":3,"minecraft:oak_boat":1,"minecraft:charcoal":4,"minecraft:stick":60,"minecraft:iron_ingot":11,"minecraft:iron_pickaxe":1,"minecraft:wooden_axe":2,"minecraft:stone_sword":2,"minecraft:torch":32},"minecraft:broken":{"minecraft:wooden_pickaxe":1,"minecraft:stone_pickaxe":5,"minecraft:stone_axe":1,"minecraft:wooden_axe":1},"minecraft:killed_by":{"cobblemon:pokemon":1,"minecraft:player":1,"minecraft:spider":1,"minecraft:skeleton":3,"minecraft:witch":2,"minecraft:zombie":5},"minecraft:picked_up":{"minecraft:crafting_table":6,"minecraft:azure_bluet":2,"minecraft:chicken":6,"cobblemon:yellow_apricorn":6,"minecraft:amethyst_block":1,"cobblemon:wepear_berry":20,"minecraft:cornflower":4,"minecraft:string":7,"minecraft:raw_copper":146,"cobblemon:green_apricorn":4,"cobblemon:oran_berry":166,"minecraft:poppy":4,"minecraft:egg":3,"minecraft:furnace":3,"minecraft:stick":2,"minecraft:raw_iron":11,"minecraft:torch":3,"minecraft:porkchop":4,"tombstone:grave_dust":1,"minecraft:diorite":3,"minecraft:carrot":1,"mekanism:raw_tin":39,"minecraft:arrow":9,"minecraft:rotten_flesh":18,"minecraft:mutton":4,"cobblemon:blue_apricorn":17,"minecraft:white_wool":3,"minecraft:cobblestone":601,"minecraft:oxeye_daisy":3,"minecraft:birch_log":48,"minecraft:feather":7,"minecraft:salmon":4,"minecraft:andesite":18,"minecraft:potato":1,"cobblemon:razz_berry":5,"minecraft:oak_log":93,"minecraft:yellow_bed":4,"minecraft:gunpowder":1,"minecraft:dirt":74,"cobblemon:pink_apricorn_seed":1,"minecraft:bone":7,"minecraft:apple":2,"minecraft:wheat_seeds":23,"minecraft:rabbit_hide":1,"minecraft:iron_ingot":1,"cobblemon:pink_mint_seeds":3,"minecraft:rabbit":1,"minecraft:dandelion":23,"cobblemon:blue_apricorn_seed":1,"minecraft:gravel":4,"cobblemon:cheri_berry":60,"minecraft:sand":7,"cobblemon:yellow_apricorn_seed":2,"minecraft:amethyst_shard":4,"minecraft:ink_sac":6,"cobblemon:persim_berry":38,"cobblemon:pink_apricorn":2,"minecraft:spider_eye":4,"mekanism:raw_osmium":8,"minecraft:bundle":1,"mekanism:fluorite_gem":3,"minecraft:granite":8,"minecraft:bone_meal":1,"minecraft:oak_sapling":3,"cobblemon:water_stone":1,"minecraft:coal":98},"minecraft:custom":{"minecraft:mob_kills":37,"minecraft:interact_with_crafting_table":46,"minecraft:bell_ring":15,"minecraft:leave_game":4,"minecraft:time_since_death":3326,"minecraft:sprint_one_cm":386206,"minecraft:walk_one_cm":812557,"minecraft:drop":13,"minecraft:talked_to_villager":8,"minecraft:play_time":199041,"minecraft:deaths":14,"minecraft:sneak_time":199,"minecraft:walk_under_water_one_cm":25559,"minecraft:jump":3112,"minecraft:walk_on_water_one_cm":34630,"minecraft:total_world_time":199041,"minecraft:interact_with_furnace":34,"minecraft:interact_with_cartography_table":1,"minecraft:sleep_in_bed":10,"minecraft:time_since_rest":3139,"minecraft:damage_taken":4126,"minecraft:damage_dealt":7094,"minecraft:fly_one_cm":545463,"minecraft:open_chest":37,"minecraft:crouch_one_cm":148,"tombstone:undead_killed":16,"minecraft:fall_one_cm":65374},"minecraft:dropped":{"minecraft:feather":2,"minecraft:oxeye_daisy":2,"minecraft:ink_sac":6,"minecraft:cornflower":4,"tombstone:grave_key":2,"minecraft:dandelion":21,"minecraft:azure_bluet":2,"minecraft:poppy":4,"minecraft:andesite":9,"minecraft:spider_eye":2},"minecraft:killed":{"minecraft:spider":5,"minecraft:skeleton":3,"minecraft:chicken":4,"minecraft:pig":1,"minecraft:salmon":1,"minecraft:creeper":2,"minecraft:zombie":13},"minecraft:used":{"minecraft:stone_sword":78,"minecraft:stone_shovel":12,"minecraft:chest":2,"minecraft:iron_sword":36,"minecraft:stone_hoe":27,"minecraft:rotten_flesh":18,"minecraft:cooked_chicken":1,"minecraft:torch":32,"minecraft:dirt":9,"minecraft:carrot":1,"minecraft:wooden_axe":51,"minecraft:oak_sapling":3,"minecraft:furnace":4,"tombstone:gift":4,"minecraft:egg":3,"minecraft:potato":1,"minecraft:cooked_mutton":4,"minecraft:water_bucket":12,"minecraft:stone_pickaxe":808,"minecraft:wooden_pickaxe":61,"minecraft:sand":7,"minecraft:crafting_table":11,"minecraft:apple":2,"minecraft:oxeye_daisy":1,"minecraft:iron_pickaxe":1,"minecraft:gravel":2,"minecraft:stone_axe":134,"minecraft:cobblestone":8,"minecraft:bucket":12,"minecraft:yellow_bed":4,"minecraft:dandelion":2},"minecraft:mined":{"minecraft:farmland":1,"minecraft:granite":8,"minecraft:grass_block":28,"minecraft:oxeye_daisy":3,"minecraft:furnace":3,"minecraft:iron_ore":11,"cobblemon:pink_mint":3,"minecraft:andesite":9,"minecraft:azure_bluet":2,"minecraft:stone":618,"cobblemon:water_stone_ore":1,"mekanism:osmium_ore":8,"minecraft:amethyst_cluster":1,"minecraft:dandelion":23,"minecraft:crafting_table":6,"minecraft:cornflower":4,"minecraft:poppy":4,"mekanism:tin_ore":39,"minecraft:tall_grass":29,"minecraft:copper_ore":38,"minecraft:diorite":3,"minecraft:wall_torch":1,"minecraft:amethyst_block":1,"minecraft:birch_log":48,"minecraft:birch_leaves":2,"minecraft:yellow_bed":4,"minecraft:grass":155,"minecraft:oak_log":92,"minecraft:coal_ore":98,"minecraft:gravel":4,"minecraft:sand":8,"minecraft:dirt":13,"minecraft:oak_leaves":17}},"DataVersion":3465}