{"stats":{"minecraft:crafted":{"minecraft:oak_planks":92,"minecraft:cooked_porkchop":4,"minecraft:crafting_table":4,"minecraft:wooden_pickaxe":2,"minecraft:cooked_chicken":2,"minecraft:furnace":1,"minecraft:stone_axe":1,"minecraft:cooked_mutton":4,"minecraft:oak_boat":1,"minecraft:charcoal":4,"minecraft:stick":20,"minecraft:stone_pickaxe":2,"minecraft:wooden_axe":2,"minecraft:stone_sword":1,"minecraft:torch":16},"minecraft:killed_by":{"minecraft:player":1,"minecraft:skeleton":1},"minecraft:broken":{"minecraft:stone_pickaxe":1},"minecraft:picked_up":{"minecraft:crafting_table":4,"minecraft:feather":2,"minecraft:chicken":2,"minecraft:salmon":4,"minecraft:oak_log":38,"minecraft:yellow_bed":1,"minecraft:amethyst_block":1,"minecraft:dirt":50,"cobblemon:wepear_berry":20,"minecraft:string":1,"minecraft:raw_copper":53,"cobblemon:pink_apricorn_seed":1,"minecraft:apple":1,"cobblemon:green_apricorn":4,"cobblemon:pink_mint_seeds":3,"cobblemon:oran_berry":101,"minecraft:egg":2,"minecraft:furnace":2,"minecraft:torch":3,"cobblemon:blue_apricorn_seed":1,"minecraft:gravel":1,"cobblemon:cheri_berry":57,"minecraft:porkchop":4,"minecraft:sand":7,"minecraft:amethyst_shard":4,"cobblemon:persim_berry":23,"cobblemon:pink_apricorn":2,"mekanism:raw_osmium":3,"mekanism:raw_tin":19,"minecraft:rotten_flesh":2,"mekanism:fluorite_gem":3,"minecraft:bone_meal":1,"minecraft:mutton":4,"cobblemon:blue_apricorn":17,"minecraft:coal":26,"minecraft:white_wool":3,"minecraft:cobblestone":165},"minecraft:custom":{"minecraft:interact_with_furnace":16,"minecraft:mob_kills":3,"minecraft:interact_with_crafting_table":11,"minecraft:interact_with_cartography_table":1,"minecraft:bell_ring":15,"minecraft:leave_game":3,"minecraft:time_since_death":17174,"minecraft:time_since_rest":16078,"minecraft:sprint_one_cm":118704,"minecraft:damage_taken":1094,"minecraft:walk_one_cm":327790,"minecraft:drop":2,"minecraft:damage_dealt":326,"minecraft:talked_to_villager":8,"minecraft:fly_one_cm":143975,"minecraft:open_chest":6,"minecraft:crouch_one_cm":148,"minecraft:play_time":92607,"minecraft:deaths":3,"minecraft:sneak_time":146,"minecraft:walk_under_water_one_cm":15305,"minecraft:jump":995,"minecraft:walk_on_water_one_cm":15037,"minecraft:total_world_time":92607,"minecraft:fall_one_cm":23629},"minecraft:dropped":{"tombstone:grave_key":2},"minecraft:killed":{"minecraft:pig":1,"minecraft:salmon":1},"minecraft:used":{"minecraft:cooked_mutton":4,"minecraft:stone_pickaxe":210,"minecraft:wooden_pickaxe":24,"minecraft:rotten_flesh":2,"minecraft:torch":14,"minecraft:sand":7,"minecraft:dirt":8,"minecraft:crafting_table":7,"minecraft:wooden_axe":22,"minecraft:apple":1,"minecraft:cobblestone":6,"minecraft:furnace":2,"tombstone:gift":1,"minecraft:egg":2},"minecraft:mined":{"mekanism:osmium_ore":3,"minecraft:amethyst_cluster":1,"minecraft:crafting_table":4,"minecraft:grass_block":12,"mekanism:tin_ore":19,"minecraft:tall_grass":2,"minecraft:copper_ore":14,"minecraft:wall_torch":1,"minecraft:amethyst_block":1,"minecraft:furnace":2,"cobblemon:pink_mint":3,"minecraft:yellow_bed":1,"minecraft:grass":8,"minecraft:oak_log":37,"minecraft:coal_ore":26,"minecraft:gravel":1,"minecraft:sand":8,"minecraft:dirt":11,"minecraft:stone":163,"minecraft:oak_leaves":6}},"DataVersion":3465}