{"stats":{"minecraft:mined":{"minecraft:tall_grass":1,"minecraft:grass":6,"cobblemon:cheri_berry":3},"minecraft:dropped":{"minecraft:wheat_seeds":1},"minecraft:custom":{"minecraft:jump":240,"minecraft:interact_with_brewingstand":1,"minecraft:time_since_rest":23129,"minecraft:crouch_one_cm":172,"minecraft:open_shulker_box":4,"minecraft:leave_game":1,"minecraft:play_time":23129,"minecraft:sprint_one_cm":35171,"minecraft:damage_taken":185,"minecraft:time_since_death":23129,"minecraft:walk_one_cm":65904,"minecraft:sneak_time":406,"minecraft:total_world_time":23129,"minecraft:drop":1,"minecraft:fall_one_cm":3878,"minecraft:fly_one_cm":52259},"minecraft:picked_up":{"minecraft:wheat_seeds":2,"cobblemon:cheri_berry":16}},"DataVersion":3465}