{"stats":{"minecraft:mined":{"cobblemon:cheri_berry":3,"minecraft:grass":6,"minecraft:tall_grass":1},"minecraft:used":{"minecraft:birch_door":12,"minecraft:netherite_sword":3,"minecraft:black_wool":8,"minecraft:red_wool":131,"minecraft:grass_block":18,"minecraft:baked_potato":5,"cobblemon:pc":1,"minecraft:white_wool":197,"minecraft:torch":5,"minecraft:dirt":197,"minecraft:rail":2,"travelersbackpack:standard":1,"securitycraft:briefcase":1,"cobblemon:healing_machine":6},"minecraft:dropped":{"minecraft:wheat_seeds":1,"minecraft:netherite_sword":1},"minecraft:killed":{"minecraft:zombified_piglin":1},"minecraft:custom":{"minecraft:time_since_rest":4505,"minecraft:sprint_one_cm":54788,"minecraft:damage_taken":185,"minecraft:walk_one_cm":195886,"minecraft:mob_kills":1,"minecraft:drop":2,"minecraft:damage_dealt":625,"minecraft:minecart_one_cm":1703,"minecraft:fly_one_cm":117120,"minecraft:open_chest":1,"minecraft:open_shulker_box":4,"minecraft:crouch_one_cm":5123,"minecraft:play_time":59129,"tombstone:undead_killed":1,"minecraft:deaths":2,"minecraft:sneak_time":1620,"minecraft:jump":380,"minecraft:interact_with_brewingstand":1,"minecraft:leave_game":1,"minecraft:time_since_death":5035,"minecraft:total_world_time":59129,"minecraft:fall_one_cm":4505},"minecraft:picked_up":{"minecraft:birch_door":5,"cobblemon:cheri_berry":16,"tombstone:grave_dust":1,"securitycraft:briefcase":1,"minecraft:dirt":16,"travelersbackpack:standard":2,"minecraft:wheat_seeds":4,"minecraft:netherite_sword":1,"minecraft:rail":4}},"DataVersion":3465}