{"stats":{"minecraft:crafted":{"minecraft:oak_planks":1096,"minecraft:stone_shovel":3,"minecraft:cooked_chicken":7,"minecraft:furnace":3,"minecraft:bone_meal":39,"minecraft:cooked_mutton":22,"minecraft:stone_pickaxe":7,"minecraft:chest":4,"minecraft:birch_door":6,"minecraft:stone_hoe":1,"minecraft:oak_fence":48,"cobblemon:citrine_ball":40,"minecraft:cooked_beef":6,"minecraft:cooked_porkchop":6,"minecraft:crafting_table":6,"minecraft:wooden_pickaxe":2,"minecraft:iron_sword":1,"minecraft:copper_ingot":13,"minecraft:bucket":1,"minecraft:birch_planks":208,"minecraft:stone_axe":5,"minecraft:oak_fence_gate":2,"minecraft:oak_boat":1,"minecraft:charcoal":4,"minecraft:stick":96,"minecraft:iron_ingot":11,"minecraft:iron_pickaxe":1,"minecraft:wooden_axe":2,"minecraft:stone_sword":2,"minecraft:torch":84},"minecraft:broken":{"minecraft:wooden_pickaxe":1,"minecraft:stone_pickaxe":5,"minecraft:stone_axe":4,"minecraft:iron_sword":1,"minecraft:wooden_axe":1,"minecraft:stone_shovel":2},"minecraft:killed_by":{"cobblemon:pokemon":2,"minecraft:player":1,"minecraft:creeper":2,"minecraft:spider":1,"minecraft:skeleton":8,"minecraft:witch":2,"minecraft:zombie":5},"minecraft:picked_up":{"minecraft:crafting_table":6,"minecraft:azure_bluet":2,"minecraft:chicken":9,"cobblemon:yellow_apricorn":66,"minecraft:amethyst_block":1,"minecraft:cornflower":4,"cobblemon:wepear_berry":20,"minecraft:string":16,"minecraft:raw_copper":146,"cobblemon:white_apricorn":19,"cobblemon:green_apricorn":4,"cobblemon:white_apricorn_seed":1,"minecraft:beef":6,"cobblemon:oran_berry":166,"minecraft:poppy":4,"minecraft:birch_sapling":3,"minecraft:furnace":3,"minecraft:egg":5,"minecraft:stick":31,"minecraft:raw_iron":11,"cobblemon:apricorn_log":5,"minecraft:oak_fence":5,"minecraft:torch":9,"minecraft:porkchop":6,"tombstone:grave_dust":5,"minecraft:diorite":3,"cobblemon:citrine_ball":134,"minecraft:carrot":9,"mekanism:raw_tin":39,"minecraft:arrow":22,"minecraft:rotten_flesh":38,"minecraft:mutton":22,"cobblemon:blue_apricorn":17,"minecraft:stripped_oak_log":3,"minecraft:white_wool":12,"minecraft:cobblestone":610,"minecraft:oxeye_daisy":4,"minecraft:birch_log":52,"minecraft:feather":8,"minecraft:andesite":18,"minecraft:salmon":4,"minecraft:leather":2,"minecraft:potato":79,"cobblemon:razz_berry":5,"minecraft:birch_planks":25,"minecraft:oak_log":329,"minecraft:yellow_bed":6,"minecraft:gunpowder":16,"minecraft:dirt":424,"cobblemon:pink_apricorn_seed":1,"minecraft:bone":20,"minecraft:apple":9,"minecraft:wheat_seeds":31,"cobblemon:pink_mint_seeds":3,"minecraft:iron_ingot":1,"minecraft:rabbit_hide":1,"minecraft:oak_fence_gate":1,"minecraft:rabbit":1,"minecraft:oak_planks":75,"minecraft:dandelion":24,"cobblemon:blue_apricorn_seed":1,"minecraft:gravel":6,"cobblemon:cheri_berry":60,"minecraft:sand":7,"cobblemon:yellow_apricorn_seed":7,"minecraft:amethyst_shard":4,"cobblemon:pink_apricorn":2,"cobblemon:persim_berry":68,"minecraft:ink_sac":6,"mekanism:raw_osmium":8,"minecraft:spider_eye":8,"minecraft:bundle":1,"minecraft:granite":8,"mekanism:fluorite_gem":3,"minecraft:bone_meal":1,"minecraft:gray_wool":1,"minecraft:oak_sapling":38,"tombstone:magic_scroll":1,"cobblemon:water_stone":1,"minecraft:coal":110},"minecraft:custom":{"minecraft:mob_kills":96,"minecraft:interact_with_crafting_table":70,"minecraft:bell_ring":15,"minecraft:leave_game":6,"minecraft:time_since_death":1574,"minecraft:sprint_one_cm":772399,"minecraft:walk_one_cm":1375924,"minecraft:drop":14,"minecraft:talked_to_villager":8,"minecraft:play_time":312733,"minecraft:deaths":22,"minecraft:sneak_time":5160,"minecraft:walk_under_water_one_cm":27647,"minecraft:jump":4259,"minecraft:walk_on_water_one_cm":36142,"minecraft:total_world_time":312733,"minecraft:interact_with_furnace":66,"minecraft:interact_with_cartography_table":1,"minecraft:sleep_in_bed":18,"minecraft:time_since_rest":1017,"minecraft:damage_taken":7782,"minecraft:damage_dealt":16805,"minecraft:swim_one_cm":250,"minecraft:fly_one_cm":819964,"minecraft:open_chest":110,"minecraft:crouch_one_cm":26781,"tombstone:undead_killed":41,"minecraft:fall_one_cm":84119},"minecraft:dropped":{"minecraft:feather":2,"minecraft:oxeye_daisy":2,"minecraft:ink_sac":6,"minecraft:cornflower":4,"tombstone:grave_key":2,"minecraft:dandelion":22,"minecraft:azure_bluet":2,"minecraft:poppy":4,"minecraft:andesite":9,"minecraft:spider_eye":2},"minecraft:killed":{"minecraft:spider":12,"minecraft:skeleton":14,"minecraft:chicken":5,"minecraft:pig":3,"minecraft:salmon":1,"minecraft:creeper":11,"minecraft:sheep":9,"minecraft:zombie":27,"minecraft:cow":3},"minecraft:used":{"minecraft:oak_fence":51,"minecraft:stone_sword":78,"minecraft:stone_shovel":322,"minecraft:chest":4,"minecraft:iron_sword":270,"minecraft:cooked_chicken":3,"minecraft:rotten_flesh":20,"minecraft:stone_hoe":89,"minecraft:torch":57,"minecraft:dirt":75,"minecraft:carrot":9,"minecraft:oak_fence_gate":3,"minecraft:birch_door":6,"minecraft:wooden_axe":51,"minecraft:birch_sapling":1,"minecraft:oak_sapling":3,"minecraft:furnace":5,"tombstone:gift":4,"minecraft:egg":5,"minecraft:cooked_beef":6,"minecraft:potato":79,"minecraft:cooked_mutton":20,"minecraft:water_bucket":17,"minecraft:birch_planks":201,"minecraft:stone_pickaxe":823,"minecraft:oak_planks":933,"minecraft:wooden_pickaxe":61,"minecraft:sand":7,"cobblemon:yellow_apricorn_seed":7,"minecraft:crafting_table":11,"cobblemon:white_apricorn_seed":1,"minecraft:oak_log":2,"minecraft:apple":5,"minecraft:oxeye_daisy":1,"minecraft:iron_pickaxe":13,"tombstone:magic_scroll":2,"minecraft:gravel":2,"minecraft:stone_axe":509,"minecraft:cobblestone":8,"minecraft:bucket":17,"minecraft:yellow_bed":6,"minecraft:dandelion":2,"minecraft:bone_meal":39},"minecraft:mined":{"minecraft:farmland":1,"cobblemon:apricorn_log":5,"minecraft:granite":8,"minecraft:grass_block":338,"minecraft:oxeye_daisy":4,"minecraft:carrots":5,"minecraft:furnace":3,"minecraft:iron_ore":11,"cobblemon:pink_mint":3,"minecraft:andesite":9,"minecraft:azure_bluet":2,"minecraft:potatoes":22,"minecraft:dirt_path":1,"minecraft:stripped_oak_log":1,"minecraft:stone":628,"cobblemon:water_stone_ore":1,"mekanism:osmium_ore":8,"minecraft:amethyst_cluster":1,"minecraft:dandelion":24,"minecraft:torch":3,"minecraft:oak_fence":5,"minecraft:crafting_table":6,"minecraft:cornflower":4,"cobblemon:apricorn_leaves":1,"minecraft:poppy":4,"mekanism:tin_ore":39,"minecraft:tall_grass":37,"minecraft:copper_ore":40,"minecraft:oak_planks":75,"minecraft:diorite":3,"minecraft:wall_torch":3,"minecraft:amethyst_block":1,"minecraft:birch_sapling":1,"minecraft:birch_planks":25,"minecraft:birch_log":52,"minecraft:birch_leaves":2,"minecraft:yellow_bed":6,"minecraft:grass":208,"minecraft:oak_log":325,"minecraft:coal_ore":110,"minecraft:oak_fence_gate":1,"minecraft:gravel":6,"minecraft:sand":8,"minecraft:dirt":28,"minecraft:oak_leaves":77}},"DataVersion":3465}