{"stats":{"minecraft:used":{"minecraft:stone_shovel":455,"minecraft:elytra":1,"minecraft:spruce_planks":860,"minecraft:chest":15,"minecraft:cooked_chicken":3,"minecraft:rotten_flesh":5,"minecraft:torch":31,"minecraft:dirt":80,"minecraft:glass":20,"cobblemon:pink_apricorn_seed":1,"minecraft:totem_of_undying":1,"cobblemon:pc":1,"minecraft:sweet_berries":309,"minecraft:furnace":20,"minecraft:oak_sapling":1,"minecraft:egg":1,"minecraft:cooked_beef":2,"minecraft:spruce_door":14,"minecraft:stone_pickaxe":507,"minecraft:baked_potato":1,"minecraft:wooden_pickaxe":14,"minecraft:sugar_cane":47,"minecraft:sand":2,"minecraft:crafting_table":5,"cobblemon:black_apricorn_seed":3,"cobblemon:white_apricorn_seed":4,"cobblemon:healing_machine":1,"minecraft:spruce_log":10,"minecraft:bread":5,"minecraft:spruce_sapling":1,"minecraft:stone_axe":486,"minecraft:wooden_sword":45,"minecraft:cobblestone":140,"minecraft:purple_bed":3,"minecraft:cooked_porkchop":8,"minecraft:bone_meal":6},"minecraft:picked_up":{"minecraft:wooden_axe":1,"minecraft:crafting_table":4,"minecraft:chicken":16,"cobblemon:yellow_apricorn":3,"cobblemon:red_apricorn":1,"minecraft:wooden_pickaxe":2,"minecraft:string":2,"minecraft:elytra":2,"minecraft:raw_copper":46,"minecraft:wooden_sword":1,"cobblemon:white_apricorn":18,"minecraft:spruce_planks":59,"cobblemon:white_apricorn_seed":5,"minecraft:beef":4,"cobblemon:oran_berry":5,"minecraft:iron_nugget":8,"minecraft:sugar_cane":130,"minecraft:chest":2,"minecraft:egg":1,"minecraft:furnace":10,"minecraft:stick":26,"minecraft:raw_iron":6,"minecraft:torch":6,"cobblemon:rawst_berry":3,"cobblemon:vivichoke_seeds":6,"minecraft:diorite":5,"minecraft:iron_horse_armor":4,"minecraft:stone_shovel":2,"minecraft:rotten_flesh":14,"minecraft:totem_of_undying":2,"cobblemon:blue_apricorn":15,"minecraft:cobblestone":363,"minecraft:feather":9,"cobblemon:ultra_ball":9,"minecraft:andesite":30,"minecraft:leather":2,"minecraft:potato":1,"minecraft:flint":1,"minecraft:oak_log":2,"minecraft:gunpowder":4,"minecraft:lapis_lazuli":37,"minecraft:dirt":411,"cobblemon:pink_apricorn_seed":1,"minecraft:bone":3,"cobblemon:black_apricorn":14,"minecraft:wheat_seeds":8,"cobblemon:potion":1,"minecraft:cooked_chicken":5,"minecraft:stone_pickaxe":1,"minecraft:rabbit":3,"cobblemon:azure_ball":121,"cobblemon:ability_capsule":63,"minecraft:cooked_porkchop":7,"minecraft:sweet_berries":438,"cobblemon:black_apricorn_seed":4,"cobblemon:premier_ball":41,"minecraft:sand":129,"minecraft:spruce_sapling":29,"cobblemon:pink_apricorn":2,"minecraft:spruce_log":323,"minecraft:spruce_door":13,"minecraft:pumpkin_seeds":10,"minecraft:purple_bed":3,"cobblemon:poke_ball":6,"minecraft:granite":6,"minecraft:bread":6,"minecraft:baked_potato":1,"minecraft:oak_sapling":1,"minecraft:coal":75},"minecraft:dropped":{"minecraft:wheat_seeds":1,"minecraft:leather":2,"minecraft:iron_horse_armor":2,"minecraft:elytra":2,"cobblemon:pink_apricorn":1,"cobblemon:poke_ball":4,"minecraft:spruce_sapling":2,"minecraft:bone":1,"minecraft:rotten_flesh":1,"minecraft:totem_of_undying":1,"minecraft:pumpkin_seeds":5},"minecraft:broken":{"minecraft:stone_pickaxe":3,"minecraft:wooden_sword":1,"minecraft:stone_axe":3,"minecraft:stone_shovel":3},"minecraft:mined":{"minecraft:spruce_planks":64,"minecraft:granite":6,"minecraft:grass_block":327,"minecraft:spruce_leaves":108,"minecraft:large_fern":8,"minecraft:furnace":4,"minecraft:iron_ore":6,"minecraft:fire":11,"minecraft:andesite":30,"minecraft:stone":364,"minecraft:spruce_door":2,"minecraft:crafting_table":4,"minecraft:torch":1,"minecraft:chest":2,"minecraft:copper_ore":5,"minecraft:glass":1,"minecraft:cobblestone":3,"minecraft:lapis_ore":6,"minecraft:sugar_cane":56,"cobblemon:oran_berry":1,"minecraft:diorite":5,"minecraft:wall_torch":5,"minecraft:purple_bed":3,"minecraft:sweet_berry_bush":121,"minecraft:spruce_log":321,"minecraft:birch_leaves":1,"minecraft:grass":10,"minecraft:coal_ore":70,"minecraft:oak_log":2,"minecraft:sand":122,"minecraft:dirt":35,"minecraft:oak_leaves":14,"minecraft:fern":30},"minecraft:killed_by":{"minecraft:player":2,"minecraft:spider":1,"minecraft:zombie":2},"minecraft:killed":{"minecraft:spider":1,"minecraft:skeleton":2,"minecraft:chicken":2,"cobblemon:pokemon":1,"minecraft:zombie":3},"minecraft:crafted":{"minecraft:stone_shovel":4,"minecraft:cooked_chicken":4,"minecraft:furnace":16,"minecraft:bone_meal":6,"cobblemon:premier_ball":8,"minecraft:cooked_mutton":8,"minecraft:glass":23,"minecraft:stone_pickaxe":6,"minecraft:chest":13,"cobblemon:azure_ball":8,"minecraft:cooked_beef":2,"minecraft:cooked_porkchop":6,"minecraft:crafting_table":2,"minecraft:spruce_planks":968,"minecraft:spruce_door":9,"minecraft:copper_ingot":4,"minecraft:stone_axe":4,"minecraft:air":0,"minecraft:stick":56,"minecraft:iron_ingot":1,"minecraft:torch":28,"cobblemon:ultra_ball":4},"minecraft:custom":{"minecraft:mob_kills":14,"minecraft:interact_with_crafting_table":53,"minecraft:interact_with_campfire":1,"minecraft:bell_ring":72,"minecraft:leave_game":2,"minecraft:time_since_death":5758,"minecraft:sprint_one_cm":532522,"minecraft:walk_one_cm":982801,"minecraft:drop":17,"minecraft:talked_to_villager":2,"minecraft:play_time":245099,"minecraft:deaths":8,"minecraft:sneak_time":2176,"minecraft:walk_under_water_one_cm":10157,"minecraft:jump":1690,"minecraft:walk_on_water_one_cm":20500,"minecraft:total_world_time":245099,"minecraft:interact_with_furnace":42,"minecraft:interact_with_grindstone":2,"minecraft:sleep_in_bed":2,"minecraft:time_since_rest":5795,"minecraft:damage_taken":4418,"minecraft:damage_dealt":1980,"minecraft:swim_one_cm":766,"minecraft:fly_one_cm":352073,"minecraft:open_chest":111,"minecraft:crouch_one_cm":8468,"minecraft:aviate_one_cm":1694,"minecraft:fall_one_cm":20998}},"DataVersion":3465}