{"stats":{"minecraft:picked_up":{"minecraft:oak_log":2},"minecraft:mined":{"minecraft:oak_log":2},"minecraft:killed_by":{"minecraft:player":1,"minecraft:zombie":2},"minecraft:custom":{"minecraft:jump":188,"minecraft:time_since_rest":966,"minecraft:damage_dealt":62,"minecraft:deaths":3,"minecraft:damage_taken":838,"minecraft:leave_game":1,"minecraft:play_time":17523,"minecraft:sprint_one_cm":32109,"minecraft:time_since_death":2331,"minecraft:walk_one_cm":23972,"minecraft:sleep_in_bed":1,"minecraft:total_world_time":17523,"minecraft:walk_under_water_one_cm":504,"minecraft:swim_one_cm":766,"minecraft:fall_one_cm":6189,"minecraft:fly_one_cm":40933,"minecraft:open_chest":1,"minecraft:interact_with_grindstone":1,"minecraft:walk_on_water_one_cm":2690}},"DataVersion":3465}