{"stats":{"minecraft:crafted":{"minecraft:oak_planks":1272,"minecraft:stone_shovel":8,"minecraft:cooked_chicken":8,"cobblemon:apricorn_planks":100,"minecraft:furnace":4,"minecraft:bone_meal":39,"minecraft:cooked_mutton":22,"minecraft:stone_pickaxe":8,"minecraft:chest":10,"minecraft:birch_door":12,"minecraft:stone_hoe":1,"minecraft:oak_fence":48,"cobblemon:citrine_ball":40,"minecraft:cooked_beef":6,"minecraft:cooked_porkchop":6,"minecraft:crafting_table":7,"minecraft:spruce_planks":312,"minecraft:baked_potato":25,"minecraft:wooden_pickaxe":2,"minecraft:iron_sword":2,"minecraft:copper_ingot":13,"minecraft:bucket":1,"minecraft:birch_planks":208,"minecraft:stone_axe":10,"minecraft:air":0,"minecraft:oak_fence_gate":2,"minecraft:oak_boat":2,"cobblemon:apricorn_door":12,"minecraft:charcoal":4,"minecraft:stick":104,"minecraft:iron_ingot":11,"minecraft:iron_pickaxe":1,"minecraft:wooden_axe":2,"minecraft:stone_sword":2,"minecraft:torch":84},"minecraft:broken":{"minecraft:wooden_pickaxe":1,"minecraft:stone_pickaxe":5,"minecraft:stone_axe":5,"minecraft:iron_sword":1,"minecraft:wooden_axe":1,"minecraft:stone_shovel":6},"minecraft:killed_by":{"cobblemon:pokemon":2,"minecraft:player":1,"minecraft:creeper":3,"minecraft:spider":1,"minecraft:skeleton":8,"minecraft:witch":2,"minecraft:zombie":5},"minecraft:picked_up":{"minecraft:crafting_table":7,"minecraft:birch_door":16,"minecraft:azure_bluet":2,"minecraft:chicken":11,"cobblemon:yellow_apricorn":145,"minecraft:enchanted_book":2,"minecraft:amethyst_block":1,"minecraft:cornflower":4,"cobblemon:wepear_berry":20,"minecraft:string":43,"minecraft:raw_copper":210,"cobblemon:white_apricorn":44,"cobblemon:green_apricorn":12,"minecraft:spruce_planks":7,"cobblemon:white_apricorn_seed":3,"minecraft:beef":6,"cobblemon:oran_berry":295,"minecraft:oak_boat":2,"minecraft:poppy":4,"minecraft:sugar_cane":3,"minecraft:chest":5,"minecraft:birch_sapling":5,"minecraft:furnace":5,"minecraft:egg":7,"minecraft:stick":54,"minecraft:raw_iron":11,"cobblemon:apricorn_log":30,"minecraft:oak_fence":9,"minecraft:copper_ingot":16,"minecraft:torch":33,"minecraft:porkchop":6,"tombstone:grave_dust":14,"minecraft:diorite":9,"minecraft:carrot":9,"cobblemon:citrine_ball":134,"mekanism:raw_tin":59,"minecraft:arrow":49,"minecraft:rotten_flesh":58,"cobblemon:blue_apricorn":27,"minecraft:mutton":22,"minecraft:stripped_oak_log":4,"minecraft:white_wool":28,"minecraft:cobblestone":1006,"minecraft:oxeye_daisy":4,"minecraft:birch_log":52,"minecraft:feather":13,"minecraft:andesite":36,"minecraft:salmon":4,"minecraft:leather":6,"minecraft:potato":188,"cobblemon:razz_berry":22,"minecraft:birch_planks":39,"minecraft:oak_log":329,"minecraft:yellow_bed":10,"minecraft:gunpowder":30,"minecraft:dirt":1158,"minecraft:white_banner":1,"cobblemon:pink_apricorn_seed":1,"minecraft:bone":34,"minecraft:apple":9,"minecraft:wheat_seeds":79,"cobblemon:pink_mint_seeds":3,"minecraft:rabbit_hide":2,"minecraft:iron_ingot":1,"minecraft:oak_fence_gate":1,"minecraft:stone_pickaxe":2,"minecraft:rabbit":4,"minecraft:oak_planks":96,"cobblemon:apricorn_planks":3,"minecraft:dandelion":24,"cobblemon:blue_apricorn_seed":1,"minecraft:gravel":9,"cobblemon:cheri_berry":68,"minecraft:sand":7,"cobblemon:yellow_apricorn_seed":13,"minecraft:amethyst_shard":4,"cobblemon:pink_apricorn":2,"cobblemon:persim_berry":128,"minecraft:spruce_sapling":21,"minecraft:ink_sac":6,"minecraft:spruce_log":142,"mekanism:raw_osmium":18,"minecraft:spider_eye":12,"minecraft:bundle":2,"minecraft:stone_axe":1,"minecraft:granite":16,"mekanism:fluorite_gem":3,"cobblemon:apricorn_door":5,"minecraft:bone_meal":1,"minecraft:gray_wool":3,"minecraft:oak_sapling":46,"cobblemon:medicinal_leek":15,"tombstone:magic_scroll":3,"cobblemon:water_stone":3,"minecraft:coal":147},"minecraft:custom":{"minecraft:mob_kills":99,"minecraft:interact_with_crafting_table":91,"minecraft:bell_ring":15,"minecraft:leave_game":8,"minecraft:time_since_death":40473,"minecraft:sprint_one_cm":1041411,"minecraft:walk_one_cm":1733442,"minecraft:drop":17,"minecraft:talked_to_villager":8,"minecraft:play_time":390156,"minecraft:deaths":23,"minecraft:sneak_time":5447,"minecraft:walk_under_water_one_cm":29142,"minecraft:boat_one_cm":97155,"minecraft:jump":5304,"minecraft:walk_on_water_one_cm":41863,"minecraft:total_world_time":390156,"minecraft:interact_with_furnace":86,"minecraft:interact_with_cartography_table":1,"minecraft:sleep_in_bed":22,"minecraft:time_since_rest":38074,"minecraft:damage_taken":8572,"minecraft:damage_dealt":17089,"minecraft:swim_one_cm":250,"minecraft:fly_one_cm":995426,"minecraft:open_chest":188,"minecraft:crouch_one_cm":28360,"tombstone:undead_killed":42,"minecraft:fall_one_cm":105829},"minecraft:dropped":{"minecraft:feather":2,"minecraft:oxeye_daisy":2,"cobblemon:medicinal_leek":1,"minecraft:ink_sac":6,"minecraft:cornflower":4,"tombstone:grave_key":2,"minecraft:dandelion":22,"minecraft:stone_axe":1,"minecraft:azure_bluet":2,"minecraft:poppy":4,"minecraft:bundle":1,"minecraft:andesite":9,"minecraft:spider_eye":2},"minecraft:killed":{"minecraft:spider":12,"minecraft:skeleton":14,"minecraft:chicken":6,"minecraft:pig":3,"minecraft:salmon":1,"minecraft:creeper":11,"minecraft:sheep":9,"minecraft:zombie":28,"minecraft:cow":3},"minecraft:used":{"minecraft:oak_fence":51,"minecraft:stone_sword":78,"minecraft:stone_shovel":790,"minecraft:spruce_planks":238,"minecraft:chest":15,"minecraft:iron_sword":276,"minecraft:cooked_chicken":6,"minecraft:rotten_flesh":20,"minecraft:stone_hoe":96,"minecraft:torch":66,"minecraft:dirt":240,"minecraft:carrot":9,"minecraft:oak_fence_gate":3,"minecraft:birch_door":16,"minecraft:wooden_axe":51,"minecraft:birch_sapling":1,"cobblemon:apricorn_planks":79,"cobblemon:apricorn_door":16,"minecraft:oak_sapling":3,"minecraft:furnace":8,"tombstone:gift":4,"minecraft:egg":7,"minecraft:cooked_beef":6,"minecraft:potato":145,"minecraft:cooked_mutton":22,"minecraft:water_bucket":17,"minecraft:birch_planks":217,"minecraft:stone_pickaxe":825,"minecraft:baked_potato":10,"minecraft:oak_planks":955,"minecraft:wooden_pickaxe":61,"minecraft:sugar_cane":3,"minecraft:sand":7,"cobblemon:yellow_apricorn_seed":13,"minecraft:crafting_table":13,"cobblemon:white_apricorn_seed":3,"minecraft:oak_log":2,"minecraft:apple":9,"minecraft:oxeye_daisy":1,"tombstone:magic_scroll":2,"minecraft:iron_pickaxe":13,"minecraft:gravel":2,"minecraft:stone_axe":759,"minecraft:cobblestone":8,"minecraft:white_banner":1,"minecraft:bucket":17,"minecraft:yellow_bed":10,"minecraft:oak_boat":2,"minecraft:dandelion":2,"minecraft:bone_meal":39},"minecraft:mined":{"minecraft:spruce_planks":7,"minecraft:farmland":1,"cobblemon:apricorn_log":25,"minecraft:granite":8,"minecraft:grass_block":793,"minecraft:spruce_leaves":40,"minecraft:oxeye_daisy":4,"minecraft:furnace":5,"minecraft:carrots":5,"minecraft:iron_ore":11,"cobblemon:pink_mint":3,"minecraft:andesite":9,"minecraft:azure_bluet":2,"cobblemon:medicinal_leek":8,"minecraft:potatoes":53,"minecraft:dirt_path":1,"minecraft:stripped_oak_log":1,"minecraft:stone":628,"cobblemon:water_stone_ore":1,"mekanism:osmium_ore":8,"minecraft:amethyst_cluster":1,"minecraft:dandelion":24,"cobblemon:apricorn_planks":3,"cobblemon:apricorn_leaves":11,"minecraft:oak_fence":5,"minecraft:crafting_table":7,"minecraft:cornflower":4,"minecraft:torch":3,"minecraft:poppy":4,"minecraft:chest":5,"mekanism:tin_ore":39,"minecraft:copper_ore":40,"minecraft:tall_grass":37,"minecraft:sugar_cane":1,"minecraft:oak_planks":84,"minecraft:diorite":3,"minecraft:wall_torch":4,"minecraft:amethyst_block":1,"cobblemon:yellow_apricorn_sapling":1,"minecraft:birch_sapling":1,"minecraft:birch_planks":38,"cobblemon:apricorn_door":1,"minecraft:birch_log":52,"minecraft:spruce_log":145,"minecraft:birch_leaves":2,"minecraft:birch_door":4,"minecraft:yellow_bed":10,"minecraft:grass":208,"minecraft:oak_log":325,"minecraft:coal_ore":110,"minecraft:oak_fence_gate":1,"minecraft:gravel":6,"minecraft:sand":8,"minecraft:dirt":48,"minecraft:oak_leaves":84}},"DataVersion":3465}