{"stats":{"minecraft:mined":{"minecraft:oak_log":5},"minecraft:picked_up":{"cobblemon:pink_apricorn_seed":1,"minecraft:oak_log":5,"cobblemon:pink_apricorn":2},"minecraft:custom":{"minecraft:jump":47,"minecraft:time_since_rest":4208,"minecraft:leave_game":1,"minecraft:sprint_one_cm":1444,"minecraft:play_time":4208,"minecraft:damage_taken":30,"minecraft:time_since_death":4208,"minecraft:walk_one_cm":43182,"minecraft:total_world_time":4208,"minecraft:fall_one_cm":1086,"minecraft:fly_one_cm":346}},"DataVersion":3465}