{"stats":{"minecraft:crafted":{"minecraft:oak_planks":116,"minecraft:cooked_porkchop":4,"minecraft:crafting_table":6,"minecraft:wooden_pickaxe":2,"minecraft:cooked_chicken":3,"minecraft:furnace":2,"minecraft:stone_axe":3,"minecraft:cooked_mutton":4,"minecraft:oak_boat":1,"minecraft:charcoal":4,"minecraft:stick":36,"minecraft:stone_pickaxe":5,"minecraft:wooden_axe":2,"minecraft:stone_sword":2,"minecraft:torch":24,"minecraft:stone_hoe":1},"minecraft:killed_by":{"minecraft:player":1,"minecraft:skeleton":3,"minecraft:witch":2,"minecraft:zombie":5},"minecraft:broken":{"minecraft:stone_pickaxe":3,"minecraft:stone_axe":1,"minecraft:wooden_axe":1,"minecraft:wooden_pickaxe":1},"minecraft:picked_up":{"minecraft:birch_log":48,"minecraft:crafting_table":6,"minecraft:azure_bluet":2,"minecraft:feather":4,"minecraft:chicken":3,"minecraft:salmon":4,"cobblemon:yellow_apricorn":6,"minecraft:potato":1,"cobblemon:razz_berry":5,"minecraft:oak_log":82,"minecraft:yellow_bed":4,"minecraft:cornflower":4,"minecraft:amethyst_block":1,"minecraft:dirt":57,"cobblemon:wepear_berry":20,"minecraft:string":5,"minecraft:raw_copper":78,"cobblemon:pink_apricorn_seed":1,"minecraft:bone":5,"minecraft:apple":2,"minecraft:wheat_seeds":22,"cobblemon:green_apricorn":4,"minecraft:iron_ingot":1,"cobblemon:pink_mint_seeds":3,"cobblemon:oran_berry":148,"minecraft:poppy":4,"minecraft:egg":3,"minecraft:furnace":3,"minecraft:stick":2,"minecraft:torch":3,"minecraft:dandelion":22,"cobblemon:blue_apricorn_seed":1,"minecraft:gravel":1,"cobblemon:cheri_berry":60,"minecraft:porkchop":4,"minecraft:sand":7,"cobblemon:yellow_apricorn_seed":2,"minecraft:amethyst_shard":4,"tombstone:grave_dust":1,"cobblemon:persim_berry":38,"minecraft:ink_sac":3,"cobblemon:pink_apricorn":2,"minecraft:diorite":3,"minecraft:carrot":1,"mekanism:raw_osmium":3,"mekanism:raw_tin":26,"minecraft:arrow":8,"minecraft:rotten_flesh":9,"mekanism:fluorite_gem":3,"minecraft:bone_meal":1,"minecraft:oak_sapling":1,"minecraft:mutton":4,"cobblemon:blue_apricorn":17,"minecraft:coal":71,"minecraft:white_wool":3,"minecraft:cobblestone":448,"minecraft:oxeye_daisy":3},"minecraft:custom":{"minecraft:interact_with_furnace":22,"minecraft:mob_kills":23,"minecraft:interact_with_crafting_table":29,"minecraft:interact_with_cartography_table":1,"minecraft:bell_ring":15,"minecraft:leave_game":3,"minecraft:time_since_death":4712,"minecraft:sleep_in_bed":4,"minecraft:time_since_rest":4581,"minecraft:sprint_one_cm":305232,"minecraft:damage_taken":3584,"minecraft:walk_one_cm":635537,"minecraft:drop":8,"minecraft:damage_dealt":4754,"minecraft:talked_to_villager":8,"minecraft:fly_one_cm":420180,"minecraft:open_chest":6,"minecraft:crouch_one_cm":148,"minecraft:play_time":157642,"tombstone:undead_killed":9,"minecraft:deaths":12,"minecraft:sneak_time":199,"minecraft:walk_under_water_one_cm":25559,"minecraft:jump":2247,"minecraft:walk_on_water_one_cm":33820,"minecraft:total_world_time":157642,"minecraft:fall_one_cm":54284},"minecraft:dropped":{"minecraft:azure_bluet":2,"minecraft:oxeye_daisy":2,"minecraft:poppy":4,"minecraft:ink_sac":3,"minecraft:cornflower":4,"tombstone:grave_key":2,"minecraft:dandelion":21},"minecraft:killed":{"minecraft:pig":1,"minecraft:salmon":1,"minecraft:spider":2,"minecraft:creeper":1,"minecraft:skeleton":1,"minecraft:zombie":8,"minecraft:chicken":1},"minecraft:used":{"minecraft:cooked_mutton":4,"minecraft:stone_sword":54,"minecraft:stone_pickaxe":577,"minecraft:wooden_pickaxe":61,"minecraft:cooked_chicken":1,"minecraft:rotten_flesh":9,"minecraft:torch":23,"minecraft:sand":7,"minecraft:dirt":8,"minecraft:crafting_table":11,"minecraft:wooden_axe":51,"minecraft:apple":2,"minecraft:oxeye_daisy":1,"minecraft:stone_axe":123,"minecraft:cobblestone":8,"minecraft:oak_sapling":1,"minecraft:furnace":4,"tombstone:gift":3,"minecraft:yellow_bed":4,"minecraft:egg":3,"minecraft:dandelion":1},"minecraft:mined":{"mekanism:osmium_ore":3,"minecraft:amethyst_cluster":1,"minecraft:dandelion":22,"minecraft:cornflower":4,"minecraft:crafting_table":6,"minecraft:grass_block":12,"minecraft:poppy":4,"mekanism:tin_ore":26,"minecraft:tall_grass":29,"minecraft:copper_ore":20,"minecraft:diorite":3,"minecraft:oxeye_daisy":3,"minecraft:wall_torch":1,"minecraft:amethyst_block":1,"minecraft:furnace":3,"minecraft:andesite":7,"minecraft:birch_log":48,"cobblemon:pink_mint":3,"minecraft:birch_leaves":2,"minecraft:azure_bluet":2,"minecraft:yellow_bed":4,"minecraft:grass":148,"minecraft:oak_log":81,"minecraft:coal_ore":71,"minecraft:gravel":1,"minecraft:sand":8,"minecraft:dirt":13,"minecraft:stone":472,"minecraft:oak_leaves":17}},"DataVersion":3465}