{"stats":{"minecraft:crafted":{"minecraft:oak_planks":116,"minecraft:cooked_porkchop":4,"minecraft:crafting_table":6,"minecraft:wooden_pickaxe":2,"minecraft:cooked_chicken":3,"minecraft:furnace":2,"minecraft:stone_axe":3,"minecraft:cooked_mutton":4,"minecraft:oak_boat":1,"minecraft:charcoal":4,"minecraft:stick":60,"minecraft:stone_pickaxe":7,"minecraft:wooden_axe":2,"minecraft:stone_sword":2,"minecraft:chest":1,"minecraft:torch":32,"minecraft:stone_hoe":1},"minecraft:killed_by":{"minecraft:player":1,"minecraft:skeleton":3,"minecraft:spider":1,"minecraft:zombie":5,"minecraft:witch":2},"minecraft:broken":{"minecraft:stone_pickaxe":5,"minecraft:stone_axe":1,"minecraft:wooden_axe":1,"minecraft:wooden_pickaxe":1},"minecraft:picked_up":{"minecraft:birch_log":48,"minecraft:crafting_table":6,"minecraft:azure_bluet":2,"minecraft:feather":4,"minecraft:chicken":3,"minecraft:andesite":18,"minecraft:salmon":4,"cobblemon:yellow_apricorn":6,"minecraft:potato":1,"cobblemon:razz_berry":5,"minecraft:oak_log":82,"minecraft:yellow_bed":4,"minecraft:amethyst_block":1,"minecraft:cornflower":4,"cobblemon:wepear_berry":20,"minecraft:string":5,"minecraft:dirt":57,"minecraft:raw_copper":114,"cobblemon:pink_apricorn_seed":1,"minecraft:bone":6,"minecraft:apple":2,"minecraft:wheat_seeds":22,"cobblemon:green_apricorn":4,"minecraft:iron_ingot":1,"cobblemon:pink_mint_seeds":3,"cobblemon:oran_berry":148,"minecraft:poppy":4,"minecraft:furnace":3,"minecraft:egg":3,"minecraft:raw_iron":4,"minecraft:stick":2,"minecraft:torch":3,"minecraft:dandelion":22,"cobblemon:blue_apricorn_seed":1,"minecraft:gravel":1,"cobblemon:cheri_berry":60,"minecraft:porkchop":4,"minecraft:sand":7,"cobblemon:yellow_apricorn_seed":2,"minecraft:amethyst_shard":4,"cobblemon:persim_berry":38,"cobblemon:pink_apricorn":2,"tombstone:grave_dust":1,"minecraft:ink_sac":6,"minecraft:diorite":3,"minecraft:carrot":1,"mekanism:raw_osmium":3,"mekanism:raw_tin":34,"minecraft:bundle":1,"minecraft:arrow":9,"minecraft:rotten_flesh":16,"minecraft:granite":8,"mekanism:fluorite_gem":3,"minecraft:bone_meal":1,"minecraft:oak_sapling":1,"cobblemon:blue_apricorn":17,"minecraft:mutton":4,"minecraft:coal":96,"minecraft:white_wool":3,"minecraft:cobblestone":582,"minecraft:oxeye_daisy":3},"minecraft:custom":{"minecraft:interact_with_furnace":24,"minecraft:mob_kills":28,"minecraft:interact_with_crafting_table":37,"minecraft:interact_with_cartography_table":1,"minecraft:bell_ring":15,"minecraft:leave_game":4,"minecraft:time_since_death":4895,"minecraft:sleep_in_bed":4,"minecraft:time_since_rest":4637,"minecraft:sprint_one_cm":325918,"minecraft:damage_taken":3894,"minecraft:walk_one_cm":700548,"minecraft:damage_dealt":5714,"minecraft:drop":11,"minecraft:fly_one_cm":451300,"minecraft:talked_to_villager":8,"minecraft:open_chest":11,"minecraft:crouch_one_cm":148,"minecraft:play_time":175041,"tombstone:undead_killed":14,"minecraft:deaths":13,"minecraft:sneak_time":199,"minecraft:walk_under_water_one_cm":25559,"minecraft:jump":2622,"minecraft:walk_on_water_one_cm":33858,"minecraft:total_world_time":175041,"minecraft:fall_one_cm":58269},"minecraft:dropped":{"minecraft:feather":2,"minecraft:azure_bluet":2,"minecraft:oxeye_daisy":2,"minecraft:poppy":4,"minecraft:ink_sac":6,"minecraft:cornflower":4,"tombstone:grave_key":2,"minecraft:andesite":9,"minecraft:dandelion":21},"minecraft:killed":{"minecraft:pig":1,"minecraft:salmon":1,"minecraft:spider":2,"minecraft:creeper":1,"minecraft:skeleton":2,"minecraft:zombie":12,"minecraft:chicken":1},"minecraft:used":{"minecraft:cooked_mutton":4,"minecraft:stone_sword":78,"minecraft:stone_pickaxe":759,"minecraft:chest":1,"minecraft:wooden_pickaxe":61,"minecraft:cooked_chicken":1,"minecraft:rotten_flesh":11,"minecraft:torch":31,"minecraft:sand":7,"minecraft:dirt":8,"minecraft:crafting_table":11,"minecraft:wooden_axe":51,"minecraft:apple":2,"minecraft:oxeye_daisy":1,"minecraft:stone_axe":123,"minecraft:cobblestone":8,"minecraft:furnace":4,"minecraft:oak_sapling":1,"tombstone:gift":4,"minecraft:yellow_bed":4,"minecraft:egg":3,"minecraft:dandelion":1},"minecraft:mined":{"mekanism:osmium_ore":3,"minecraft:amethyst_cluster":1,"minecraft:granite":8,"minecraft:dandelion":22,"minecraft:cornflower":4,"minecraft:crafting_table":6,"minecraft:grass_block":12,"minecraft:poppy":4,"mekanism:tin_ore":34,"minecraft:copper_ore":30,"minecraft:tall_grass":29,"minecraft:oxeye_daisy":3,"minecraft:diorite":3,"minecraft:wall_torch":1,"minecraft:amethyst_block":1,"minecraft:iron_ore":4,"minecraft:furnace":3,"minecraft:birch_leaves":2,"minecraft:andesite":9,"minecraft:birch_log":48,"cobblemon:pink_mint":3,"minecraft:yellow_bed":4,"minecraft:azure_bluet":2,"minecraft:grass":148,"minecraft:coal_ore":96,"minecraft:oak_log":81,"minecraft:gravel":1,"minecraft:sand":8,"minecraft:dirt":13,"minecraft:stone":597,"minecraft:oak_leaves":17}},"DataVersion":3465}