{"stats":{"minecraft:mined":{"mekanism:osmium_ore":3,"minecraft:furnace":2,"cobblemon:pink_mint":3,"minecraft:crafting_table":2,"minecraft:grass":3,"minecraft:coal_ore":12,"minecraft:grass_block":3,"minecraft:oak_log":15,"mekanism:tin_ore":19,"minecraft:gravel":1,"minecraft:dirt":5,"minecraft:copper_ore":14,"minecraft:stone":147,"minecraft:oak_leaves":1},"minecraft:used":{"minecraft:cooked_mutton":4,"minecraft:wooden_axe":16,"minecraft:apple":1,"minecraft:stone_pickaxe":178,"minecraft:wooden_pickaxe":22,"minecraft:torch":11,"minecraft:dirt":3,"minecraft:cobblestone":1,"minecraft:crafting_table":4,"minecraft:furnace":2,"minecraft:egg":1},"minecraft:crafted":{"minecraft:oak_planks":44,"minecraft:charcoal":4,"minecraft:cooked_porkchop":4,"minecraft:crafting_table":2,"minecraft:stick":16,"minecraft:cooked_chicken":2,"minecraft:wooden_pickaxe":1,"minecraft:stone_pickaxe":2,"minecraft:wooden_axe":1,"minecraft:stone_sword":1,"minecraft:furnace":1,"minecraft:torch":16,"minecraft:stone_axe":1,"minecraft:cooked_mutton":4},"minecraft:picked_up":{"minecraft:crafting_table":2,"minecraft:feather":2,"minecraft:chicken":2,"minecraft:salmon":4,"minecraft:gravel":1,"cobblemon:cheri_berry":26,"minecraft:porkchop":4,"minecraft:oak_log":15,"cobblemon:pink_apricorn":2,"mekanism:raw_osmium":3,"cobblemon:wepear_berry":20,"mekanism:raw_tin":19,"minecraft:dirt":38,"minecraft:raw_copper":53,"cobblemon:pink_apricorn_seed":1,"minecraft:apple":1,"mekanism:fluorite_gem":3,"cobblemon:pink_mint_seeds":3,"cobblemon:oran_berry":26,"minecraft:bone_meal":1,"minecraft:mutton":4,"minecraft:coal":10,"minecraft:white_wool":3,"minecraft:furnace":2,"minecraft:cobblestone":149,"minecraft:egg":1},"minecraft:custom":{"minecraft:time_since_rest":57596,"minecraft:interact_with_furnace":16,"minecraft:sprint_one_cm":28847,"minecraft:damage_taken":290,"minecraft:walk_one_cm":193014,"minecraft:mob_kills":3,"minecraft:damage_dealt":280,"minecraft:interact_with_crafting_table":7,"minecraft:fly_one_cm":21848,"minecraft:crouch_one_cm":8,"minecraft:play_time":57596,"minecraft:sneak_time":62,"minecraft:walk_under_water_one_cm":15305,"minecraft:jump":325,"minecraft:leave_game":1,"minecraft:time_since_death":57596,"minecraft:walk_on_water_one_cm":11956,"minecraft:total_world_time":57596,"minecraft:fall_one_cm":5718},"minecraft:broken":{"minecraft:stone_pickaxe":1},"minecraft:killed":{"minecraft:pig":1,"minecraft:salmon":1}},"DataVersion":3465}