{"stats":{"minecraft:used":{"minecraft:spruce_door":14,"minecraft:stone_shovel":454,"minecraft:stone_pickaxe":507,"minecraft:baked_potato":1,"minecraft:chest":15,"minecraft:spruce_planks":860,"minecraft:wooden_pickaxe":14,"minecraft:sugar_cane":32,"minecraft:cooked_chicken":2,"minecraft:rotten_flesh":5,"cobblemon:black_apricorn_seed":1,"cobblemon:white_apricorn_seed":1,"minecraft:torch":31,"minecraft:dirt":80,"minecraft:sand":2,"minecraft:crafting_table":5,"minecraft:spruce_log":10,"cobblemon:healing_machine":1,"minecraft:glass":20,"minecraft:bread":4,"minecraft:spruce_sapling":1,"cobblemon:pc":1,"minecraft:stone_axe":477,"minecraft:wooden_sword":45,"minecraft:cobblestone":140,"minecraft:purple_bed":3,"minecraft:sweet_berries":235,"minecraft:oak_sapling":1,"minecraft:furnace":20,"minecraft:cooked_porkchop":7,"minecraft:egg":1,"minecraft:bone_meal":6},"minecraft:picked_up":{"minecraft:wooden_axe":1,"minecraft:crafting_table":4,"minecraft:feather":8,"minecraft:chicken":7,"cobblemon:yellow_apricorn":3,"minecraft:andesite":30,"minecraft:leather":2,"minecraft:wooden_pickaxe":2,"minecraft:potato":1,"minecraft:flint":1,"minecraft:oak_log":2,"minecraft:gunpowder":4,"minecraft:lapis_lazuli":37,"minecraft:string":2,"minecraft:dirt":411,"minecraft:raw_copper":46,"minecraft:wooden_sword":1,"cobblemon:white_apricorn":6,"minecraft:bone":2,"cobblemon:oran_berry":5,"minecraft:wheat_seeds":8,"cobblemon:black_apricorn":4,"minecraft:stone_pickaxe":1,"cobblemon:potion":1,"cobblemon:white_apricorn_seed":2,"minecraft:spruce_planks":59,"minecraft:beef":4,"minecraft:cooked_chicken":1,"minecraft:iron_nugget":8,"minecraft:sugar_cane":46,"minecraft:chest":2,"minecraft:furnace":4,"minecraft:egg":1,"minecraft:raw_iron":6,"minecraft:stick":26,"minecraft:cooked_porkchop":7,"minecraft:sweet_berries":238,"cobblemon:black_apricorn_seed":2,"minecraft:torch":6,"cobblemon:premier_ball":1,"minecraft:sand":129,"minecraft:diorite":5,"minecraft:spruce_sapling":29,"cobblemon:vivichoke_seeds":6,"minecraft:spruce_log":305,"minecraft:spruce_door":13,"minecraft:iron_horse_armor":4,"minecraft:pumpkin_seeds":10,"minecraft:purple_bed":3,"minecraft:rotten_flesh":14,"cobblemon:poke_ball":2,"minecraft:granite":6,"minecraft:bread":4,"minecraft:baked_potato":1,"minecraft:oak_sapling":1,"cobblemon:blue_apricorn":15,"minecraft:coal":75,"minecraft:cobblestone":363},"minecraft:dropped":{"minecraft:wheat_seeds":1,"minecraft:rotten_flesh":1,"minecraft:leather":2,"minecraft:iron_horse_armor":2,"minecraft:pumpkin_seeds":5,"minecraft:spruce_sapling":2},"minecraft:mined":{"minecraft:spruce_planks":64,"minecraft:spruce_door":2,"minecraft:crafting_table":4,"minecraft:torch":1,"minecraft:granite":6,"minecraft:grass_block":327,"minecraft:chest":2,"minecraft:cobblestone":3,"minecraft:glass":1,"minecraft:copper_ore":5,"minecraft:spruce_leaves":106,"minecraft:lapis_ore":6,"minecraft:sugar_cane":24,"cobblemon:oran_berry":1,"minecraft:diorite":5,"minecraft:wall_torch":5,"minecraft:large_fern":8,"minecraft:purple_bed":3,"minecraft:furnace":4,"minecraft:iron_ore":6,"minecraft:fire":11,"minecraft:sweet_berry_bush":100,"minecraft:spruce_log":314,"minecraft:andesite":30,"minecraft:birch_leaves":1,"minecraft:grass":10,"minecraft:oak_log":2,"minecraft:coal_ore":70,"minecraft:sand":122,"minecraft:dirt":35,"minecraft:stone":364,"minecraft:oak_leaves":14,"minecraft:fern":30},"minecraft:broken":{"minecraft:stone_pickaxe":3,"minecraft:stone_axe":3,"minecraft:wooden_sword":1,"minecraft:stone_shovel":3},"minecraft:killed_by":{"minecraft:player":1,"minecraft:spider":1,"minecraft:zombie":2},"minecraft:killed":{"cobblemon:pokemon":1,"minecraft:spider":1,"minecraft:skeleton":2,"minecraft:zombie":3,"minecraft:chicken":2},"minecraft:crafted":{"minecraft:cooked_beef":2,"minecraft:stone_shovel":4,"minecraft:cooked_porkchop":6,"minecraft:crafting_table":2,"minecraft:spruce_planks":968,"minecraft:cooked_chicken":4,"minecraft:bone_meal":6,"minecraft:spruce_door":9,"minecraft:furnace":16,"minecraft:copper_ingot":4,"minecraft:stone_axe":4,"cobblemon:premier_ball":4,"minecraft:cooked_mutton":8,"minecraft:air":0,"minecraft:glass":23,"minecraft:stick":56,"minecraft:iron_ingot":1,"minecraft:stone_pickaxe":6,"minecraft:chest":13,"cobblemon:azure_ball":4,"minecraft:torch":28},"minecraft:custom":{"minecraft:interact_with_furnace":42,"minecraft:mob_kills":13,"minecraft:interact_with_crafting_table":47,"minecraft:interact_with_campfire":1,"minecraft:bell_ring":63,"minecraft:interact_with_grindstone":1,"minecraft:leave_game":1,"minecraft:time_since_death":184200,"minecraft:sleep_in_bed":2,"minecraft:time_since_rest":131653,"minecraft:sprint_one_cm":473457,"minecraft:damage_taken":2897,"minecraft:walk_one_cm":781511,"minecraft:drop":8,"minecraft:damage_dealt":1938,"minecraft:swim_one_cm":766,"minecraft:talked_to_villager":2,"minecraft:fly_one_cm":328509,"minecraft:open_chest":90,"minecraft:crouch_one_cm":7284,"minecraft:play_time":209523,"minecraft:deaths":6,"minecraft:sneak_time":1444,"minecraft:walk_under_water_one_cm":10120,"minecraft:jump":1570,"minecraft:walk_on_water_one_cm":18158,"minecraft:total_world_time":209523,"minecraft:fall_one_cm":19967}},"DataVersion":3465}