{"stats":{"minecraft:mined":{"minecraft:spruce_planks":10,"minecraft:farmland":1,"cobblemon:dawn_stone_ore":2,"cobblemon:apricorn_log":25,"minecraft:obsidian":24,"minecraft:granite":60,"minecraft:budding_amethyst":3,"minecraft:grass_block":1000,"mekanism:osmium_compressor":1,"minecraft:oxeye_daisy":4,"minecraft:mossy_cobblestone_stairs":1,"minecraft:cobbled_deepslate":4,"minecraft:fire":10,"minecraft:iron_ore":137,"minecraft:deepslate_lapis_ore":4,"minecraft:azure_bluet":2,"cobblemon:medicinal_leek":143,"minecraft:dirt_path":2,"minecraft:small_amethyst_bud":2,"cobblemon:water_stone_ore":1,"minecraft:deepslate_redstone_ore":36,"mekanism:osmium_ore":57,"mekanism:enrichment_chamber":4,"minecraft:amethyst_cluster":1,"cobblemon:leaf_stone_ore":1,"minecraft:torch":3,"minecraft:clay":1,"cobblemon:apricorn_planks":3,"cobblemon:apricorn_leaves":11,"minecraft:poppy":4,"minecraft:chest":5,"mekanism:tin_ore":124,"minecraft:cobblestone":53,"minecraft:sugar_cane":4,"minecraft:oak_planks":120,"minecraft:wall_torch":42,"minecraft:amethyst_block":22,"minecraft:birch_sapling":1,"minecraft:seagrass":1,"minecraft:birch_log":93,"minecraft:birch_door":4,"minecraft:grass":258,"mekanism:deepslate_tin_ore":12,"minecraft:oak_log":365,"mekanism:lead_ore":5,"minecraft:oak_fence_gate":1,"minecraft:sand":81,"minecraft:dirt":80,"minecraft:oak_leaves":95,"minecraft:deepslate":847,"minecraft:suspicious_gravel":3,"minecraft:tuff":111,"minecraft:mossy_cobblestone":1,"minecraft:deepslate_diamond_ore":7,"mekanism:deepslate_osmium_ore":6,"minecraft:glow_lichen":3,"mekanismgenerators:heat_generator":10,"minecraft:spruce_leaves":40,"minecraft:furnace":5,"minecraft:carrots":9,"cobblemon:pink_mint":3,"minecraft:andesite":98,"minecraft:potatoes":211,"minecraft:deepslate_iron_ore":11,"minecraft:stripped_oak_log":1,"minecraft:stone":1402,"mekanism:deepslate_lead_ore":23,"minecraft:snow_block":14,"minecraft:dandelion":24,"minecraft:oak_fence":5,"minecraft:crafting_table":9,"minecraft:cornflower":4,"minecraft:emerald_ore":2,"minecraft:tall_grass":38,"minecraft:copper_ore":118,"minecraft:deepslate_gold_ore":1,"minecraft:lapis_ore":10,"mekanism:metallurgic_infuser":14,"minecraft:diorite":68,"cobblemon:yellow_apricorn_sapling":1,"minecraft:birch_planks":74,"cobblemon:apricorn_door":1,"minecraft:spruce_log":145,"minecraft:birch_leaves":5,"minecraft:yellow_bed":11,"minecraft:coal_ore":448,"minecraft:gravel":135,"mekanism:deepslate_fluorite_ore":8,"mekanism:deepslate_uranium_ore":10},"minecraft:used":{"minecraft:chest":16,"minecraft:iron_sword":296,"minecraft:rotten_flesh":20,"minecraft:carrot":9,"minecraft:spruce_boat":1,"minecraft:glass":24,"minecraft:lava_bucket":13,"minecraft:birch_sapling":1,"cobblemon:apricorn_door":16,"cobblemon:apricorn_planks":79,"minecraft:furnace":16,"minecraft:oak_sapling":3,"minecraft:egg":12,"minecraft:potato":315,"minecraft:diorite":1,"mekanismtools:osmium_paxel":102,"minecraft:spruce_door":2,"minecraft:stone_pickaxe":1085,"minecraft:oak_planks":1162,"minecraft:wooden_pickaxe":61,"minecraft:sugar_cane":3,"minecraft:white_wool":1,"minecraft:sand":8,"cobblemon:yellow_apricorn_seed":14,"mekanism:metallurgic_infuser":17,"minecraft:gravel":11,"cobblemon:medicinal_leek":5,"minecraft:oak_boat":9,"minecraft:bone_meal":39,"mekanismtools:osmium_chestplate":1,"minecraft:oak_fence":51,"mekanism:enrichment_chamber":5,"minecraft:stone_sword":78,"minecraft:stone_shovel":1071,"minecraft:spruce_planks":238,"minecraft:stone_hoe":96,"minecraft:cooked_chicken":9,"minecraft:torch":309,"minecraft:dirt":275,"mekanism:osmium_compressor":2,"minecraft:oak_fence_gate":3,"minecraft:birch_door":16,"minecraft:wooden_axe":51,"mekanismgenerators:heat_generator":12,"mekanismtools:osmium_helmet":1,"tombstone:gift":5,"minecraft:cooked_beef":6,"minecraft:cobbled_deepslate":82,"minecraft:cooked_mutton":22,"minecraft:water_bucket":37,"minecraft:birch_planks":292,"minecraft:baked_potato":108,"minecraft:birch_boat":8,"mekanismtools:stone_paxel":2754,"minecraft:crafting_table":21,"mekanismtools:osmium_boots":1,"cobblemon:white_apricorn_seed":3,"minecraft:oak_log":2,"minecraft:diamond_pickaxe":27,"minecraft:apple":9,"minecraft:oxeye_daisy":1,"minecraft:iron_pickaxe":28,"tombstone:magic_scroll":2,"minecraft:stone_axe":881,"minecraft:cobblestone":256,"minecraft:white_banner":1,"minecraft:cooked_porkchop":2,"minecraft:bucket":52,"minecraft:yellow_bed":11,"mekanismtools:osmium_leggings":1,"minecraft:dandelion":2},"minecraft:crafted":{"minecraft:oak_planks":1432,"mekanism:ingot_osmium":60,"minecraft:birch_boat":3,"minecraft:cooked_chicken":11,"mekanismtools:osmium_chestplate":1,"cobblemon:apricorn_planks":100,"mekanismgenerators:heat_generator":4,"minecraft:cooked_mutton":23,"minecraft:glass":71,"mekanismtools:osmium_boots":1,"minecraft:chest":11,"minecraft:birch_door":12,"mekanism:ingot_steel":10,"minecraft:stone_hoe":1,"minecraft:oak_fence":48,"mekanismtools:osmium_pickaxe":1,"minecraft:cooked_porkchop":6,"minecraft:crafting_table":13,"minecraft:spruce_planks":568,"minecraft:baked_potato":145,"minecraft:wooden_pickaxe":2,"minecraft:spruce_door":3,"minecraft:copper_ingot":77,"minecraft:birch_planks":368,"mekanismtools:osmium_leggings":1,"mekanismtools:stone_paxel":12,"mekanism:ingot_lead":28,"minecraft:diamond_pickaxe":1,"minecraft:charcoal":4,"mekanism:steel_casing":2,"minecraft:stick":288,"minecraft:iron_ingot":133,"minecraft:iron_pickaxe":1,"minecraft:stone_sword":2,"mekanism:osmium_compressor":1,"mekanismtools:osmium_paxel":1,"minecraft:stone_shovel":20,"mekanismtools:osmium_shovel":1,"minecraft:furnace":25,"minecraft:bone_meal":39,"mekanismtools:osmium_axe":1,"minecraft:stone_pickaxe":21,"minecraft:spruce_boat":1,"mekanismtools:osmium_helmet":1,"cobblemon:citrine_ball":40,"minecraft:cooked_beef":6,"mekanism:metallurgic_infuser":4,"minecraft:iron_sword":2,"minecraft:bucket":6,"minecraft:stone_axe":22,"minecraft:air":0,"minecraft:oak_fence_gate":2,"minecraft:oak_boat":6,"cobblemon:apricorn_door":12,"mekanism:enrichment_chamber":1,"minecraft:wooden_axe":2,"mekanism:advanced_control_circuit":2,"minecraft:torch":296},"minecraft:picked_up":{"cobblemon:leaf_stone":1,"minecraft:birch_door":16,"mekanism:raw_uranium":10,"cobblemon:red_apricorn":4,"minecraft:enchanted_book":2,"tombstone:grave_key":1,"minecraft:amethyst_block":22,"cobblemon:wepear_berry":47,"minecraft:string":50,"minecraft:raw_copper":493,"mekanismgenerators:heat_generator":8,"minecraft:cobbled_deepslate":848,"cobblemon:white_apricorn_seed":3,"minecraft:spruce_planks":13,"cobblemon:oran_berry":352,"minecraft:furnace":5,"minecraft:stick":57,"cobblemon:apricorn_log":30,"minecraft:oak_fence":9,"minecraft:torch":73,"minecraft:porkchop":6,"tombstone:grave_dust":14,"minecraft:diorite":73,"mekanism:raw_tin":156,"minecraft:rotten_flesh":78,"minecraft:honey_bottle":1,"minecraft:obsidian":23,"minecraft:snowball":56,"minecraft:cobblestone":1817,"minecraft:birch_log":92,"minecraft:feather":13,"minecraft:andesite":122,"minecraft:brown_wool":2,"minecraft:potato":717,"cobblemon:razz_berry":22,"minecraft:flint":12,"minecraft:tuff":111,"minecraft:lapis_lazuli":92,"minecraft:dirt":1393,"minecraft:bone":40,"minecraft:wheat_seeds":88,"minecraft:raw_gold":1,"minecraft:rabbit":6,"minecraft:oak_planks":130,"cobblemon:poison_barb":1,"cobblemon:apricorn_planks":3,"mekanism:metallurgic_infuser":13,"minecraft:poisonous_potato":3,"mekanism:enriched_iron":5,"minecraft:sand":79,"cobblemon:persim_berry":144,"minecraft:ink_sac":6,"minecraft:mossy_cobblestone":1,"minecraft:bundle":2,"minecraft:diamond":7,"minecraft:spruce_boat":2,"minecraft:granite":66,"cobblemon:apricorn_door":7,"minecraft:bone_meal":1,"minecraft:emerald":2,"cobblemon:medicinal_leek":295,"minecraft:oak_sapling":48,"minecraft:crafting_table":9,"minecraft:azure_bluet":2,"minecraft:chicken":17,"minecraft:clay_ball":5,"cobblemon:yellow_apricorn":180,"minecraft:cornflower":4,"cobblemon:white_apricorn":44,"cobblemon:green_apricorn":12,"minecraft:beef":11,"minecraft:oak_boat":9,"minecraft:poppy":4,"minecraft:sugar_cane":9,"minecraft:chest":5,"minecraft:birch_sapling":5,"minecraft:egg":12,"cobblemon:silver_powder":1,"minecraft:raw_iron":148,"minecraft:copper_ingot":16,"minecraft:carrot":24,"cobblemon:citrine_ball":134,"minecraft:redstone":167,"cobblemon:dawn_stone":2,"minecraft:arrow":56,"mekanism:osmium_compressor":1,"cobblemon:blue_apricorn":35,"minecraft:mutton":26,"minecraft:white_wool":35,"minecraft:oxeye_daisy":4,"minecraft:stripped_oak_log":4,"minecraft:air":0,"mekanism:raw_lead":28,"minecraft:salmon":5,"minecraft:leather":8,"minecraft:birch_planks":71,"minecraft:oak_log":369,"minecraft:yellow_bed":11,"minecraft:gunpowder":30,"minecraft:white_banner":1,"cobblemon:pink_apricorn_seed":1,"mekanism:enrichment_chamber":4,"minecraft:apple":9,"minecraft:stone_pickaxe":2,"minecraft:rabbit_hide":4,"minecraft:iron_ingot":1,"minecraft:oak_fence_gate":1,"cobblemon:pink_mint_seeds":3,"minecraft:birch_boat":9,"minecraft:sweet_berries":2,"minecraft:dandelion":24,"cobblemon:blue_apricorn_seed":1,"minecraft:gravel":128,"cobblemon:cheri_berry":68,"cobblemon:yellow_apricorn_seed":17,"minecraft:amethyst_shard":4,"cobblemon:pink_apricorn":2,"minecraft:spruce_sapling":21,"minecraft:spruce_log":142,"mekanism:raw_osmium":73,"minecraft:spider_eye":13,"minecraft:stone_axe":1,"mekanism:fluorite_gem":27,"minecraft:gray_wool":3,"minecraft:baked_potato":12,"tombstone:magic_scroll":3,"cobblemon:water_stone":3,"minecraft:coal":485,"minecraft:ender_pearl":1},"minecraft:custom":{"minecraft:interact_with_crafting_table":152,"minecraft:bell_ring":15,"minecraft:leave_game":10,"minecraft:time_since_death":176398,"minecraft:sprint_one_cm":1796802,"minecraft:drop":46,"minecraft:talked_to_villager":9,"minecraft:play_time":848959,"minecraft:deaths":32,"minecraft:jump":10184,"minecraft:walk_on_water_one_cm":108111,"minecraft:interact_with_furnace":233,"minecraft:interact_with_cartography_table":1,"minecraft:sleep_in_bed":40,"minecraft:damage_dealt":20319,"minecraft:crouch_one_cm":42968,"tombstone:undead_killed":48,"minecraft:mob_kills":139,"minecraft:walk_one_cm":2776268,"minecraft:sneak_time":15175,"minecraft:walk_under_water_one_cm":131661,"minecraft:boat_one_cm":1529199,"minecraft:total_world_time":848959,"minecraft:time_since_rest":18804,"minecraft:damage_taken":14321,"minecraft:swim_one_cm":1277,"minecraft:fly_one_cm":1785649,"minecraft:open_chest":654,"minecraft:fall_one_cm":189149},"minecraft:broken":{"mekanismtools:stone_paxel":10,"minecraft:stone_pickaxe":7,"minecraft:stone_axe":6,"minecraft:iron_sword":1,"minecraft:wooden_axe":1,"minecraft:stone_shovel":8,"minecraft:wooden_pickaxe":1},"minecraft:killed_by":{"cobblemon:pokemon":6,"minecraft:creeper":3,"minecraft:witch":2,"minecraft:zombie":5,"minecraft:player":1,"minecraft:spider":1,"minecraft:skeleton":8},"minecraft:killed":{"minecraft:spider":13,"minecraft:dolphin":1,"minecraft:skeleton":15,"minecraft:chicken":6,"minecraft:pig":3,"minecraft:salmon":1,"minecraft:creeper":11,"minecraft:sheep":10,"minecraft:zombie":32,"minecraft:cow":3,"creeperoverhaul:snowy_creeper":1,"minecraft:drowned":1},"minecraft:dropped":{"minecraft:birch_planks":4,"minecraft:baked_potato":12,"minecraft:flint":1,"minecraft:dirt":2,"minecraft:cornflower":4,"minecraft:mutton":1,"minecraft:snowball":56,"minecraft:white_wool":1,"minecraft:gravel":2,"minecraft:stone_axe":1,"minecraft:rotten_flesh":14,"minecraft:oak_planks":1,"minecraft:azure_bluet":2,"minecraft:poppy":4,"minecraft:rabbit_hide":1,"minecraft:arrow":3,"minecraft:feather":2,"minecraft:oxeye_daisy":2,"cobblemon:medicinal_leek":1,"mekanism:enriched_iron":5,"minecraft:ink_sac":6,"tombstone:grave_key":3,"minecraft:rabbit":1,"minecraft:dandelion":22,"minecraft:sweet_berries":2,"minecraft:spruce_boat":2,"minecraft:bundle":1,"minecraft:spruce_planks":6,"minecraft:andesite":9,"minecraft:oak_boat":3,"minecraft:spider_eye":2,"minecraft:birch_boat":1}},"DataVersion":3465}