{"stats":{"minecraft:mined":{"minecraft:grass":1,"minecraft:oak_log":15,"minecraft:stone":9,"minecraft:oak_leaves":1,"minecraft:crafting_table":2},"minecraft:used":{"minecraft:wooden_axe":16,"minecraft:apple":1,"minecraft:crafting_table":2,"minecraft:wooden_pickaxe":9,"minecraft:egg":1},"minecraft:crafted":{"minecraft:oak_planks":44,"minecraft:crafting_table":1,"minecraft:stick":4,"minecraft:wooden_pickaxe":1,"minecraft:wooden_axe":1},"minecraft:picked_up":{"cobblemon:pink_apricorn_seed":1,"minecraft:crafting_table":2,"minecraft:apple":1,"minecraft:porkchop":4,"minecraft:oak_log":15,"cobblemon:pink_apricorn":2,"minecraft:cobblestone":9,"minecraft:egg":1},"minecraft:custom":{"minecraft:time_since_rest":9596,"minecraft:sprint_one_cm":6866,"minecraft:play_time":9596,"minecraft:damage_taken":30,"minecraft:walk_one_cm":65936,"minecraft:mob_kills":1,"minecraft:jump":67,"minecraft:damage_dealt":110,"minecraft:walk_on_water_one_cm":213,"minecraft:leave_game":1,"minecraft:time_since_death":9596,"minecraft:total_world_time":9596,"minecraft:fall_one_cm":1086,"minecraft:interact_with_crafting_table":3,"minecraft:fly_one_cm":402},"minecraft:killed":{"minecraft:pig":1}},"DataVersion":3465}