{"stats":{"minecraft:crafted":{"minecraft:oak_planks":892,"minecraft:stone_shovel":2,"minecraft:cooked_chicken":3,"minecraft:furnace":3,"minecraft:cooked_mutton":20,"minecraft:stone_pickaxe":7,"minecraft:chest":4,"minecraft:birch_door":3,"minecraft:stone_hoe":1,"minecraft:oak_fence":48,"minecraft:cooked_beef":6,"minecraft:cooked_porkchop":4,"minecraft:crafting_table":6,"minecraft:wooden_pickaxe":2,"minecraft:iron_sword":1,"minecraft:bucket":1,"minecraft:birch_planks":192,"minecraft:stone_axe":5,"minecraft:oak_fence_gate":2,"minecraft:oak_boat":1,"minecraft:charcoal":4,"minecraft:stick":96,"minecraft:iron_ingot":11,"minecraft:iron_pickaxe":1,"minecraft:wooden_axe":2,"minecraft:stone_sword":2,"minecraft:torch":64},"minecraft:broken":{"minecraft:wooden_pickaxe":1,"minecraft:stone_pickaxe":5,"minecraft:stone_axe":2,"minecraft:wooden_axe":1,"minecraft:stone_shovel":1},"minecraft:killed_by":{"cobblemon:pokemon":1,"minecraft:player":1,"minecraft:creeper":2,"minecraft:spider":1,"minecraft:skeleton":6,"minecraft:witch":2,"minecraft:zombie":5},"minecraft:picked_up":{"minecraft:crafting_table":6,"minecraft:azure_bluet":2,"minecraft:chicken":8,"cobblemon:yellow_apricorn":35,"minecraft:amethyst_block":1,"minecraft:cornflower":4,"cobblemon:wepear_berry":20,"minecraft:string":13,"minecraft:raw_copper":146,"cobblemon:white_apricorn":8,"cobblemon:green_apricorn":4,"cobblemon:white_apricorn_seed":1,"minecraft:beef":6,"cobblemon:oran_berry":166,"minecraft:poppy":4,"minecraft:birch_sapling":3,"minecraft:furnace":3,"minecraft:egg":5,"minecraft:stick":27,"minecraft:raw_iron":11,"cobblemon:apricorn_log":5,"minecraft:oak_fence":5,"minecraft:torch":3,"minecraft:porkchop":6,"tombstone:grave_dust":5,"minecraft:diorite":3,"minecraft:carrot":1,"mekanism:raw_tin":39,"minecraft:arrow":20,"minecraft:rotten_flesh":34,"minecraft:mutton":20,"cobblemon:blue_apricorn":17,"minecraft:stripped_oak_log":3,"minecraft:white_wool":11,"minecraft:cobblestone":610,"minecraft:oxeye_daisy":4,"minecraft:birch_log":48,"minecraft:feather":8,"minecraft:andesite":18,"minecraft:salmon":4,"minecraft:leather":2,"minecraft:potato":4,"cobblemon:razz_berry":5,"minecraft:birch_planks":4,"minecraft:oak_log":242,"minecraft:yellow_bed":4,"minecraft:gunpowder":14,"minecraft:dirt":321,"cobblemon:pink_apricorn_seed":1,"minecraft:bone":18,"minecraft:apple":8,"minecraft:wheat_seeds":29,"cobblemon:pink_mint_seeds":3,"minecraft:iron_ingot":1,"minecraft:rabbit_hide":1,"minecraft:oak_fence_gate":1,"minecraft:rabbit":1,"minecraft:oak_planks":45,"minecraft:dandelion":24,"cobblemon:blue_apricorn_seed":1,"minecraft:gravel":6,"cobblemon:cheri_berry":60,"minecraft:sand":7,"cobblemon:yellow_apricorn_seed":2,"minecraft:amethyst_shard":4,"cobblemon:pink_apricorn":2,"cobblemon:persim_berry":68,"minecraft:ink_sac":6,"mekanism:raw_osmium":8,"minecraft:spider_eye":6,"minecraft:bundle":1,"minecraft:granite":8,"mekanism:fluorite_gem":3,"minecraft:bone_meal":1,"minecraft:gray_wool":1,"minecraft:oak_sapling":34,"tombstone:magic_scroll":1,"cobblemon:water_stone":1,"minecraft:coal":110},"minecraft:custom":{"minecraft:mob_kills":87,"minecraft:interact_with_crafting_table":61,"minecraft:bell_ring":15,"minecraft:leave_game":6,"minecraft:time_since_death":23300,"minecraft:sprint_one_cm":599006,"minecraft:walk_one_cm":1123554,"minecraft:drop":13,"minecraft:talked_to_villager":8,"minecraft:play_time":264733,"minecraft:deaths":19,"minecraft:sneak_time":4279,"minecraft:walk_under_water_one_cm":27647,"minecraft:jump":3902,"minecraft:walk_on_water_one_cm":35747,"minecraft:total_world_time":264733,"minecraft:interact_with_furnace":56,"minecraft:interact_with_cartography_table":1,"minecraft:sleep_in_bed":15,"minecraft:time_since_rest":22320,"minecraft:damage_taken":6656,"minecraft:damage_dealt":15365,"minecraft:swim_one_cm":250,"minecraft:fly_one_cm":726960,"minecraft:open_chest":91,"minecraft:crouch_one_cm":22068,"tombstone:undead_killed":38,"minecraft:fall_one_cm":80330},"minecraft:dropped":{"minecraft:feather":2,"minecraft:oxeye_daisy":2,"minecraft:ink_sac":6,"minecraft:cornflower":4,"tombstone:grave_key":2,"minecraft:dandelion":21,"minecraft:azure_bluet":2,"minecraft:poppy":4,"minecraft:andesite":9,"minecraft:spider_eye":2},"minecraft:killed":{"minecraft:spider":8,"minecraft:skeleton":13,"minecraft:chicken":5,"minecraft:pig":3,"minecraft:salmon":1,"minecraft:creeper":10,"minecraft:sheep":9,"minecraft:zombie":25,"minecraft:cow":3},"minecraft:used":{"minecraft:oak_fence":51,"minecraft:stone_sword":78,"minecraft:stone_shovel":244,"minecraft:chest":4,"minecraft:iron_sword":231,"minecraft:cooked_chicken":1,"minecraft:rotten_flesh":18,"minecraft:stone_hoe":28,"minecraft:torch":41,"minecraft:dirt":57,"minecraft:carrot":1,"minecraft:oak_fence_gate":3,"minecraft:birch_door":2,"minecraft:wooden_axe":51,"minecraft:birch_sapling":1,"minecraft:oak_sapling":3,"minecraft:furnace":5,"tombstone:gift":4,"minecraft:egg":5,"minecraft:cooked_beef":2,"minecraft:potato":4,"minecraft:cooked_mutton":20,"minecraft:water_bucket":12,"minecraft:birch_planks":102,"minecraft:stone_pickaxe":823,"minecraft:oak_planks":711,"minecraft:wooden_pickaxe":61,"minecraft:sand":7,"cobblemon:yellow_apricorn_seed":2,"minecraft:crafting_table":11,"cobblemon:white_apricorn_seed":1,"minecraft:apple":3,"minecraft:oxeye_daisy":1,"minecraft:iron_pickaxe":13,"tombstone:magic_scroll":2,"minecraft:gravel":2,"minecraft:stone_axe":367,"minecraft:cobblestone":8,"minecraft:bucket":12,"minecraft:yellow_bed":4,"minecraft:dandelion":2},"minecraft:mined":{"minecraft:farmland":1,"cobblemon:apricorn_log":5,"minecraft:granite":8,"minecraft:grass_block":256,"minecraft:oxeye_daisy":4,"minecraft:furnace":3,"minecraft:iron_ore":11,"cobblemon:pink_mint":3,"minecraft:andesite":9,"minecraft:azure_bluet":2,"minecraft:potatoes":1,"minecraft:stripped_oak_log":1,"minecraft:stone":628,"cobblemon:water_stone_ore":1,"mekanism:osmium_ore":8,"minecraft:amethyst_cluster":1,"minecraft:dandelion":24,"minecraft:oak_fence":5,"minecraft:crafting_table":6,"minecraft:cornflower":4,"cobblemon:apricorn_leaves":1,"minecraft:poppy":4,"mekanism:tin_ore":39,"minecraft:tall_grass":33,"minecraft:copper_ore":40,"minecraft:oak_planks":45,"minecraft:diorite":3,"minecraft:wall_torch":1,"minecraft:amethyst_block":1,"minecraft:birch_sapling":1,"minecraft:birch_planks":4,"minecraft:birch_log":48,"minecraft:birch_leaves":2,"minecraft:yellow_bed":4,"minecraft:grass":203,"minecraft:oak_log":239,"minecraft:coal_ore":110,"minecraft:oak_fence_gate":1,"minecraft:gravel":6,"minecraft:sand":8,"minecraft:dirt":22,"minecraft:oak_leaves":54}},"DataVersion":3465}