{"stats":{"minecraft:crafted":{"minecraft:oak_planks":696,"minecraft:stone_shovel":2,"minecraft:cooked_chicken":3,"minecraft:furnace":3,"minecraft:cooked_mutton":20,"minecraft:stone_pickaxe":7,"minecraft:chest":2,"minecraft:stone_hoe":1,"minecraft:oak_fence":48,"minecraft:cooked_beef":6,"minecraft:cooked_porkchop":4,"minecraft:crafting_table":6,"minecraft:wooden_pickaxe":2,"minecraft:iron_sword":1,"minecraft:bucket":1,"minecraft:stone_axe":5,"minecraft:oak_fence_gate":2,"minecraft:oak_boat":1,"minecraft:charcoal":4,"minecraft:stick":88,"minecraft:iron_ingot":11,"minecraft:iron_pickaxe":1,"minecraft:wooden_axe":2,"minecraft:stone_sword":2,"minecraft:torch":32},"minecraft:broken":{"minecraft:wooden_pickaxe":1,"minecraft:stone_pickaxe":5,"minecraft:stone_axe":2,"minecraft:wooden_axe":1,"minecraft:stone_shovel":1},"minecraft:killed_by":{"cobblemon:pokemon":1,"minecraft:player":1,"minecraft:creeper":1,"minecraft:spider":1,"minecraft:skeleton":5,"minecraft:witch":2,"minecraft:zombie":5},"minecraft:picked_up":{"minecraft:crafting_table":6,"minecraft:azure_bluet":2,"minecraft:chicken":8,"cobblemon:yellow_apricorn":35,"minecraft:amethyst_block":1,"cobblemon:wepear_berry":20,"minecraft:cornflower":4,"minecraft:string":13,"minecraft:raw_copper":146,"cobblemon:green_apricorn":4,"minecraft:beef":6,"cobblemon:oran_berry":166,"minecraft:poppy":4,"minecraft:birch_sapling":3,"minecraft:egg":5,"minecraft:furnace":3,"minecraft:stick":23,"minecraft:raw_iron":11,"cobblemon:apricorn_log":5,"minecraft:oak_fence":5,"minecraft:torch":3,"minecraft:porkchop":5,"tombstone:grave_dust":2,"minecraft:diorite":3,"minecraft:carrot":1,"mekanism:raw_tin":39,"minecraft:arrow":14,"minecraft:rotten_flesh":27,"minecraft:mutton":20,"cobblemon:blue_apricorn":17,"minecraft:stripped_oak_log":1,"minecraft:white_wool":11,"minecraft:cobblestone":603,"minecraft:oxeye_daisy":3,"minecraft:birch_log":48,"minecraft:feather":8,"minecraft:salmon":4,"minecraft:andesite":18,"minecraft:leather":2,"minecraft:potato":3,"cobblemon:razz_berry":5,"minecraft:oak_log":207,"minecraft:yellow_bed":4,"minecraft:gunpowder":8,"minecraft:dirt":228,"cobblemon:pink_apricorn_seed":1,"minecraft:bone":11,"minecraft:apple":8,"minecraft:wheat_seeds":24,"minecraft:oak_fence_gate":1,"minecraft:rabbit_hide":1,"minecraft:iron_ingot":1,"cobblemon:pink_mint_seeds":3,"minecraft:rabbit":1,"minecraft:dandelion":23,"cobblemon:blue_apricorn_seed":1,"minecraft:gravel":4,"cobblemon:cheri_berry":60,"minecraft:sand":7,"cobblemon:yellow_apricorn_seed":2,"minecraft:amethyst_shard":4,"minecraft:ink_sac":6,"cobblemon:persim_berry":68,"cobblemon:pink_apricorn":2,"minecraft:spider_eye":6,"mekanism:raw_osmium":8,"minecraft:bundle":1,"mekanism:fluorite_gem":3,"minecraft:granite":8,"minecraft:bone_meal":1,"minecraft:gray_wool":1,"tombstone:magic_scroll":1,"minecraft:oak_sapling":26,"cobblemon:water_stone":1,"minecraft:coal":110},"minecraft:custom":{"minecraft:mob_kills":72,"minecraft:interact_with_crafting_table":56,"minecraft:bell_ring":15,"minecraft:leave_game":4,"minecraft:time_since_death":260,"minecraft:sprint_one_cm":503796,"minecraft:walk_one_cm":983569,"minecraft:drop":13,"minecraft:talked_to_villager":8,"minecraft:play_time":235041,"minecraft:deaths":17,"minecraft:sneak_time":473,"minecraft:walk_under_water_one_cm":27647,"minecraft:jump":3661,"minecraft:walk_on_water_one_cm":35747,"minecraft:total_world_time":235041,"minecraft:interact_with_furnace":53,"minecraft:interact_with_cartography_table":1,"minecraft:sleep_in_bed":13,"minecraft:time_since_rest":1,"minecraft:damage_taken":5606,"minecraft:damage_dealt":12454,"minecraft:swim_one_cm":250,"minecraft:fly_one_cm":678702,"minecraft:open_chest":64,"minecraft:crouch_one_cm":1534,"tombstone:undead_killed":27,"minecraft:fall_one_cm":75407},"minecraft:dropped":{"minecraft:feather":2,"minecraft:oxeye_daisy":2,"minecraft:ink_sac":6,"minecraft:cornflower":4,"tombstone:grave_key":2,"minecraft:dandelion":21,"minecraft:azure_bluet":2,"minecraft:poppy":4,"minecraft:andesite":9,"minecraft:spider_eye":2},"minecraft:killed":{"minecraft:spider":8,"minecraft:skeleton":8,"minecraft:chicken":5,"minecraft:pig":2,"minecraft:salmon":1,"minecraft:creeper":7,"minecraft:sheep":9,"minecraft:zombie":19,"minecraft:cow":3},"minecraft:used":{"minecraft:oak_fence":51,"minecraft:stone_sword":78,"minecraft:stone_shovel":150,"minecraft:chest":2,"minecraft:iron_sword":164,"minecraft:stone_hoe":27,"minecraft:rotten_flesh":18,"minecraft:cooked_chicken":1,"minecraft:torch":32,"minecraft:dirt":32,"minecraft:carrot":1,"minecraft:oak_fence_gate":3,"minecraft:wooden_axe":51,"minecraft:birch_sapling":1,"minecraft:oak_sapling":3,"minecraft:furnace":5,"tombstone:gift":4,"minecraft:egg":5,"minecraft:cooked_beef":2,"minecraft:potato":3,"minecraft:cooked_mutton":13,"minecraft:water_bucket":12,"minecraft:stone_pickaxe":823,"minecraft:wooden_pickaxe":61,"minecraft:sand":7,"minecraft:crafting_table":11,"cobblemon:yellow_apricorn_seed":2,"minecraft:apple":3,"minecraft:oxeye_daisy":1,"minecraft:iron_pickaxe":1,"tombstone:magic_scroll":2,"minecraft:gravel":2,"minecraft:stone_axe":284,"minecraft:cobblestone":8,"minecraft:bucket":12,"minecraft:yellow_bed":4,"minecraft:dandelion":2},"minecraft:mined":{"minecraft:farmland":1,"cobblemon:apricorn_log":5,"minecraft:granite":8,"minecraft:grass_block":163,"minecraft:oxeye_daisy":3,"minecraft:furnace":3,"minecraft:iron_ore":11,"cobblemon:pink_mint":3,"minecraft:andesite":9,"minecraft:azure_bluet":2,"minecraft:potatoes":1,"minecraft:stripped_oak_log":1,"minecraft:stone":620,"cobblemon:water_stone_ore":1,"mekanism:osmium_ore":8,"minecraft:amethyst_cluster":1,"minecraft:dandelion":23,"minecraft:oak_fence":5,"minecraft:crafting_table":6,"minecraft:cornflower":4,"cobblemon:apricorn_leaves":1,"minecraft:poppy":4,"mekanism:tin_ore":39,"minecraft:tall_grass":33,"minecraft:copper_ore":38,"minecraft:diorite":3,"minecraft:wall_torch":1,"minecraft:amethyst_block":1,"minecraft:birch_sapling":1,"minecraft:birch_log":48,"minecraft:birch_leaves":2,"minecraft:yellow_bed":4,"minecraft:grass":180,"minecraft:oak_log":204,"minecraft:coal_ore":110,"minecraft:oak_fence_gate":1,"minecraft:gravel":4,"minecraft:sand":8,"minecraft:dirt":19,"minecraft:oak_leaves":50}},"DataVersion":3465}