{"stats":{"minecraft:mined":{"minecraft:spruce_planks":10,"minecraft:farmland":1,"cobblemon:dawn_stone_ore":2,"cobblemon:apricorn_log":25,"minecraft:granite":59,"minecraft:budding_amethyst":3,"minecraft:grass_block":999,"minecraft:oxeye_daisy":4,"minecraft:fire":5,"minecraft:iron_ore":111,"minecraft:azure_bluet":2,"cobblemon:medicinal_leek":143,"minecraft:dirt_path":2,"minecraft:small_amethyst_bud":2,"cobblemon:water_stone_ore":1,"minecraft:deepslate_redstone_ore":12,"mekanism:osmium_ore":42,"minecraft:amethyst_cluster":1,"cobblemon:leaf_stone_ore":1,"minecraft:torch":3,"minecraft:clay":1,"cobblemon:apricorn_planks":3,"cobblemon:apricorn_leaves":11,"minecraft:poppy":4,"minecraft:chest":5,"mekanism:tin_ore":96,"minecraft:cobblestone":49,"minecraft:sugar_cane":4,"minecraft:oak_planks":103,"minecraft:wall_torch":40,"minecraft:amethyst_block":22,"minecraft:birch_sapling":1,"minecraft:seagrass":1,"minecraft:birch_log":93,"minecraft:birch_door":4,"minecraft:grass":256,"mekanism:deepslate_tin_ore":4,"minecraft:oak_log":365,"mekanism:lead_ore":5,"minecraft:oak_fence_gate":1,"minecraft:sand":81,"minecraft:dirt":72,"minecraft:oak_leaves":89,"minecraft:deepslate":413,"minecraft:tuff":108,"minecraft:deepslate_diamond_ore":3,"mekanism:deepslate_osmium_ore":6,"minecraft:glow_lichen":3,"mekanismgenerators:heat_generator":10,"minecraft:spruce_leaves":40,"minecraft:furnace":5,"minecraft:carrots":9,"cobblemon:pink_mint":3,"minecraft:andesite":90,"minecraft:potatoes":211,"minecraft:deepslate_iron_ore":1,"minecraft:stripped_oak_log":1,"minecraft:stone":1317,"mekanism:deepslate_lead_ore":23,"minecraft:snow_block":14,"minecraft:dandelion":24,"minecraft:oak_fence":5,"minecraft:crafting_table":9,"minecraft:cornflower":4,"minecraft:emerald_ore":2,"minecraft:tall_grass":37,"minecraft:copper_ore":114,"minecraft:lapis_ore":2,"mekanism:metallurgic_infuser":9,"minecraft:diorite":66,"cobblemon:yellow_apricorn_sapling":1,"minecraft:birch_planks":72,"cobblemon:apricorn_door":1,"minecraft:spruce_log":145,"minecraft:birch_leaves":5,"minecraft:yellow_bed":11,"minecraft:coal_ore":408,"minecraft:gravel":74,"mekanism:deepslate_fluorite_ore":7,"mekanism:deepslate_uranium_ore":5},"minecraft:used":{"minecraft:chest":16,"minecraft:iron_sword":296,"minecraft:rotten_flesh":20,"minecraft:carrot":9,"minecraft:spruce_boat":1,"minecraft:glass":24,"minecraft:lava_bucket":10,"minecraft:birch_sapling":1,"cobblemon:apricorn_door":16,"cobblemon:apricorn_planks":79,"minecraft:furnace":16,"minecraft:oak_sapling":3,"minecraft:egg":10,"minecraft:potato":315,"minecraft:diorite":1,"mekanismtools:osmium_paxel":40,"minecraft:spruce_door":2,"minecraft:stone_pickaxe":1085,"minecraft:oak_planks":1145,"minecraft:wooden_pickaxe":61,"minecraft:sugar_cane":3,"minecraft:white_wool":1,"minecraft:sand":8,"cobblemon:yellow_apricorn_seed":14,"mekanism:metallurgic_infuser":11,"minecraft:gravel":9,"cobblemon:medicinal_leek":5,"minecraft:oak_boat":8,"minecraft:bone_meal":39,"mekanismtools:osmium_chestplate":1,"minecraft:oak_fence":51,"minecraft:stone_sword":78,"minecraft:stone_shovel":1071,"minecraft:spruce_planks":238,"minecraft:stone_hoe":96,"minecraft:cooked_chicken":9,"minecraft:torch":264,"minecraft:dirt":275,"minecraft:oak_fence_gate":3,"minecraft:birch_door":16,"minecraft:wooden_axe":51,"mekanismgenerators:heat_generator":12,"mekanismtools:osmium_helmet":1,"tombstone:gift":5,"minecraft:cooked_beef":6,"minecraft:cobbled_deepslate":5,"minecraft:cooked_mutton":22,"minecraft:water_bucket":37,"minecraft:birch_planks":292,"minecraft:baked_potato":89,"minecraft:birch_boat":8,"mekanismtools:stone_paxel":1987,"minecraft:crafting_table":20,"mekanismtools:osmium_boots":1,"cobblemon:white_apricorn_seed":3,"minecraft:oak_log":2,"minecraft:apple":9,"minecraft:oxeye_daisy":1,"minecraft:iron_pickaxe":28,"tombstone:magic_scroll":2,"minecraft:stone_axe":881,"minecraft:cobblestone":186,"minecraft:white_banner":1,"minecraft:cooked_porkchop":2,"minecraft:bucket":51,"minecraft:yellow_bed":11,"mekanismtools:osmium_leggings":1,"minecraft:dandelion":2},"minecraft:crafted":{"minecraft:oak_planks":1432,"mekanism:ingot_osmium":43,"minecraft:birch_boat":3,"minecraft:cooked_chicken":11,"mekanismtools:osmium_chestplate":1,"cobblemon:apricorn_planks":100,"mekanismgenerators:heat_generator":4,"minecraft:cooked_mutton":23,"minecraft:glass":71,"mekanismtools:osmium_boots":1,"minecraft:chest":11,"minecraft:birch_door":12,"mekanism:ingot_steel":4,"minecraft:stone_hoe":1,"minecraft:oak_fence":48,"mekanismtools:osmium_pickaxe":1,"minecraft:cooked_porkchop":6,"minecraft:crafting_table":12,"minecraft:spruce_planks":568,"minecraft:baked_potato":145,"minecraft:wooden_pickaxe":2,"minecraft:spruce_door":3,"minecraft:copper_ingot":77,"minecraft:birch_planks":368,"mekanismtools:osmium_leggings":1,"mekanismtools:stone_paxel":12,"mekanism:ingot_lead":28,"minecraft:charcoal":4,"mekanism:steel_casing":1,"minecraft:stick":260,"minecraft:iron_ingot":75,"minecraft:iron_pickaxe":1,"minecraft:stone_sword":2,"mekanismtools:osmium_paxel":1,"minecraft:stone_shovel":20,"mekanismtools:osmium_shovel":1,"minecraft:furnace":23,"minecraft:bone_meal":39,"mekanismtools:osmium_axe":1,"minecraft:stone_pickaxe":21,"minecraft:spruce_boat":1,"mekanismtools:osmium_helmet":1,"cobblemon:citrine_ball":40,"minecraft:cooked_beef":6,"mekanism:metallurgic_infuser":3,"minecraft:iron_sword":2,"minecraft:bucket":5,"minecraft:stone_axe":22,"minecraft:air":0,"minecraft:oak_fence_gate":2,"minecraft:oak_boat":5,"cobblemon:apricorn_door":12,"minecraft:wooden_axe":2,"minecraft:torch":264},"minecraft:picked_up":{"cobblemon:leaf_stone":1,"minecraft:birch_door":16,"mekanism:raw_uranium":5,"cobblemon:red_apricorn":4,"minecraft:enchanted_book":2,"tombstone:grave_key":1,"minecraft:amethyst_block":22,"cobblemon:wepear_berry":47,"minecraft:string":50,"minecraft:raw_copper":478,"mekanismgenerators:heat_generator":8,"minecraft:cobbled_deepslate":413,"cobblemon:white_apricorn_seed":3,"minecraft:spruce_planks":13,"cobblemon:oran_berry":352,"minecraft:furnace":5,"minecraft:stick":57,"cobblemon:apricorn_log":30,"minecraft:oak_fence":9,"minecraft:torch":71,"minecraft:porkchop":6,"tombstone:grave_dust":14,"minecraft:diorite":71,"mekanism:raw_tin":120,"minecraft:rotten_flesh":78,"minecraft:honey_bottle":1,"minecraft:snowball":56,"minecraft:cobblestone":1728,"minecraft:birch_log":92,"minecraft:feather":13,"minecraft:andesite":114,"minecraft:potato":717,"cobblemon:razz_berry":22,"minecraft:flint":8,"minecraft:tuff":108,"minecraft:lapis_lazuli":13,"minecraft:dirt":1384,"minecraft:bone":40,"minecraft:wheat_seeds":88,"minecraft:rabbit":6,"minecraft:oak_planks":114,"cobblemon:poison_barb":1,"cobblemon:apricorn_planks":3,"mekanism:metallurgic_infuser":8,"minecraft:poisonous_potato":3,"mekanism:enriched_iron":5,"minecraft:sand":79,"cobblemon:persim_berry":144,"minecraft:ink_sac":6,"minecraft:bundle":2,"minecraft:diamond":3,"minecraft:spruce_boat":2,"minecraft:granite":65,"cobblemon:apricorn_door":7,"minecraft:bone_meal":1,"minecraft:emerald":2,"cobblemon:medicinal_leek":295,"minecraft:oak_sapling":48,"minecraft:crafting_table":9,"minecraft:azure_bluet":2,"minecraft:chicken":15,"minecraft:clay_ball":4,"cobblemon:yellow_apricorn":180,"minecraft:cornflower":4,"cobblemon:white_apricorn":44,"cobblemon:green_apricorn":12,"minecraft:beef":6,"minecraft:oak_boat":8,"minecraft:poppy":4,"minecraft:sugar_cane":9,"minecraft:chest":5,"minecraft:birch_sapling":5,"minecraft:egg":10,"minecraft:raw_iron":112,"minecraft:copper_ingot":16,"minecraft:carrot":24,"cobblemon:citrine_ball":134,"minecraft:redstone":53,"cobblemon:dawn_stone":2,"minecraft:arrow":56,"cobblemon:blue_apricorn":35,"minecraft:mutton":25,"minecraft:white_wool":34,"minecraft:oxeye_daisy":4,"minecraft:stripped_oak_log":4,"minecraft:air":0,"mekanism:raw_lead":28,"minecraft:salmon":5,"minecraft:leather":6,"minecraft:birch_planks":69,"minecraft:oak_log":369,"minecraft:yellow_bed":11,"minecraft:gunpowder":30,"minecraft:white_banner":1,"cobblemon:pink_apricorn_seed":1,"minecraft:apple":9,"minecraft:stone_pickaxe":2,"minecraft:rabbit_hide":4,"minecraft:iron_ingot":1,"minecraft:oak_fence_gate":1,"cobblemon:pink_mint_seeds":3,"minecraft:birch_boat":9,"minecraft:sweet_berries":2,"minecraft:dandelion":24,"cobblemon:blue_apricorn_seed":1,"minecraft:gravel":71,"cobblemon:cheri_berry":68,"cobblemon:yellow_apricorn_seed":17,"minecraft:amethyst_shard":4,"cobblemon:pink_apricorn":2,"minecraft:spruce_sapling":21,"minecraft:spruce_log":142,"mekanism:raw_osmium":58,"minecraft:spider_eye":13,"minecraft:stone_axe":1,"mekanism:fluorite_gem":23,"minecraft:gray_wool":3,"minecraft:baked_potato":12,"tombstone:magic_scroll":3,"cobblemon:water_stone":3,"minecraft:coal":445,"minecraft:ender_pearl":1},"minecraft:custom":{"minecraft:interact_with_crafting_table":138,"minecraft:bell_ring":15,"minecraft:leave_game":10,"minecraft:time_since_death":62398,"minecraft:sprint_one_cm":1654103,"minecraft:drop":46,"minecraft:talked_to_villager":9,"minecraft:play_time":734959,"minecraft:deaths":32,"minecraft:jump":8854,"minecraft:walk_on_water_one_cm":104471,"minecraft:interact_with_furnace":210,"minecraft:interact_with_cartography_table":1,"minecraft:sleep_in_bed":36,"minecraft:damage_dealt":19987,"minecraft:crouch_one_cm":33216,"tombstone:undead_killed":47,"minecraft:mob_kills":131,"minecraft:walk_one_cm":2544418,"minecraft:sneak_time":8622,"minecraft:walk_under_water_one_cm":130271,"minecraft:boat_one_cm":1474659,"minecraft:total_world_time":734959,"minecraft:time_since_rest":1751,"minecraft:damage_taken":13902,"minecraft:swim_one_cm":1277,"minecraft:fly_one_cm":1560714,"minecraft:open_chest":574,"minecraft:fall_one_cm":173359},"minecraft:broken":{"mekanismtools:stone_paxel":7,"minecraft:stone_pickaxe":7,"minecraft:stone_axe":6,"minecraft:iron_sword":1,"minecraft:wooden_axe":1,"minecraft:stone_shovel":8,"minecraft:wooden_pickaxe":1},"minecraft:killed_by":{"cobblemon:pokemon":6,"minecraft:creeper":3,"minecraft:witch":2,"minecraft:zombie":5,"minecraft:player":1,"minecraft:spider":1,"minecraft:skeleton":8},"minecraft:killed":{"minecraft:spider":13,"minecraft:dolphin":1,"minecraft:skeleton":15,"minecraft:chicken":6,"minecraft:pig":3,"minecraft:salmon":1,"minecraft:creeper":11,"minecraft:sheep":10,"minecraft:zombie":32,"minecraft:cow":3,"creeperoverhaul:snowy_creeper":1},"minecraft:dropped":{"minecraft:birch_planks":4,"minecraft:baked_potato":12,"minecraft:flint":1,"minecraft:dirt":2,"minecraft:cornflower":4,"minecraft:mutton":1,"minecraft:snowball":56,"minecraft:white_wool":1,"minecraft:gravel":2,"minecraft:stone_axe":1,"minecraft:rotten_flesh":14,"minecraft:oak_planks":1,"minecraft:azure_bluet":2,"minecraft:poppy":4,"minecraft:rabbit_hide":1,"minecraft:arrow":3,"minecraft:feather":2,"minecraft:oxeye_daisy":2,"cobblemon:medicinal_leek":1,"mekanism:enriched_iron":5,"minecraft:ink_sac":6,"tombstone:grave_key":3,"minecraft:rabbit":1,"minecraft:dandelion":22,"minecraft:sweet_berries":2,"minecraft:spruce_boat":2,"minecraft:bundle":1,"minecraft:spruce_planks":6,"minecraft:andesite":9,"minecraft:oak_boat":3,"minecraft:spider_eye":2,"minecraft:birch_boat":1}},"DataVersion":3465}