{"stats":{"minecraft:crafted":{"mekanismtools:osmium_paxel":1,"minecraft:oak_planks":1432,"minecraft:stone_shovel":17,"mekanism:ingot_osmium":11,"minecraft:birch_boat":1,"minecraft:cooked_chicken":11,"mekanismtools:osmium_shovel":1,"cobblemon:apricorn_planks":100,"minecraft:furnace":12,"minecraft:bone_meal":39,"minecraft:cooked_mutton":23,"mekanismtools:osmium_axe":1,"minecraft:glass":71,"minecraft:stone_pickaxe":18,"minecraft:chest":11,"minecraft:birch_door":12,"minecraft:stone_hoe":1,"minecraft:oak_fence":48,"cobblemon:citrine_ball":40,"mekanismtools:osmium_pickaxe":1,"minecraft:cooked_beef":6,"minecraft:cooked_porkchop":6,"minecraft:crafting_table":10,"minecraft:spruce_planks":568,"minecraft:wooden_pickaxe":2,"minecraft:baked_potato":145,"minecraft:iron_sword":2,"minecraft:spruce_door":3,"minecraft:copper_ingot":77,"minecraft:birch_planks":368,"minecraft:bucket":1,"minecraft:stone_axe":19,"mekanismtools:stone_paxel":9,"mekanism:ingot_lead":28,"minecraft:air":0,"minecraft:oak_fence_gate":2,"minecraft:oak_boat":3,"cobblemon:apricorn_door":12,"minecraft:charcoal":4,"minecraft:stick":216,"minecraft:iron_ingot":11,"minecraft:iron_pickaxe":1,"minecraft:wooden_axe":2,"minecraft:stone_sword":2,"minecraft:torch":204},"minecraft:broken":{"mekanismtools:stone_paxel":5,"minecraft:wooden_pickaxe":1,"minecraft:stone_pickaxe":7,"minecraft:stone_axe":6,"minecraft:iron_sword":1,"minecraft:wooden_axe":1,"minecraft:stone_shovel":8},"minecraft:killed_by":{"cobblemon:pokemon":3,"minecraft:player":1,"minecraft:creeper":3,"minecraft:spider":1,"minecraft:skeleton":8,"minecraft:witch":2,"minecraft:zombie":5},"minecraft:picked_up":{"minecraft:birch_door":16,"cobblemon:leaf_stone":1,"minecraft:crafting_table":7,"minecraft:azure_bluet":2,"minecraft:chicken":14,"minecraft:clay_ball":4,"mekanism:raw_uranium":5,"cobblemon:yellow_apricorn":180,"minecraft:enchanted_book":2,"minecraft:amethyst_block":1,"minecraft:cornflower":4,"cobblemon:wepear_berry":47,"minecraft:string":47,"minecraft:raw_copper":384,"cobblemon:white_apricorn":44,"minecraft:cobbled_deepslate":311,"cobblemon:green_apricorn":12,"cobblemon:white_apricorn_seed":3,"minecraft:spruce_planks":7,"minecraft:beef":6,"cobblemon:oran_berry":308,"minecraft:oak_boat":3,"minecraft:poppy":4,"minecraft:sugar_cane":9,"minecraft:chest":5,"minecraft:birch_sapling":5,"minecraft:furnace":5,"minecraft:egg":8,"minecraft:stick":57,"minecraft:raw_iron":80,"cobblemon:apricorn_log":30,"minecraft:copper_ingot":16,"minecraft:oak_fence":9,"minecraft:torch":68,"minecraft:porkchop":6,"tombstone:grave_dust":14,"minecraft:diorite":66,"cobblemon:citrine_ball":134,"minecraft:carrot":24,"minecraft:redstone":36,"mekanism:raw_tin":89,"cobblemon:dawn_stone":2,"minecraft:arrow":55,"minecraft:rotten_flesh":76,"minecraft:snowball":56,"minecraft:stripped_oak_log":4,"minecraft:mutton":24,"cobblemon:blue_apricorn":35,"minecraft:white_wool":32,"minecraft:cobblestone":1598,"minecraft:oxeye_daisy":4,"minecraft:birch_log":92,"minecraft:air":0,"minecraft:feather":13,"mekanism:raw_lead":28,"minecraft:salmon":4,"minecraft:andesite":110,"minecraft:leather":6,"minecraft:potato":372,"cobblemon:razz_berry":22,"minecraft:birch_planks":63,"minecraft:flint":7,"minecraft:tuff":61,"minecraft:oak_log":369,"minecraft:yellow_bed":10,"minecraft:gunpowder":30,"minecraft:lapis_lazuli":13,"minecraft:dirt":1368,"minecraft:white_banner":1,"cobblemon:pink_apricorn_seed":1,"minecraft:bone":39,"minecraft:apple":9,"minecraft:wheat_seeds":88,"minecraft:rabbit_hide":3,"minecraft:oak_fence_gate":1,"minecraft:iron_ingot":1,"cobblemon:pink_mint_seeds":3,"minecraft:stone_pickaxe":2,"minecraft:rabbit":5,"minecraft:oak_planks":100,"cobblemon:poison_barb":1,"cobblemon:apricorn_planks":3,"minecraft:birch_boat":4,"minecraft:dandelion":24,"cobblemon:blue_apricorn_seed":1,"minecraft:poisonous_potato":1,"minecraft:gravel":65,"cobblemon:cheri_berry":68,"cobblemon:yellow_apricorn_seed":17,"minecraft:sand":78,"minecraft:amethyst_shard":4,"cobblemon:persim_berry":128,"minecraft:spruce_sapling":21,"cobblemon:pink_apricorn":2,"minecraft:ink_sac":6,"minecraft:spruce_log":142,"mekanism:raw_osmium":56,"minecraft:spider_eye":13,"minecraft:bundle":2,"minecraft:stone_axe":1,"mekanism:fluorite_gem":23,"minecraft:granite":65,"cobblemon:apricorn_door":7,"minecraft:bone_meal":1,"minecraft:gray_wool":3,"minecraft:emerald":2,"minecraft:oak_sapling":48,"tombstone:magic_scroll":3,"minecraft:baked_potato":12,"cobblemon:medicinal_leek":136,"cobblemon:water_stone":3,"minecraft:coal":414},"minecraft:custom":{"minecraft:mob_kills":118,"minecraft:interact_with_crafting_table":112,"minecraft:bell_ring":15,"minecraft:leave_game":9,"minecraft:time_since_death":13386,"minecraft:sprint_one_cm":1349463,"minecraft:walk_one_cm":2193693,"minecraft:drop":28,"minecraft:talked_to_villager":9,"minecraft:play_time":545833,"minecraft:sneak_time":5915,"minecraft:deaths":24,"minecraft:walk_under_water_one_cm":39921,"minecraft:boat_one_cm":279135,"minecraft:jump":7051,"minecraft:walk_on_water_one_cm":68284,"minecraft:total_world_time":545833,"minecraft:interact_with_furnace":148,"minecraft:interact_with_cartography_table":1,"minecraft:sleep_in_bed":24,"minecraft:time_since_rest":13240,"minecraft:damage_taken":10395,"minecraft:damage_dealt":18718,"minecraft:swim_one_cm":250,"minecraft:fly_one_cm":1234423,"minecraft:open_chest":403,"minecraft:crouch_one_cm":29539,"tombstone:undead_killed":44,"minecraft:fall_one_cm":142763},"minecraft:dropped":{"minecraft:baked_potato":12,"minecraft:feather":2,"minecraft:oxeye_daisy":2,"cobblemon:medicinal_leek":1,"minecraft:ink_sac":6,"minecraft:cornflower":4,"tombstone:grave_key":2,"minecraft:snowball":56,"minecraft:dandelion":22,"minecraft:stone_axe":1,"minecraft:rotten_flesh":14,"minecraft:oak_planks":1,"minecraft:azure_bluet":2,"minecraft:poppy":4,"minecraft:bundle":1,"minecraft:andesite":9,"minecraft:oak_boat":1,"minecraft:spider_eye":2,"minecraft:arrow":3},"minecraft:killed":{"minecraft:spider":13,"minecraft:dolphin":1,"creeperoverhaul:snowy_creeper":1,"minecraft:skeleton":15,"minecraft:chicken":6,"minecraft:pig":3,"minecraft:salmon":1,"minecraft:creeper":11,"minecraft:sheep":10,"minecraft:zombie":29,"minecraft:cow":3},"minecraft:used":{"minecraft:oak_fence":51,"minecraft:stone_sword":78,"minecraft:stone_shovel":1071,"minecraft:chest":16,"minecraft:spruce_planks":238,"minecraft:iron_sword":292,"minecraft:cooked_chicken":8,"minecraft:rotten_flesh":20,"minecraft:stone_hoe":96,"minecraft:torch":209,"minecraft:dirt":262,"minecraft:carrot":9,"minecraft:oak_fence_gate":3,"minecraft:glass":24,"minecraft:birch_door":16,"minecraft:wooden_axe":51,"minecraft:birch_sapling":1,"cobblemon:apricorn_planks":79,"cobblemon:apricorn_door":16,"minecraft:oak_sapling":3,"minecraft:furnace":15,"tombstone:gift":5,"minecraft:egg":8,"minecraft:potato":209,"minecraft:cooked_beef":6,"minecraft:cobbled_deepslate":1,"minecraft:cooked_mutton":22,"minecraft:water_bucket":37,"minecraft:diorite":1,"mekanismtools:osmium_paxel":12,"minecraft:spruce_door":2,"minecraft:baked_potato":50,"minecraft:birch_planks":291,"minecraft:stone_pickaxe":1085,"minecraft:oak_planks":1107,"minecraft:sugar_cane":3,"minecraft:wooden_pickaxe":61,"minecraft:birch_boat":4,"mekanismtools:stone_paxel":1467,"minecraft:sand":7,"cobblemon:yellow_apricorn_seed":14,"minecraft:crafting_table":16,"cobblemon:white_apricorn_seed":3,"minecraft:oak_log":2,"minecraft:apple":9,"minecraft:oxeye_daisy":1,"tombstone:magic_scroll":2,"minecraft:iron_pickaxe":27,"minecraft:gravel":9,"minecraft:stone_axe":881,"minecraft:cobblestone":31,"minecraft:white_banner":1,"cobblemon:medicinal_leek":5,"minecraft:bucket":37,"minecraft:yellow_bed":10,"minecraft:oak_boat":3,"minecraft:dandelion":2,"minecraft:bone_meal":39},"minecraft:mined":{"minecraft:tuff":61,"minecraft:spruce_planks":7,"minecraft:farmland":1,"cobblemon:dawn_stone_ore":2,"cobblemon:apricorn_log":25,"mekanism:deepslate_osmium_ore":4,"minecraft:glow_lichen":3,"minecraft:granite":57,"minecraft:grass_block":992,"minecraft:spruce_leaves":40,"minecraft:oxeye_daisy":4,"minecraft:carrots":9,"minecraft:furnace":5,"minecraft:iron_ore":79,"cobblemon:pink_mint":3,"minecraft:andesite":83,"minecraft:azure_bluet":2,"cobblemon:medicinal_leek":77,"minecraft:potatoes":107,"minecraft:deepslate_iron_ore":1,"minecraft:dirt_path":1,"minecraft:stripped_oak_log":1,"minecraft:stone":1220,"cobblemon:water_stone_ore":1,"mekanism:deepslate_lead_ore":23,"minecraft:deepslate_redstone_ore":8,"mekanism:osmium_ore":42,"minecraft:snow_block":14,"minecraft:amethyst_cluster":1,"cobblemon:leaf_stone_ore":1,"minecraft:dandelion":24,"cobblemon:apricorn_planks":3,"minecraft:clay":1,"cobblemon:apricorn_leaves":11,"minecraft:oak_fence":5,"minecraft:cornflower":4,"minecraft:crafting_table":7,"minecraft:torch":3,"minecraft:emerald_ore":2,"minecraft:poppy":4,"minecraft:chest":5,"mekanism:tin_ore":65,"minecraft:copper_ore":90,"minecraft:tall_grass":37,"minecraft:cobblestone":1,"minecraft:lapis_ore":2,"minecraft:oak_planks":88,"minecraft:sugar_cane":4,"minecraft:diorite":60,"minecraft:wall_torch":38,"minecraft:amethyst_block":1,"minecraft:birch_sapling":1,"cobblemon:yellow_apricorn_sapling":1,"minecraft:birch_planks":66,"cobblemon:apricorn_door":1,"minecraft:birch_log":93,"minecraft:spruce_log":145,"minecraft:birch_leaves":5,"minecraft:birch_door":4,"minecraft:yellow_bed":10,"minecraft:grass":255,"mekanism:deepslate_tin_ore":4,"minecraft:coal_ore":377,"minecraft:oak_log":365,"mekanism:lead_ore":5,"minecraft:oak_fence_gate":1,"minecraft:gravel":69,"minecraft:sand":80,"mekanism:deepslate_fluorite_ore":7,"minecraft:dirt":59,"mekanism:deepslate_uranium_ore":5,"minecraft:oak_leaves":88,"minecraft:deepslate":311}},"DataVersion":3465}