{"stats":{"minecraft:crafted":{"minecraft:oak_planks":92,"minecraft:cooked_porkchop":4,"minecraft:crafting_table":4,"minecraft:wooden_pickaxe":2,"minecraft:cooked_chicken":2,"minecraft:furnace":1,"minecraft:stone_axe":1,"minecraft:cooked_mutton":4,"minecraft:oak_boat":1,"minecraft:charcoal":4,"minecraft:stick":20,"minecraft:stone_pickaxe":2,"minecraft:wooden_axe":2,"minecraft:stone_sword":1,"minecraft:torch":16},"minecraft:killed_by":{"minecraft:player":1,"minecraft:skeleton":2,"minecraft:witch":2,"minecraft:zombie":2},"minecraft:broken":{"minecraft:stone_pickaxe":1,"minecraft:wooden_axe":1},"minecraft:picked_up":{"minecraft:crafting_table":5,"minecraft:feather":4,"minecraft:chicken":3,"minecraft:salmon":4,"minecraft:oak_log":38,"minecraft:yellow_bed":3,"minecraft:amethyst_block":1,"minecraft:dirt":50,"cobblemon:wepear_berry":20,"minecraft:string":1,"minecraft:raw_copper":53,"cobblemon:pink_apricorn_seed":1,"minecraft:bone":1,"minecraft:apple":1,"cobblemon:green_apricorn":4,"minecraft:iron_ingot":1,"cobblemon:pink_mint_seeds":3,"cobblemon:oran_berry":110,"minecraft:egg":3,"minecraft:furnace":2,"minecraft:stick":2,"minecraft:torch":3,"cobblemon:blue_apricorn_seed":1,"minecraft:gravel":1,"cobblemon:cheri_berry":60,"minecraft:porkchop":4,"minecraft:sand":7,"minecraft:amethyst_shard":4,"cobblemon:persim_berry":23,"minecraft:ink_sac":3,"cobblemon:pink_apricorn":2,"mekanism:raw_osmium":3,"mekanism:raw_tin":19,"minecraft:arrow":4,"minecraft:rotten_flesh":4,"mekanism:fluorite_gem":3,"minecraft:bone_meal":1,"minecraft:mutton":4,"cobblemon:blue_apricorn":17,"minecraft:coal":33,"minecraft:white_wool":3,"minecraft:cobblestone":168},"minecraft:custom":{"minecraft:interact_with_furnace":16,"minecraft:mob_kills":8,"minecraft:interact_with_crafting_table":11,"minecraft:interact_with_cartography_table":1,"minecraft:bell_ring":15,"minecraft:leave_game":3,"minecraft:time_since_death":1434,"minecraft:sleep_in_bed":3,"minecraft:time_since_rest":1115,"minecraft:sprint_one_cm":191275,"minecraft:damage_taken":2434,"minecraft:walk_one_cm":437107,"minecraft:drop":2,"minecraft:damage_dealt":1851,"minecraft:talked_to_villager":8,"minecraft:fly_one_cm":257416,"minecraft:open_chest":6,"minecraft:crouch_one_cm":148,"minecraft:play_time":115642,"minecraft:deaths":8,"minecraft:sneak_time":199,"minecraft:walk_under_water_one_cm":25559,"minecraft:jump":1520,"minecraft:walk_on_water_one_cm":31992,"minecraft:total_world_time":115642,"minecraft:fall_one_cm":35889},"minecraft:dropped":{"tombstone:grave_key":2},"minecraft:killed":{"minecraft:pig":1,"minecraft:salmon":1,"minecraft:chicken":1},"minecraft:used":{"minecraft:cooked_mutton":4,"minecraft:stone_pickaxe":210,"minecraft:wooden_pickaxe":59,"minecraft:rotten_flesh":4,"minecraft:torch":14,"minecraft:sand":7,"minecraft:dirt":8,"minecraft:crafting_table":7,"minecraft:wooden_axe":51,"minecraft:apple":1,"minecraft:cobblestone":6,"minecraft:furnace":2,"tombstone:gift":3,"minecraft:yellow_bed":3,"minecraft:egg":3},"minecraft:mined":{"mekanism:osmium_ore":3,"minecraft:amethyst_cluster":1,"minecraft:crafting_table":5,"minecraft:grass_block":12,"mekanism:tin_ore":19,"minecraft:tall_grass":4,"minecraft:copper_ore":14,"minecraft:wall_torch":1,"minecraft:amethyst_block":1,"minecraft:furnace":2,"cobblemon:pink_mint":3,"minecraft:yellow_bed":3,"minecraft:grass":26,"minecraft:oak_log":37,"minecraft:coal_ore":34,"minecraft:gravel":1,"minecraft:sand":8,"minecraft:dirt":11,"minecraft:stone":166,"minecraft:oak_leaves":7}},"DataVersion":3465}