{"stats":{"minecraft:used":{"minecraft:spruce_door":2,"minecraft:stone_shovel":177,"minecraft:stone_pickaxe":39,"minecraft:baked_potato":1,"minecraft:chest":1,"minecraft:spruce_planks":449,"minecraft:wooden_pickaxe":14,"minecraft:sugar_cane":16,"minecraft:cooked_chicken":1,"minecraft:rotten_flesh":5,"minecraft:torch":8,"minecraft:dirt":78,"minecraft:sand":2,"minecraft:crafting_table":2,"minecraft:spruce_log":4,"cobblemon:healing_machine":1,"minecraft:bread":4,"cobblemon:pc":1,"minecraft:stone_axe":312,"minecraft:wooden_sword":45,"minecraft:purple_bed":2,"minecraft:sweet_berries":94,"minecraft:oak_sapling":1,"minecraft:furnace":2,"minecraft:cooked_porkchop":3,"minecraft:egg":1},"minecraft:picked_up":{"minecraft:wooden_axe":1,"minecraft:crafting_table":1,"minecraft:feather":3,"minecraft:chicken":3,"minecraft:leather":2,"minecraft:wooden_pickaxe":1,"minecraft:potato":1,"minecraft:oak_log":2,"minecraft:gunpowder":2,"minecraft:string":2,"minecraft:dirt":101,"minecraft:raw_copper":32,"minecraft:wooden_sword":1,"cobblemon:white_apricorn":5,"minecraft:bone":2,"minecraft:wheat_seeds":6,"cobblemon:black_apricorn":2,"cobblemon:potion":1,"cobblemon:white_apricorn_seed":1,"minecraft:spruce_planks":21,"minecraft:beef":2,"minecraft:cooked_chicken":1,"minecraft:iron_nugget":4,"minecraft:sugar_cane":16,"minecraft:chest":1,"minecraft:furnace":1,"minecraft:egg":1,"minecraft:stick":21,"minecraft:cooked_porkchop":7,"minecraft:sweet_berries":75,"cobblemon:black_apricorn_seed":1,"cobblemon:premier_ball":1,"minecraft:sand":125,"minecraft:spruce_sapling":26,"cobblemon:vivichoke_seeds":2,"minecraft:spruce_log":210,"minecraft:iron_horse_armor":3,"minecraft:pumpkin_seeds":5,"minecraft:purple_bed":2,"minecraft:rotten_flesh":14,"cobblemon:poke_ball":2,"minecraft:bread":4,"minecraft:baked_potato":1,"minecraft:oak_sapling":1,"cobblemon:blue_apricorn":7,"minecraft:coal":13,"minecraft:cobblestone":39},"minecraft:dropped":{"minecraft:wheat_seeds":1,"minecraft:rotten_flesh":1,"minecraft:iron_horse_armor":2},"minecraft:broken":{"minecraft:stone_axe":2,"minecraft:wooden_sword":1,"minecraft:stone_shovel":1},"minecraft:mined":{"minecraft:spruce_planks":21,"minecraft:crafting_table":1,"minecraft:grass_block":63,"minecraft:chest":1,"minecraft:copper_ore":5,"minecraft:spruce_leaves":80,"minecraft:sugar_cane":6,"minecraft:large_fern":8,"minecraft:purple_bed":2,"minecraft:furnace":1,"minecraft:fire":11,"minecraft:sweet_berry_bush":40,"minecraft:spruce_log":215,"minecraft:birch_leaves":1,"minecraft:grass":8,"minecraft:oak_log":2,"minecraft:coal_ore":8,"minecraft:sand":122,"minecraft:dirt":6,"minecraft:stone":39,"minecraft:oak_leaves":14,"minecraft:fern":24},"minecraft:killed_by":{"minecraft:player":1,"minecraft:spider":1,"minecraft:zombie":2},"minecraft:killed":{"cobblemon:pokemon":1,"minecraft:spider":1,"minecraft:skeleton":1,"minecraft:zombie":3,"minecraft:chicken":2},"minecraft:crafted":{"minecraft:stone_shovel":2,"minecraft:crafting_table":1,"minecraft:spruce_planks":568,"minecraft:spruce_door":3,"minecraft:furnace":1,"minecraft:copper_ingot":4,"minecraft:stone_axe":3,"cobblemon:premier_ball":4,"minecraft:stick":8,"minecraft:stone_pickaxe":2,"cobblemon:azure_ball":4,"minecraft:torch":8},"minecraft:custom":{"minecraft:interact_with_furnace":5,"minecraft:mob_kills":12,"minecraft:interact_with_crafting_table":25,"minecraft:interact_with_campfire":1,"minecraft:bell_ring":63,"minecraft:interact_with_grindstone":1,"minecraft:leave_game":1,"minecraft:time_since_death":100200,"minecraft:sleep_in_bed":2,"minecraft:time_since_rest":47653,"minecraft:sprint_one_cm":274312,"minecraft:damage_taken":2093,"minecraft:walk_one_cm":448062,"minecraft:drop":4,"minecraft:damage_dealt":1737,"minecraft:swim_one_cm":766,"minecraft:talked_to_villager":2,"minecraft:fly_one_cm":177966,"minecraft:open_chest":14,"minecraft:crouch_one_cm":7284,"minecraft:play_time":125523,"minecraft:deaths":6,"minecraft:sneak_time":1433,"minecraft:walk_under_water_one_cm":2986,"minecraft:jump":1050,"minecraft:walk_on_water_one_cm":12981,"minecraft:total_world_time":125523,"minecraft:fall_one_cm":14516}},"DataVersion":3465}