{"stats":{"minecraft:mined":{"minecraft:glow_lichen":1,"minecraft:grass":7,"minecraft:coal_ore":1,"minecraft:grass_block":13,"minecraft:oak_log":8,"minecraft:dirt_path":1,"minecraft:dirt":39,"minecraft:stone":25,"minecraft:oak_leaves":7},"minecraft:used":{"minecraft:stone_shovel":63,"minecraft:wooden_pickaxe":32,"minecraft:wooden_sword":43,"minecraft:dirt":2,"minecraft:crafting_table":3,"minecraft:furnace":1},"minecraft:crafted":{"minecraft:wooden_sword":1,"minecraft:oak_planks":32,"minecraft:stone_shovel":1,"minecraft:crafting_table":3,"minecraft:stick":12,"minecraft:wooden_pickaxe":1,"minecraft:wooden_axe":1,"minecraft:furnace":1},"minecraft:picked_up":{"minecraft:air":0,"minecraft:porkchop":5,"minecraft:oak_log":8,"minecraft:dirt":84,"minecraft:arrow":2,"minecraft:bone":1,"minecraft:wheat_seeds":1,"minecraft:rabbit":1,"minecraft:oak_sapling":2,"minecraft:mutton":1,"minecraft:coal":1,"minecraft:white_wool":1,"minecraft:cobblestone":25,"minecraft:egg":1},"minecraft:custom":{"minecraft:time_since_rest":5028,"minecraft:interact_with_furnace":1,"minecraft:sprint_one_cm":47686,"minecraft:damage_taken":560,"minecraft:walk_one_cm":69055,"minecraft:mob_kills":5,"minecraft:damage_dealt":666,"minecraft:interact_with_crafting_table":8,"minecraft:fly_one_cm":6913,"minecraft:deaths":1,"minecraft:crouch_one_cm":263,"minecraft:play_time":18962,"tombstone:undead_killed":1,"minecraft:sneak_time":30,"minecraft:walk_under_water_one_cm":1490,"minecraft:jump":113,"minecraft:walk_on_water_one_cm":1402,"minecraft:time_since_death":5926,"minecraft:total_world_time":18962,"minecraft:fall_one_cm":2557},"minecraft:killed_by":{"minecraft:creeper":1},"minecraft:killed":{"minecraft:sheep":1,"minecraft:skeleton":1,"minecraft:pig":2,"cobblemon:pokemon":1}},"DataVersion":3465}