{"stats":{"minecraft:crafted":{"minecraft:cooked_beef":3,"minecraft:oak_planks":12,"minecraft:stone_shovel":1,"minecraft:arrow":16,"minecraft:crafting_table":1,"minecraft:iron_helmet":1,"minecraft:wooden_pickaxe":1,"minecraft:iron_sword":1,"minecraft:furnace":2,"minecraft:cobblestone_stairs":16,"minecraft:birch_planks":28,"minecraft:stone_axe":1,"minecraft:air":0,"minecraft:bow":1,"minecraft:iron_boots":1,"minecraft:iron_chestplate":1,"minecraft:charcoal":2,"minecraft:shield":1,"minecraft:iron_axe":2,"minecraft:stick":32,"minecraft:iron_ingot":48,"minecraft:iron_pickaxe":2,"minecraft:stone_pickaxe":1,"minecraft:stone_sword":1,"minecraft:chest":1,"minecraft:iron_leggings":1,"minecraft:torch":28},"minecraft:broken":{"minecraft:stone_pickaxe":1},"minecraft:picked_up":{"minecraft:birch_log":7,"cobblemon:leaf_stone":1,"minecraft:crafting_table":1,"minecraft:feather":5,"minecraft:cooked_beef":11,"mekanism:raw_lead":10,"minecraft:andesite":45,"minecraft:leather":9,"minecraft:birch_planks":11,"minecraft:flint":4,"minecraft:oak_log":240,"minecraft:gunpowder":3,"minecraft:cobblestone_stairs":1,"minecraft:string":3,"minecraft:dirt":42,"minecraft:raw_copper":21,"minecraft:cooked_mutton":2,"minecraft:bone":3,"minecraft:bow":1,"minecraft:beef":3,"minecraft:cooked_chicken":3,"tombstone:bag_of_seeds":1,"minecraft:egg":2,"minecraft:stick":10,"minecraft:raw_iron":48,"minecraft:cooked_porkchop":5,"minecraft:torch":2,"minecraft:gravel":38,"minecraft:pointed_dripstone":2,"cobblemon:pink_apricorn":3,"minecraft:diorite":8,"mekanism:raw_tin":4,"minecraft:spider_eye":2,"minecraft:arrow":6,"minecraft:granite":59,"cobblemon:medicinal_leek":11,"minecraft:oak_sapling":4,"minecraft:black_wool":1,"minecraft:coal":14,"minecraft:cobblestone":138},"minecraft:custom":{"minecraft:interact_with_furnace":48,"minecraft:mob_kills":14,"minecraft:interact_with_crafting_table":44,"minecraft:leave_game":1,"minecraft:time_since_death":57066,"minecraft:time_since_rest":57066,"minecraft:sprint_one_cm":91877,"minecraft:damage_taken":449,"minecraft:walk_one_cm":211629,"minecraft:drop":1,"minecraft:damage_dealt":2115,"minecraft:swim_one_cm":10663,"minecraft:fly_one_cm":39419,"minecraft:open_chest":18,"minecraft:crouch_one_cm":11598,"minecraft:play_time":57066,"tombstone:undead_killed":4,"minecraft:sneak_time":5441,"minecraft:walk_under_water_one_cm":1334,"minecraft:jump":631,"minecraft:walk_on_water_one_cm":2853,"minecraft:total_world_time":57066,"minecraft:fall_one_cm":9061},"minecraft:dropped":{"minecraft:birch_planks":11},"minecraft:killed":{"minecraft:spider":2,"minecraft:creeper":1,"minecraft:skeleton":3,"minecraft:zombie":1,"minecraft:cow":1},"minecraft:used":{"minecraft:cooked_mutton":2,"minecraft:cobblestone_stairs":9,"minecraft:stone_sword":23,"minecraft:stone_shovel":70,"minecraft:stone_pickaxe":130,"minecraft:chest":1,"minecraft:wooden_pickaxe":3,"minecraft:iron_sword":33,"minecraft:torch":29,"minecraft:crafting_table":2,"minecraft:granite":1,"minecraft:oak_log":2,"minecraft:iron_axe":243,"minecraft:iron_pickaxe":212,"minecraft:gravel":38,"minecraft:stone_axe":8,"minecraft:cobblestone":27,"minecraft:bow":2,"cobblemon:medicinal_leek":1,"minecraft:furnace":2,"minecraft:cooked_porkchop":2,"minecraft:andesite":36,"minecraft:cooked_beef":2},"minecraft:mined":{"minecraft:cobblestone_stairs":1,"cobblemon:leaf_stone_ore":1,"minecraft:torch":1,"minecraft:glow_lichen":2,"minecraft:crafting_table":1,"cobblemon:apricorn_leaves":1,"minecraft:granite":59,"minecraft:grass_block":8,"mekanism:tin_ore":4,"minecraft:copper_ore":6,"minecraft:cobblestone":2,"minecraft:diorite":8,"minecraft:wall_torch":1,"minecraft:seagrass":1,"minecraft:birch_log":7,"minecraft:iron_ore":48,"minecraft:birch_leaves":3,"minecraft:andesite":43,"cobblemon:medicinal_leek":5,"minecraft:grass":4,"minecraft:coal_ore":14,"minecraft:pointed_dripstone":1,"minecraft:oak_log":242,"mekanism:lead_ore":10,"minecraft:gravel":42,"minecraft:dirt":34,"minecraft:stone":143,"minecraft:oak_leaves":24}},"DataVersion":3465}