{"stats":{"minecraft:crafted":{"minecraft:oak_planks":12,"minecraft:stone_shovel":1,"minecraft:crafting_table":1,"minecraft:wooden_pickaxe":1,"minecraft:furnace":2,"minecraft:birch_planks":28,"minecraft:stone_axe":1,"minecraft:air":0,"minecraft:iron_boots":1,"minecraft:iron_chestplate":1,"minecraft:charcoal":2,"minecraft:stick":20,"minecraft:iron_ingot":18,"minecraft:iron_pickaxe":2,"minecraft:stone_pickaxe":1,"minecraft:stone_sword":1,"minecraft:chest":1,"minecraft:torch":24},"minecraft:broken":{"minecraft:stone_pickaxe":1},"minecraft:picked_up":{"minecraft:birch_log":7,"cobblemon:leaf_stone":1,"minecraft:crafting_table":1,"mekanism:raw_lead":10,"minecraft:andesite":28,"minecraft:birch_planks":11,"minecraft:flint":4,"minecraft:oak_log":7,"minecraft:gunpowder":1,"minecraft:string":1,"minecraft:dirt":20,"minecraft:raw_copper":21,"minecraft:bone":3,"tombstone:bag_of_seeds":1,"minecraft:raw_iron":48,"minecraft:cooked_porkchop":2,"minecraft:torch":1,"minecraft:gravel":38,"minecraft:pointed_dripstone":2,"cobblemon:pink_apricorn":3,"minecraft:diorite":8,"mekanism:raw_tin":4,"minecraft:spider_eye":1,"minecraft:arrow":4,"minecraft:granite":10,"minecraft:coal":14,"minecraft:cobblestone":108},"minecraft:custom":{"minecraft:interact_with_furnace":25,"minecraft:mob_kills":4,"minecraft:interact_with_crafting_table":23,"minecraft:leave_game":1,"minecraft:time_since_death":33066,"minecraft:time_since_rest":33066,"minecraft:sprint_one_cm":39116,"minecraft:damage_taken":290,"minecraft:walk_one_cm":111462,"minecraft:drop":1,"minecraft:damage_dealt":841,"minecraft:swim_one_cm":4225,"minecraft:fly_one_cm":27600,"minecraft:open_chest":2,"minecraft:crouch_one_cm":3661,"minecraft:play_time":33066,"tombstone:undead_killed":2,"minecraft:sneak_time":2216,"minecraft:walk_under_water_one_cm":1114,"minecraft:jump":466,"minecraft:walk_on_water_one_cm":512,"minecraft:total_world_time":33066,"minecraft:fall_one_cm":7261},"minecraft:dropped":{"minecraft:birch_planks":11},"minecraft:killed":{"minecraft:spider":1,"minecraft:creeper":1,"minecraft:skeleton":2},"minecraft:used":{"minecraft:stone_sword":23,"minecraft:stone_shovel":43,"minecraft:stone_pickaxe":130,"minecraft:chest":1,"minecraft:wooden_pickaxe":3,"minecraft:torch":22,"minecraft:crafting_table":2,"minecraft:granite":1,"minecraft:oak_log":2,"minecraft:iron_pickaxe":115,"minecraft:gravel":38,"minecraft:stone_axe":8,"minecraft:cobblestone":27,"minecraft:furnace":2,"minecraft:cooked_porkchop":2,"minecraft:andesite":12},"minecraft:mined":{"cobblemon:leaf_stone_ore":1,"minecraft:torch":1,"minecraft:glow_lichen":2,"minecraft:crafting_table":1,"cobblemon:apricorn_leaves":1,"minecraft:granite":10,"minecraft:grass_block":7,"mekanism:tin_ore":4,"minecraft:copper_ore":6,"minecraft:cobblestone":2,"minecraft:diorite":8,"minecraft:birch_log":7,"minecraft:iron_ore":48,"minecraft:birch_leaves":3,"minecraft:andesite":26,"minecraft:grass":1,"minecraft:coal_ore":14,"minecraft:pointed_dripstone":1,"minecraft:oak_log":7,"mekanism:lead_ore":10,"minecraft:gravel":42,"minecraft:dirt":13,"minecraft:stone":113,"minecraft:oak_leaves":1}},"DataVersion":3465}