{"stats":{"minecraft:crafted":{"minecraft:cooked_beef":3,"minecraft:oak_door":3,"minecraft:oak_planks":176,"minecraft:stone_shovel":1,"minecraft:oak_sign":6,"minecraft:arrow":16,"minecraft:crafting_table":1,"minecraft:iron_helmet":1,"minecraft:wooden_pickaxe":1,"minecraft:iron_sword":1,"minecraft:furnace":2,"minecraft:cobblestone_stairs":40,"minecraft:birch_planks":28,"minecraft:stone_axe":1,"minecraft:air":0,"minecraft:bow":1,"minecraft:iron_boots":1,"minecraft:iron_chestplate":1,"minecraft:charcoal":2,"minecraft:shield":1,"minecraft:iron_axe":2,"minecraft:stick":40,"minecraft:iron_ingot":48,"minecraft:iron_pickaxe":2,"minecraft:stone_pickaxe":1,"minecraft:stone_sword":1,"minecraft:chest":5,"minecraft:iron_leggings":1,"minecraft:torch":28},"minecraft:broken":{"minecraft:stone_pickaxe":1,"minecraft:iron_pickaxe":1},"minecraft:picked_up":{"minecraft:birch_log":7,"cobblemon:leaf_stone":1,"minecraft:crafting_table":2,"minecraft:feather":5,"minecraft:cooked_beef":11,"mekanism:raw_lead":10,"minecraft:andesite":56,"minecraft:leather":9,"minecraft:birch_planks":11,"minecraft:flint":4,"minecraft:oak_log":240,"minecraft:gunpowder":3,"minecraft:cobblestone_stairs":5,"minecraft:string":3,"minecraft:dirt":46,"minecraft:raw_copper":21,"minecraft:cooked_mutton":2,"minecraft:bone":3,"minecraft:bow":1,"minecraft:beef":3,"minecraft:cooked_chicken":3,"tombstone:bag_of_seeds":1,"minecraft:chest":2,"minecraft:egg":2,"minecraft:stick":10,"minecraft:raw_iron":48,"minecraft:cooked_porkchop":5,"minecraft:torch":5,"minecraft:gravel":38,"minecraft:pointed_dripstone":2,"cobblemon:pink_apricorn":3,"minecraft:diorite":8,"mekanism:raw_tin":4,"minecraft:spider_eye":2,"minecraft:arrow":6,"minecraft:granite":80,"cobblemon:medicinal_leek":11,"minecraft:oak_sapling":4,"minecraft:black_wool":1,"minecraft:coal":14,"minecraft:cobblestone":173},"minecraft:custom":{"minecraft:interact_with_furnace":48,"minecraft:mob_kills":14,"minecraft:interact_with_crafting_table":55,"minecraft:leave_game":1,"minecraft:time_since_death":69066,"minecraft:time_since_rest":69066,"minecraft:sprint_one_cm":103719,"minecraft:damage_taken":563,"minecraft:walk_one_cm":251152,"minecraft:drop":1,"minecraft:damage_dealt":2115,"minecraft:swim_one_cm":10663,"minecraft:fly_one_cm":41371,"minecraft:open_chest":44,"minecraft:crouch_one_cm":16006,"minecraft:play_time":69066,"tombstone:undead_killed":4,"minecraft:sneak_time":7054,"minecraft:walk_under_water_one_cm":1334,"minecraft:jump":685,"minecraft:walk_on_water_one_cm":2853,"minecraft:total_world_time":69066,"minecraft:fall_one_cm":11151},"minecraft:dropped":{"minecraft:birch_planks":11},"minecraft:killed":{"minecraft:spider":2,"minecraft:creeper":1,"minecraft:skeleton":3,"minecraft:zombie":1,"minecraft:cow":1},"minecraft:used":{"minecraft:cooked_mutton":2,"minecraft:cobblestone_stairs":41,"minecraft:stone_sword":23,"minecraft:stone_shovel":71,"minecraft:stone_pickaxe":130,"minecraft:oak_planks":50,"minecraft:oak_sign":4,"minecraft:chest":7,"minecraft:wooden_pickaxe":3,"minecraft:iron_sword":33,"minecraft:oak_door":1,"minecraft:torch":33,"minecraft:crafting_table":3,"minecraft:granite":62,"minecraft:oak_log":2,"minecraft:iron_axe":248,"minecraft:iron_pickaxe":285,"minecraft:gravel":38,"minecraft:stone_axe":8,"minecraft:cobblestone":27,"minecraft:bow":2,"cobblemon:medicinal_leek":9,"minecraft:furnace":2,"minecraft:cooked_porkchop":2,"minecraft:andesite":36,"minecraft:cooked_beef":2},"minecraft:mined":{"minecraft:cobblestone_stairs":5,"cobblemon:leaf_stone_ore":1,"minecraft:torch":1,"minecraft:glow_lichen":2,"minecraft:crafting_table":2,"cobblemon:apricorn_leaves":1,"minecraft:granite":80,"minecraft:grass_block":8,"minecraft:chest":2,"mekanism:tin_ore":4,"minecraft:copper_ore":6,"minecraft:cobblestone":2,"minecraft:diorite":8,"minecraft:wall_torch":4,"minecraft:seagrass":1,"minecraft:birch_log":7,"minecraft:iron_ore":48,"minecraft:birch_leaves":3,"minecraft:andesite":54,"cobblemon:medicinal_leek":5,"minecraft:grass":4,"minecraft:coal_ore":14,"minecraft:pointed_dripstone":1,"minecraft:oak_log":242,"mekanism:lead_ore":10,"minecraft:gravel":42,"minecraft:dirt":38,"minecraft:stone":178,"minecraft:oak_leaves":24}},"DataVersion":3465}