{"stats":{"minecraft:mined":{"minecraft:birch_log":2,"minecraft:lilac":4,"minecraft:crafting_table":1,"minecraft:grass":8,"minecraft:grass_block":5,"minecraft:oak_log":14,"minecraft:oak_planks":1,"minecraft:oak_leaves":12},"minecraft:used":{"minecraft:wooden_axe":1,"minecraft:birch_planks":2,"minecraft:oak_planks":1,"minecraft:wooden_sword":60,"minecraft:crafting_table":1,"minecraft:birch_log":1},"minecraft:crafted":{"minecraft:wooden_sword":2,"minecraft:oak_planks":40,"minecraft:cooked_porkchop":2,"minecraft:crafting_table":1,"minecraft:stick":12,"minecraft:wooden_pickaxe":1,"minecraft:wooden_axe":1,"minecraft:birch_planks":4,"minecraft:air":0},"minecraft:picked_up":{"minecraft:birch_log":2,"minecraft:feather":3,"minecraft:stick":2,"minecraft:crafting_table":1,"minecraft:air":0,"minecraft:lilac":4,"minecraft:chicken":4,"minecraft:leather":4,"minecraft:porkchop":8,"minecraft:oak_log":14,"minecraft:string":1,"minecraft:dirt":4,"minecraft:wheat_seeds":1,"minecraft:beef":8,"minecraft:oak_sapling":2,"minecraft:black_wool":1,"minecraft:mutton":1,"minecraft:oak_planks":1,"minecraft:egg":1},"minecraft:custom":{"minecraft:interact_with_furnace":4,"minecraft:time_since_rest":25512,"minecraft:sprint_one_cm":37253,"minecraft:damage_taken":150,"minecraft:walk_one_cm":136894,"minecraft:mob_kills":17,"minecraft:damage_dealt":1864,"minecraft:player_kills":1,"minecraft:fly_one_cm":11842,"minecraft:interact_with_crafting_table":2,"minecraft:crouch_one_cm":1556,"minecraft:play_time":25512,"minecraft:sneak_time":530,"minecraft:jump":311,"minecraft:leave_game":1,"minecraft:time_since_death":25512,"minecraft:total_world_time":25512,"minecraft:fall_one_cm":5543},"minecraft:broken":{"minecraft:wooden_sword":1},"minecraft:killed":{"minecraft:sheep":1,"minecraft:pig":4,"cobblemon:pokemon":3,"minecraft:chicken":4,"minecraft:cow":4}},"DataVersion":3465}