{"stats":{"minecraft:mined":{"minecraft:oak_fence":2,"minecraft:crafting_table":5,"minecraft:blast_furnace":1,"minecraft:grass_block":39,"minecraft:oak_planks":5,"minecraft:sugar_cane":3,"cobblemon:oran_berry":1,"minecraft:seagrass":2,"minecraft:birch_planks":2,"minecraft:birch_log":15,"minecraft:lilac":4,"minecraft:birch_leaves":1,"minecraft:pumpkin":1,"minecraft:grass":23,"minecraft:coal_ore":13,"minecraft:oak_log":32,"minecraft:sand":3,"minecraft:dirt":26,"cobblemon:sun_stone_ore":1,"minecraft:stone":39,"minecraft:oak_leaves":17,"minecraft:birch_fence":15},"minecraft:used":{"minecraft:oak_fence":14,"minecraft:stone_sword":48,"minecraft:birch_planks":4,"minecraft:stone_pickaxe":46,"minecraft:oak_planks":33,"minecraft:chest":4,"minecraft:wooden_pickaxe":25,"minecraft:cooked_chicken":2,"minecraft:dirt":51,"minecraft:sand":3,"minecraft:crafting_table":6,"minecraft:white_bed":1,"minecraft:birch_fence":31,"minecraft:wooden_axe":37,"minecraft:stone_axe":59,"minecraft:wooden_sword":125,"minecraft:furnace":1,"minecraft:cooked_porkchop":8,"minecraft:cooked_rabbit":1,"minecraft:birch_log":1,"minecraft:egg":1,"minecraft:cooked_beef":7},"minecraft:picked_up":{"minecraft:birch_log":15,"minecraft:crafting_table":5,"minecraft:air":0,"minecraft:feather":7,"minecraft:lilac":16,"minecraft:chicken":9,"minecraft:salmon":1,"minecraft:brown_wool":1,"minecraft:leather":8,"minecraft:pink_wool":1,"minecraft:birch_planks":2,"minecraft:oak_log":32,"minecraft:dirt":63,"minecraft:string":9,"minecraft:birch_fence":15,"minecraft:bone":5,"minecraft:wheat_seeds":2,"minecraft:rabbit_hide":2,"minecraft:beef":21,"minecraft:light_gray_wool":1,"minecraft:rabbit":2,"minecraft:sugar_cane":5,"minecraft:oak_planks":66,"minecraft:egg":1,"cobblemon:sun_stone":1,"minecraft:stick":4,"minecraft:pumpkin":1,"minecraft:oak_fence":2,"minecraft:porkchop":17,"minecraft:sand":3,"minecraft:blast_furnace":1,"tombstone:grave_dust":4,"minecraft:spider_eye":2,"minecraft:arrow":2,"minecraft:rotten_flesh":2,"minecraft:oak_sapling":2,"minecraft:coal":13,"minecraft:black_wool":2,"minecraft:mutton":16,"minecraft:white_wool":6,"minecraft:cobblestone":39},"minecraft:crafted":{"minecraft:cooked_beef":20,"minecraft:wooden_sword":2,"minecraft:saddle":1,"minecraft:oak_planks":128,"minecraft:cooked_porkchop":8,"minecraft:crafting_table":1,"minecraft:wooden_pickaxe":1,"minecraft:cooked_chicken":2,"minecraft:furnace":1,"minecraft:birch_planks":56,"minecraft:stone_axe":1,"minecraft:air":0,"minecraft:bow":1,"minecraft:birch_fence_gate":1,"minecraft:birch_fence":24,"minecraft:stick":52,"minecraft:stone_pickaxe":1,"minecraft:wooden_axe":1,"minecraft:stone_sword":1,"minecraft:chest":4,"minecraft:white_bed":1,"minecraft:oak_fence":12,"minecraft:cooked_rabbit":1},"minecraft:custom":{"minecraft:interact_with_furnace":26,"minecraft:mob_kills":55,"minecraft:interact_with_crafting_table":17,"minecraft:leave_game":1,"minecraft:time_since_death":85512,"minecraft:sleep_in_bed":1,"minecraft:time_since_rest":8198,"minecraft:sprint_one_cm":184258,"minecraft:damage_taken":1347,"minecraft:walk_one_cm":312671,"minecraft:drop":3,"minecraft:damage_dealt":7379,"minecraft:swim_one_cm":5031,"minecraft:talked_to_villager":1,"minecraft:fly_one_cm":53893,"minecraft:player_kills":1,"minecraft:open_chest":12,"minecraft:crouch_one_cm":3589,"minecraft:play_time":85512,"tombstone:undead_killed":4,"minecraft:sneak_time":1023,"minecraft:walk_under_water_one_cm":2800,"minecraft:jump":798,"minecraft:interact_with_blast_furnace":1,"minecraft:walk_on_water_one_cm":2576,"minecraft:total_world_time":85512,"minecraft:fall_one_cm":13604,"minecraft:horse_one_cm":1135300},"minecraft:broken":{"minecraft:wooden_sword":2,"minecraft:wooden_axe":1},"minecraft:killed":{"minecraft:pig":6,"cobblemon:pokemon":14,"minecraft:salmon":1,"minecraft:spider":6,"minecraft:squid":1,"minecraft:sheep":8,"minecraft:skeleton":2,"minecraft:zombie":2,"minecraft:chicken":6,"minecraft:cow":8},"minecraft:dropped":{"minecraft:lilac":8,"minecraft:oak_planks":61}},"DataVersion":3465}