{"stats":{"minecraft:crafted":{"minecraft:cooked_beef":21,"minecraft:wooden_sword":2,"minecraft:saddle":1,"minecraft:oak_planks":128,"minecraft:cooked_porkchop":8,"minecraft:crafting_table":1,"minecraft:wooden_pickaxe":1,"minecraft:cooked_chicken":2,"minecraft:furnace":1,"minecraft:birch_planks":56,"minecraft:stone_axe":1,"minecraft:air":0,"minecraft:bow":1,"minecraft:birch_fence":24,"minecraft:birch_fence_gate":1,"minecraft:stick":52,"minecraft:stone_pickaxe":1,"minecraft:wooden_axe":1,"minecraft:stone_sword":1,"minecraft:chest":4,"minecraft:white_bed":1,"minecraft:torch":44,"minecraft:oak_fence":12,"minecraft:cooked_rabbit":1},"minecraft:broken":{"minecraft:wooden_sword":2,"minecraft:wooden_axe":1},"minecraft:picked_up":{"minecraft:birch_log":15,"minecraft:iron_chestplate":1,"minecraft:crafting_table":5,"minecraft:air":0,"minecraft:feather":8,"minecraft:lilac":16,"minecraft:chicken":10,"minecraft:salmon":1,"minecraft:brown_wool":1,"minecraft:leather":8,"minecraft:pink_wool":1,"minecraft:birch_planks":8,"minecraft:oak_log":32,"minecraft:cornflower":1,"minecraft:dirt":69,"minecraft:string":18,"minecraft:iron_leggings":1,"minecraft:bone":5,"minecraft:birch_fence":21,"minecraft:wheat_seeds":19,"minecraft:rabbit_hide":2,"minecraft:beef":23,"minecraft:light_gray_wool":1,"minecraft:rabbit":2,"minecraft:sugar_cane":11,"minecraft:oak_planks":72,"minecraft:egg":2,"cobblemon:sun_stone":1,"minecraft:stick":4,"minecraft:pumpkin":1,"minecraft:oak_fence":2,"minecraft:torch":1,"minecraft:porkchop":18,"minecraft:sand":3,"tombstone:grave_dust":4,"minecraft:blast_furnace":1,"minecraft:iron_horse_armor":1,"minecraft:spider_eye":5,"minecraft:arrow":2,"minecraft:rotten_flesh":2,"minecraft:saddle":1,"minecraft:oak_sapling":2,"minecraft:black_wool":2,"minecraft:mutton":19,"minecraft:coal":26,"minecraft:oxeye_daisy":1,"minecraft:white_wool":11,"minecraft:cobblestone":40},"minecraft:custom":{"minecraft:interact_with_furnace":28,"minecraft:mob_kills":67,"minecraft:interact_with_crafting_table":20,"minecraft:leave_game":2,"minecraft:time_since_death":121711,"minecraft:sleep_in_bed":4,"minecraft:time_since_rest":26531,"minecraft:sprint_one_cm":332478,"minecraft:damage_taken":2002,"minecraft:walk_one_cm":443812,"minecraft:drop":3,"minecraft:damage_dealt":9591,"minecraft:swim_one_cm":5031,"minecraft:talked_to_villager":1,"minecraft:fly_one_cm":141362,"minecraft:player_kills":1,"minecraft:open_chest":20,"minecraft:crouch_one_cm":4830,"minecraft:play_time":121711,"tombstone:undead_killed":4,"minecraft:sneak_time":1202,"minecraft:walk_under_water_one_cm":2800,"minecraft:jump":1321,"minecraft:interact_with_blast_furnace":1,"minecraft:walk_on_water_one_cm":2576,"minecraft:total_world_time":121711,"minecraft:fall_one_cm":28419,"minecraft:horse_one_cm":1547327},"minecraft:dropped":{"minecraft:lilac":8,"minecraft:oak_planks":61},"minecraft:killed":{"minecraft:pig":7,"cobblemon:pokemon":19,"minecraft:salmon":1,"minecraft:spider":11,"minecraft:squid":1,"minecraft:sheep":8,"minecraft:skeleton":2,"minecraft:zombie":2,"minecraft:chicken":7,"minecraft:cow":8},"minecraft:used":{"minecraft:oak_fence":14,"minecraft:stone_sword":111,"minecraft:birch_planks":11,"minecraft:stone_pickaxe":60,"minecraft:oak_planks":35,"minecraft:chest":4,"minecraft:wooden_pickaxe":25,"minecraft:cooked_chicken":2,"minecraft:torch":45,"minecraft:dirt":58,"minecraft:sand":3,"minecraft:crafting_table":6,"minecraft:blast_furnace":1,"minecraft:white_bed":1,"minecraft:birch_fence":41,"minecraft:wooden_axe":37,"minecraft:stone_axe":86,"minecraft:wooden_sword":125,"minecraft:furnace":1,"minecraft:cooked_porkchop":8,"minecraft:cooked_rabbit":1,"minecraft:birch_log":1,"minecraft:egg":2,"minecraft:cooked_beef":17},"minecraft:mined":{"minecraft:cornflower":1,"minecraft:oak_fence":2,"cobblemon:cheri_berry":2,"minecraft:crafting_table":5,"minecraft:blast_furnace":1,"minecraft:grass_block":44,"minecraft:tall_grass":21,"minecraft:sugar_cane":8,"minecraft:oak_planks":11,"cobblemon:oran_berry":1,"minecraft:oxeye_daisy":1,"minecraft:wall_torch":1,"minecraft:seagrass":2,"minecraft:birch_planks":8,"minecraft:birch_log":15,"minecraft:lilac":4,"minecraft:birch_leaves":1,"minecraft:pumpkin":1,"cobblemon:persim_berry":3,"minecraft:grass":127,"minecraft:oak_log":32,"minecraft:coal_ore":26,"minecraft:sand":3,"minecraft:dirt":30,"cobblemon:sun_stone_ore":1,"minecraft:stone":40,"minecraft:oak_leaves":17,"minecraft:birch_fence":21}},"DataVersion":3465}