{"stats":{"minecraft:crafted":{"minecraft:wooden_sword":2,"minecraft:saddle":1,"minecraft:oak_planks":200,"mekanism:ingot_osmium":31,"minecraft:cooked_chicken":10,"minecraft:furnace":5,"minecraft:cooked_mutton":19,"minecraft:bow":1,"minecraft:iron_boots":1,"minecraft:birch_fence_gate":1,"minecraft:stone_pickaxe":2,"minecraft:chest":4,"minecraft:oak_button":13,"minecraft:oak_fence":12,"minecraft:cooked_rabbit":1,"minecraft:cooked_beef":23,"mekanism:ingot_tin":39,"minecraft:cooked_porkchop":18,"minecraft:crafting_table":2,"minecraft:iron_helmet":1,"minecraft:baked_potato":10,"minecraft:wooden_pickaxe":1,"minecraft:copper_ingot":43,"minecraft:birch_planks":56,"minecraft:stone_axe":2,"minecraft:air":0,"minecraft:shield":1,"minecraft:birch_fence":24,"minecraft:stick":88,"minecraft:iron_ingot":55,"minecraft:iron_pickaxe":1,"minecraft:wooden_axe":1,"minecraft:stone_sword":1,"minecraft:gold_ingot":7,"minecraft:white_bed":1,"minecraft:torch":84},"minecraft:broken":{"minecraft:stone_pickaxe":2,"minecraft:wooden_sword":2,"minecraft:wooden_axe":1},"minecraft:picked_up":{"minecraft:crafting_table":6,"minecraft:iron_chestplate":1,"minecraft:chicken":10,"minecraft:pink_wool":1,"minecraft:cornflower":1,"minecraft:string":19,"minecraft:raw_copper":43,"minecraft:iron_leggings":1,"minecraft:birch_fence":27,"minecraft:beef":23,"minecraft:light_gray_wool":1,"minecraft:sugar_cane":11,"minecraft:phantom_membrane":1,"minecraft:egg":3,"minecraft:stick":4,"minecraft:raw_iron":55,"minecraft:oak_fence":2,"minecraft:torch":1,"minecraft:porkchop":18,"tombstone:grave_dust":4,"minecraft:diorite":14,"minecraft:redstone":18,"minecraft:iron_horse_armor":1,"mekanism:raw_tin":39,"minecraft:arrow":2,"minecraft:rotten_flesh":14,"minecraft:saddle":1,"minecraft:mutton":19,"minecraft:white_wool":12,"minecraft:cobblestone":159,"minecraft:oxeye_daisy":1,"minecraft:birch_log":15,"minecraft:air":0,"minecraft:feather":8,"minecraft:lilac":16,"mekanism:raw_lead":1,"minecraft:salmon":1,"minecraft:andesite":38,"minecraft:leather":8,"minecraft:brown_wool":1,"minecraft:birch_planks":8,"minecraft:oak_log":50,"minecraft:dirt":91,"minecraft:bone":5,"minecraft:wheat_seeds":19,"minecraft:raw_gold":7,"minecraft:rabbit_hide":2,"minecraft:rabbit":2,"minecraft:oak_planks":100,"cobblemon:sun_stone":1,"minecraft:pumpkin":1,"minecraft:gravel":12,"minecraft:sand":3,"minecraft:blast_furnace":1,"mekanism:raw_osmium":31,"minecraft:spider_eye":5,"minecraft:granite":13,"minecraft:oak_sapling":2,"minecraft:black_wool":2,"minecraft:coal":111},"minecraft:custom":{"minecraft:mob_kills":75,"minecraft:interact_with_crafting_table":28,"minecraft:leave_game":3,"minecraft:time_since_death":184518,"minecraft:sprint_one_cm":414699,"minecraft:walk_one_cm":604180,"minecraft:drop":9,"minecraft:talked_to_villager":1,"minecraft:play_time":184518,"minecraft:sneak_time":1907,"minecraft:walk_under_water_one_cm":4186,"minecraft:jump":2414,"minecraft:interact_with_blast_furnace":2,"minecraft:walk_on_water_one_cm":5903,"minecraft:total_world_time":184518,"minecraft:interact_with_furnace":153,"minecraft:sleep_in_bed":5,"minecraft:time_since_rest":13575,"minecraft:damage_taken":2664,"minecraft:damage_dealt":11002,"minecraft:player_kills":1,"minecraft:swim_one_cm":5031,"minecraft:fly_one_cm":220519,"minecraft:open_chest":52,"minecraft:crouch_one_cm":5651,"tombstone:undead_killed":11,"minecraft:fall_one_cm":52014,"minecraft:horse_one_cm":1875953},"minecraft:dropped":{"minecraft:lilac":8,"minecraft:crafting_table":1,"minecraft:diorite":7,"minecraft:rotten_flesh":7,"minecraft:oak_planks":61,"minecraft:oak_button":13},"minecraft:killed":{"minecraft:spider":12,"minecraft:skeleton":3,"minecraft:chicken":7,"minecraft:pig":7,"cobblemon:pokemon":19,"minecraft:salmon":1,"minecraft:squid":1,"minecraft:sheep":8,"minecraft:zombie":8,"minecraft:cow":8},"minecraft:used":{"minecraft:oak_fence":14,"minecraft:stone_sword":130,"minecraft:chest":4,"minecraft:cooked_chicken":2,"minecraft:torch":85,"minecraft:dirt":58,"minecraft:wooden_axe":37,"minecraft:furnace":5,"tombstone:gift":2,"minecraft:egg":3,"minecraft:potato":6,"minecraft:cooked_beef":21,"minecraft:birch_planks":11,"minecraft:stone_pickaxe":266,"minecraft:baked_potato":1,"minecraft:oak_planks":73,"minecraft:wooden_pickaxe":25,"minecraft:white_wool":1,"minecraft:sand":3,"minecraft:crafting_table":7,"minecraft:blast_furnace":1,"minecraft:white_bed":1,"minecraft:birch_fence":47,"minecraft:apple":4,"minecraft:iron_pickaxe":233,"minecraft:stone_axe":156,"minecraft:wooden_sword":125,"minecraft:cooked_porkchop":10,"minecraft:cooked_rabbit":1,"minecraft:birch_log":1},"minecraft:mined":{"mekanism:deepslate_osmium_ore":1,"cobblemon:cheri_berry":2,"minecraft:glow_lichen":1,"minecraft:granite":13,"minecraft:grass_block":53,"minecraft:oxeye_daisy":1,"minecraft:redstone_ore":4,"minecraft:iron_ore":40,"minecraft:andesite":40,"minecraft:pumpkin":1,"minecraft:deepslate_iron_ore":16,"minecraft:stone":165,"minecraft:white_wool":1,"mekanism:osmium_ore":30,"minecraft:oak_fence":2,"minecraft:crafting_table":5,"minecraft:cornflower":1,"minecraft:blast_furnace":1,"mekanism:tin_ore":40,"minecraft:tall_grass":21,"minecraft:copper_ore":11,"minecraft:oak_planks":39,"minecraft:sugar_cane":8,"cobblemon:oran_berry":1,"minecraft:diorite":7,"minecraft:wall_torch":1,"minecraft:seagrass":2,"minecraft:birch_planks":8,"minecraft:birch_log":15,"minecraft:lilac":4,"minecraft:birch_leaves":1,"cobblemon:persim_berry":3,"minecraft:grass":130,"minecraft:coal_ore":111,"minecraft:oak_log":50,"mekanism:lead_ore":1,"minecraft:gravel":12,"minecraft:sand":3,"minecraft:dirt":43,"cobblemon:sun_stone_ore":1,"minecraft:gold_ore":7,"minecraft:deepslate":2,"minecraft:oak_leaves":20,"minecraft:birch_fence":27}},"DataVersion":3465}