{"stats":{"minecraft:mined":{"minecraft:birch_log":2,"minecraft:lilac":4,"minecraft:crafting_table":1,"minecraft:grass":10,"minecraft:grass_block":7,"minecraft:oak_log":14,"minecraft:dirt":2,"minecraft:oak_planks":1,"cobblemon:oran_berry":1,"minecraft:oak_leaves":12},"minecraft:used":{"minecraft:wooden_axe":14,"minecraft:birch_planks":2,"minecraft:oak_planks":1,"minecraft:wooden_sword":81,"minecraft:crafting_table":1,"minecraft:cooked_porkchop":6,"minecraft:birch_log":1,"minecraft:egg":1},"minecraft:crafted":{"minecraft:wooden_sword":2,"minecraft:oak_planks":56,"minecraft:cooked_porkchop":8,"minecraft:crafting_table":1,"minecraft:stick":12,"minecraft:cooked_chicken":2,"minecraft:wooden_pickaxe":1,"minecraft:wooden_axe":1,"minecraft:birch_planks":4,"minecraft:cooked_rabbit":1,"minecraft:air":0},"minecraft:picked_up":{"minecraft:birch_log":2,"minecraft:feather":5,"minecraft:stick":2,"minecraft:crafting_table":1,"minecraft:air":0,"minecraft:lilac":4,"minecraft:chicken":7,"minecraft:leather":4,"minecraft:porkchop":12,"minecraft:oak_log":14,"minecraft:string":5,"minecraft:dirt":8,"minecraft:bone":1,"minecraft:wheat_seeds":1,"minecraft:rabbit_hide":2,"minecraft:beef":8,"minecraft:rabbit":2,"minecraft:oak_sapling":2,"minecraft:black_wool":1,"minecraft:mutton":1,"minecraft:oak_planks":1,"minecraft:egg":1},"minecraft:custom":{"minecraft:interact_with_furnace":15,"minecraft:time_since_rest":37512,"minecraft:sprint_one_cm":98774,"minecraft:damage_taken":471,"minecraft:walk_one_cm":182611,"minecraft:mob_kills":28,"minecraft:damage_dealt":3248,"minecraft:player_kills":1,"minecraft:fly_one_cm":24724,"minecraft:interact_with_crafting_table":2,"minecraft:crouch_one_cm":1784,"minecraft:play_time":37512,"minecraft:sneak_time":739,"minecraft:jump":477,"minecraft:leave_game":1,"minecraft:time_since_death":37512,"minecraft:total_world_time":37512,"minecraft:fall_one_cm":8156},"minecraft:broken":{"minecraft:wooden_sword":1},"minecraft:killed":{"minecraft:sheep":1,"minecraft:pig":5,"cobblemon:pokemon":9,"minecraft:chicken":5,"minecraft:spider":3,"minecraft:cow":4}},"DataVersion":3465}