{"stats":{"minecraft:mined":{"minecraft:birch_log":2,"minecraft:lilac":4,"minecraft:crafting_table":4,"minecraft:grass":15,"minecraft:grass_block":14,"minecraft:oak_log":14,"minecraft:dirt":5,"minecraft:sugar_cane":3,"minecraft:oak_planks":3,"cobblemon:oran_berry":1,"minecraft:oak_leaves":12,"minecraft:seagrass":2},"minecraft:used":{"minecraft:wooden_axe":33,"minecraft:birch_planks":4,"minecraft:oak_planks":32,"minecraft:wooden_sword":125,"minecraft:dirt":12,"minecraft:crafting_table":4,"minecraft:cooked_porkchop":8,"minecraft:birch_log":1,"minecraft:egg":1},"minecraft:crafted":{"minecraft:wooden_sword":2,"minecraft:oak_planks":56,"minecraft:cooked_porkchop":8,"minecraft:crafting_table":1,"minecraft:stick":12,"minecraft:cooked_chicken":2,"minecraft:wooden_pickaxe":1,"minecraft:wooden_axe":1,"minecraft:birch_planks":4,"minecraft:saddle":1,"minecraft:cooked_rabbit":1,"minecraft:air":0},"minecraft:picked_up":{"minecraft:birch_log":2,"minecraft:feather":6,"minecraft:stick":2,"minecraft:crafting_table":4,"minecraft:air":0,"minecraft:lilac":4,"minecraft:chicken":8,"minecraft:salmon":1,"minecraft:leather":7,"minecraft:porkchop":17,"minecraft:oak_log":14,"minecraft:string":5,"minecraft:dirt":15,"minecraft:bone":1,"minecraft:wheat_seeds":1,"minecraft:rabbit_hide":2,"minecraft:beef":18,"minecraft:sugar_cane":5,"minecraft:rabbit":2,"minecraft:oak_sapling":2,"minecraft:black_wool":2,"minecraft:mutton":9,"minecraft:oak_planks":3,"minecraft:white_wool":4,"minecraft:egg":1},"minecraft:custom":{"minecraft:interact_with_furnace":15,"minecraft:time_since_rest":49512,"minecraft:sprint_one_cm":127927,"minecraft:damage_taken":517,"minecraft:walk_one_cm":211337,"minecraft:mob_kills":42,"minecraft:damage_dealt":5035,"minecraft:swim_one_cm":5031,"minecraft:player_kills":1,"minecraft:fly_one_cm":33332,"minecraft:interact_with_crafting_table":4,"minecraft:crouch_one_cm":2311,"minecraft:play_time":49512,"minecraft:sneak_time":800,"minecraft:walk_under_water_one_cm":2800,"minecraft:jump":566,"minecraft:leave_game":1,"minecraft:walk_on_water_one_cm":2505,"minecraft:time_since_death":49512,"minecraft:total_world_time":49512,"minecraft:fall_one_cm":8783,"minecraft:horse_one_cm":380595},"minecraft:broken":{"minecraft:wooden_sword":2},"minecraft:killed":{"minecraft:sheep":4,"minecraft:pig":6,"cobblemon:pokemon":13,"minecraft:chicken":5,"minecraft:salmon":1,"minecraft:spider":3,"minecraft:squid":1,"minecraft:cow":8}},"DataVersion":3465}