{"stats":{"minecraft:crafted":{"minecraft:cooked_beef":21,"minecraft:wooden_sword":2,"minecraft:saddle":1,"minecraft:oak_planks":200,"minecraft:cooked_porkchop":8,"minecraft:crafting_table":2,"minecraft:wooden_pickaxe":1,"minecraft:cooked_chicken":2,"minecraft:furnace":2,"minecraft:birch_planks":56,"minecraft:stone_axe":2,"minecraft:air":0,"minecraft:bow":1,"minecraft:iron_pickaxe":1,"minecraft:iron_ingot":16,"minecraft:birch_fence":24,"minecraft:birch_fence_gate":1,"minecraft:stick":88,"minecraft:stone_pickaxe":2,"minecraft:wooden_axe":1,"minecraft:stone_sword":1,"minecraft:chest":4,"minecraft:oak_button":13,"minecraft:white_bed":1,"minecraft:torch":84,"minecraft:oak_fence":12,"minecraft:cooked_rabbit":1},"minecraft:broken":{"minecraft:stone_pickaxe":2,"minecraft:wooden_sword":2,"minecraft:wooden_axe":1},"minecraft:picked_up":{"minecraft:birch_log":15,"mekanism:raw_lead":1,"minecraft:iron_chestplate":1,"minecraft:crafting_table":6,"minecraft:air":0,"minecraft:feather":8,"minecraft:lilac":16,"minecraft:chicken":10,"minecraft:andesite":1,"minecraft:salmon":1,"minecraft:brown_wool":1,"minecraft:leather":8,"minecraft:pink_wool":1,"minecraft:birch_planks":8,"minecraft:oak_log":50,"minecraft:cornflower":1,"minecraft:dirt":70,"minecraft:string":18,"minecraft:raw_copper":7,"minecraft:iron_leggings":1,"minecraft:bone":5,"minecraft:birch_fence":21,"minecraft:wheat_seeds":19,"minecraft:rabbit_hide":2,"minecraft:beef":23,"minecraft:light_gray_wool":1,"minecraft:rabbit":2,"minecraft:sugar_cane":11,"minecraft:oak_planks":78,"minecraft:phantom_membrane":1,"minecraft:egg":3,"minecraft:raw_iron":25,"cobblemon:sun_stone":1,"minecraft:stick":4,"minecraft:pumpkin":1,"minecraft:oak_fence":2,"minecraft:torch":1,"minecraft:gravel":1,"minecraft:porkchop":18,"minecraft:sand":3,"tombstone:grave_dust":4,"minecraft:blast_furnace":1,"mekanism:raw_osmium":21,"mekanism:raw_tin":31,"minecraft:iron_horse_armor":1,"minecraft:spider_eye":5,"minecraft:arrow":2,"minecraft:rotten_flesh":9,"minecraft:granite":1,"minecraft:saddle":1,"minecraft:oak_sapling":2,"minecraft:black_wool":2,"minecraft:mutton":19,"minecraft:coal":109,"minecraft:oxeye_daisy":1,"minecraft:white_wool":11,"minecraft:cobblestone":86},"minecraft:custom":{"minecraft:interact_with_furnace":34,"minecraft:mob_kills":73,"minecraft:interact_with_crafting_table":24,"minecraft:leave_game":2,"minecraft:time_since_death":145711,"minecraft:sleep_in_bed":4,"minecraft:time_since_rest":50531,"minecraft:sprint_one_cm":364643,"minecraft:damage_taken":2287,"minecraft:walk_one_cm":505652,"minecraft:drop":7,"minecraft:damage_dealt":10642,"minecraft:swim_one_cm":5031,"minecraft:talked_to_villager":1,"minecraft:fly_one_cm":170516,"minecraft:player_kills":1,"minecraft:open_chest":29,"minecraft:crouch_one_cm":5487,"minecraft:play_time":145711,"tombstone:undead_killed":10,"minecraft:sneak_time":1690,"minecraft:walk_under_water_one_cm":4186,"minecraft:jump":1735,"minecraft:interact_with_blast_furnace":2,"minecraft:walk_on_water_one_cm":5903,"minecraft:total_world_time":145711,"minecraft:fall_one_cm":37405,"minecraft:horse_one_cm":1812637},"minecraft:dropped":{"minecraft:lilac":8,"minecraft:crafting_table":1,"minecraft:rotten_flesh":2,"minecraft:oak_planks":61,"minecraft:oak_button":13},"minecraft:killed":{"minecraft:pig":7,"cobblemon:pokemon":19,"minecraft:salmon":1,"minecraft:spider":11,"minecraft:squid":1,"minecraft:sheep":8,"minecraft:skeleton":2,"minecraft:zombie":8,"minecraft:chicken":7,"minecraft:cow":8},"minecraft:used":{"minecraft:oak_fence":14,"minecraft:stone_sword":123,"minecraft:birch_planks":11,"minecraft:stone_pickaxe":266,"minecraft:oak_planks":41,"minecraft:chest":4,"minecraft:wooden_pickaxe":25,"minecraft:cooked_chicken":2,"minecraft:torch":65,"minecraft:dirt":58,"minecraft:sand":3,"minecraft:crafting_table":7,"minecraft:blast_furnace":1,"minecraft:white_bed":1,"minecraft:birch_fence":41,"minecraft:wooden_axe":37,"minecraft:iron_pickaxe":13,"minecraft:stone_axe":121,"minecraft:wooden_sword":125,"minecraft:furnace":2,"minecraft:cooked_porkchop":8,"minecraft:cooked_rabbit":1,"minecraft:birch_log":1,"minecraft:egg":2,"minecraft:cooked_beef":21},"minecraft:mined":{"mekanism:osmium_ore":21,"minecraft:cornflower":1,"minecraft:oak_fence":2,"cobblemon:cheri_berry":2,"minecraft:crafting_table":5,"minecraft:granite":1,"minecraft:blast_furnace":1,"minecraft:grass_block":45,"mekanism:tin_ore":32,"minecraft:copper_ore":2,"minecraft:tall_grass":21,"minecraft:sugar_cane":8,"minecraft:oak_planks":17,"cobblemon:oran_berry":1,"minecraft:oxeye_daisy":1,"minecraft:wall_torch":1,"minecraft:seagrass":2,"minecraft:birch_planks":8,"minecraft:birch_log":15,"minecraft:iron_ore":26,"minecraft:lilac":4,"minecraft:andesite":1,"minecraft:birch_leaves":1,"minecraft:pumpkin":1,"cobblemon:persim_berry":3,"minecraft:grass":128,"mekanism:lead_ore":1,"minecraft:oak_log":50,"minecraft:coal_ore":109,"minecraft:gravel":1,"minecraft:sand":3,"minecraft:dirt":30,"cobblemon:sun_stone_ore":1,"minecraft:stone":91,"minecraft:oak_leaves":20,"minecraft:birch_fence":21}},"DataVersion":3465}