{"stats":{"minecraft:crafted":{"minecraft:wooden_sword":2,"minecraft:saddle":1,"minecraft:oak_planks":200,"minecraft:cooked_chicken":2,"minecraft:furnace":2,"minecraft:bow":1,"minecraft:birch_fence_gate":1,"minecraft:stone_pickaxe":2,"minecraft:chest":4,"minecraft:oak_button":13,"minecraft:oak_fence":12,"minecraft:cooked_rabbit":1,"minecraft:cooked_beef":21,"minecraft:cooked_porkchop":18,"minecraft:crafting_table":2,"minecraft:wooden_pickaxe":1,"minecraft:birch_planks":56,"minecraft:stone_axe":2,"minecraft:air":0,"minecraft:birch_fence":24,"minecraft:stick":88,"minecraft:iron_ingot":25,"minecraft:iron_pickaxe":1,"minecraft:wooden_axe":1,"minecraft:stone_sword":1,"minecraft:white_bed":1,"minecraft:torch":84},"minecraft:broken":{"minecraft:stone_pickaxe":2,"minecraft:wooden_sword":2,"minecraft:wooden_axe":1},"minecraft:picked_up":{"minecraft:crafting_table":6,"minecraft:iron_chestplate":1,"minecraft:chicken":10,"minecraft:pink_wool":1,"minecraft:cornflower":1,"minecraft:string":19,"minecraft:raw_copper":43,"minecraft:iron_leggings":1,"minecraft:birch_fence":25,"minecraft:beef":23,"minecraft:light_gray_wool":1,"minecraft:sugar_cane":11,"minecraft:phantom_membrane":1,"minecraft:egg":3,"minecraft:stick":4,"minecraft:raw_iron":55,"minecraft:oak_fence":2,"minecraft:torch":1,"minecraft:porkchop":18,"tombstone:grave_dust":4,"minecraft:diorite":14,"minecraft:redstone":18,"minecraft:iron_horse_armor":1,"mekanism:raw_tin":39,"minecraft:arrow":2,"minecraft:rotten_flesh":9,"minecraft:saddle":1,"minecraft:mutton":19,"minecraft:white_wool":11,"minecraft:cobblestone":159,"minecraft:oxeye_daisy":1,"minecraft:birch_log":15,"minecraft:air":0,"minecraft:feather":8,"minecraft:lilac":16,"mekanism:raw_lead":1,"minecraft:salmon":1,"minecraft:andesite":38,"minecraft:leather":8,"minecraft:brown_wool":1,"minecraft:birch_planks":8,"minecraft:oak_log":50,"minecraft:dirt":90,"minecraft:bone":5,"minecraft:wheat_seeds":19,"minecraft:raw_gold":7,"minecraft:rabbit_hide":2,"minecraft:rabbit":2,"minecraft:oak_planks":88,"cobblemon:sun_stone":1,"minecraft:pumpkin":1,"minecraft:gravel":12,"minecraft:sand":3,"minecraft:blast_furnace":1,"mekanism:raw_osmium":31,"minecraft:spider_eye":5,"minecraft:granite":13,"minecraft:oak_sapling":2,"minecraft:black_wool":2,"minecraft:coal":111},"minecraft:custom":{"minecraft:mob_kills":75,"minecraft:interact_with_crafting_table":24,"minecraft:leave_game":2,"minecraft:time_since_death":169711,"minecraft:sprint_one_cm":401988,"minecraft:walk_one_cm":579237,"minecraft:drop":8,"minecraft:talked_to_villager":1,"minecraft:play_time":169711,"minecraft:sneak_time":1871,"minecraft:walk_under_water_one_cm":4186,"minecraft:jump":2217,"minecraft:interact_with_blast_furnace":2,"minecraft:walk_on_water_one_cm":5903,"minecraft:total_world_time":169711,"minecraft:interact_with_furnace":39,"minecraft:sleep_in_bed":4,"minecraft:time_since_rest":74531,"minecraft:damage_taken":2604,"minecraft:damage_dealt":11002,"minecraft:player_kills":1,"minecraft:swim_one_cm":5031,"minecraft:fly_one_cm":206406,"minecraft:open_chest":30,"minecraft:crouch_one_cm":5642,"tombstone:undead_killed":11,"minecraft:fall_one_cm":46403,"minecraft:horse_one_cm":1875953},"minecraft:dropped":{"minecraft:lilac":8,"minecraft:crafting_table":1,"minecraft:diorite":7,"minecraft:rotten_flesh":2,"minecraft:oak_planks":61,"minecraft:oak_button":13},"minecraft:killed":{"minecraft:spider":12,"minecraft:skeleton":3,"minecraft:chicken":7,"minecraft:pig":7,"cobblemon:pokemon":19,"minecraft:salmon":1,"minecraft:squid":1,"minecraft:sheep":8,"minecraft:zombie":8,"minecraft:cow":8},"minecraft:used":{"minecraft:oak_fence":14,"minecraft:stone_sword":130,"minecraft:chest":4,"minecraft:cooked_chicken":2,"minecraft:torch":85,"minecraft:dirt":58,"minecraft:wooden_axe":37,"minecraft:furnace":2,"minecraft:egg":3,"minecraft:potato":6,"minecraft:cooked_beef":21,"minecraft:birch_planks":11,"minecraft:stone_pickaxe":266,"minecraft:oak_planks":61,"minecraft:wooden_pickaxe":25,"minecraft:sand":3,"minecraft:crafting_table":7,"minecraft:blast_furnace":1,"minecraft:white_bed":1,"minecraft:birch_fence":45,"minecraft:apple":4,"minecraft:iron_pickaxe":232,"minecraft:stone_axe":142,"minecraft:wooden_sword":125,"minecraft:cooked_porkchop":10,"minecraft:cooked_rabbit":1,"minecraft:birch_log":1},"minecraft:mined":{"mekanism:deepslate_osmium_ore":1,"cobblemon:cheri_berry":2,"minecraft:glow_lichen":1,"minecraft:granite":13,"minecraft:grass_block":52,"minecraft:oxeye_daisy":1,"minecraft:redstone_ore":4,"minecraft:iron_ore":40,"minecraft:andesite":40,"minecraft:pumpkin":1,"minecraft:deepslate_iron_ore":16,"minecraft:stone":165,"mekanism:osmium_ore":30,"minecraft:oak_fence":2,"minecraft:crafting_table":5,"minecraft:cornflower":1,"minecraft:blast_furnace":1,"mekanism:tin_ore":40,"minecraft:tall_grass":21,"minecraft:copper_ore":11,"minecraft:oak_planks":27,"minecraft:sugar_cane":8,"cobblemon:oran_berry":1,"minecraft:diorite":7,"minecraft:wall_torch":1,"minecraft:seagrass":2,"minecraft:birch_planks":8,"minecraft:birch_log":15,"minecraft:lilac":4,"minecraft:birch_leaves":1,"cobblemon:persim_berry":3,"minecraft:grass":128,"minecraft:coal_ore":111,"minecraft:oak_log":50,"mekanism:lead_ore":1,"minecraft:gravel":12,"minecraft:sand":3,"minecraft:dirt":43,"cobblemon:sun_stone_ore":1,"minecraft:gold_ore":7,"minecraft:deepslate":2,"minecraft:oak_leaves":20,"minecraft:birch_fence":25}},"DataVersion":3465}