{
  "minecraft:recipes/decorations/crafting_table": {
    "criteria": {
      "unlock_right_away": "2024-07-11 16:49:07 +0000"
    },
    "done": true
  },
  "mekanism:root": {
    "criteria": {
      "automatic": "2024-07-11 16:49:07 +0000"
    },
    "done": true
  },
  "minecraft:adventure/adventuring_time": {
    "criteria": {
      "minecraft:plains": "2024-07-11 16:49:08 +0000"
    },
    "done": false
  },
  "tombstone:adventure/root": {
    "criteria": {
      "auto": "2024-07-11 16:49:08 +0000"
    },
    "done": true
  },
  "cobblemon:root": {
    "criteria": {
      "picked_starter": "2024-07-11 16:49:20 +0000"
    },
    "done": true
  },
  "cobblemon:obtain_berry": {
    "criteria": {
      "check_inv": "2024-07-11 17:19:18 +0000"
    },
    "done": true
  },
  "cobblemon:obtain_all_berries": {
    "criteria": {
      "obtain_cheri_berry": "2024-07-11 17:19:18 +0000"
    },
    "done": false
  },
  "cobblemon:recipes/agriculture/mulch_base": {
    "criteria": {
      "has_berry": "2024-07-11 17:19:18 +0000"
    },
    "done": true
  },
  "cobblemon:any_plant": {
    "criteria": {
      "check_inv": "2024-07-11 17:19:18 +0000"
    },
    "done": true
  },
  "DataVersion": 3465
}