{
  "uuid": "95de4242-d345-48e9-b403-9d549a5e828f",
  "starterPrompted": true,
  "starterLocked": false,
  "starterSelected": true,
  "starterUUID": "70d8048a-8f35-49ed-aa78-e7ab789dd329",
  "keyItems": [],
  "battleTheme": "cobblemon:battle.pvp.default",
  "extraData": {},
  "advancementData": {
    "totalCaptureCount": 11,
    "totalEggsHatched": 0,
    "totalEvolvedCount": 1,
    "totalBattleVictoryCount": 23,
    "totalPvPBattleVictoryCount": 0,
    "totalPvWBattleVictoryCount": 23,
    "totalPvNBattleVictoryCount": 0,
    "totalShinyCaptureCount": 0,
    "totalTradedCount": 0,
    "totalTypeCaptureCounts": {
      "fighting": 4,
      "normal": 3,
      "flying": 3,
      "fairy": 1,
      "steel": 1,
      "bug": 2,
      "rock": 1,
      "ground": 1,
      "electric": 1,
      "ghost": 1
    },
    "totalDefeatedCounts": {
      "cobblemon:pidgey": 1,
      "cobblemon:oddish": 1,
      "cobblemon:weedle": 2,
      "cobblemon:shroodle": 1,
      "cobblemon:caterpie": 2,
      "cobblemon:bellsprout": 3,
      "cobblemon:mankey": 2,
      "cobblemon:weepinbell": 1,
      "cobblemon:shedinja": 1,
      "cobblemon:ambipom": 1
    },
    "aspectsCollected": {}
  }
}