{
  "uuid": "95de4242-d345-48e9-b403-9d549a5e828f",
  "starterPrompted": true,
  "starterLocked": false,
  "starterSelected": true,
  "starterUUID": "70d8048a-8f35-49ed-aa78-e7ab789dd329",
  "keyItems": [],
  "battleTheme": "cobblemon:battle.pvp.default",
  "extraData": {},
  "advancementData": {
    "totalCaptureCount": 2,
    "totalEggsHatched": 0,
    "totalEvolvedCount": 0,
    "totalBattleVictoryCount": 2,
    "totalPvPBattleVictoryCount": 0,
    "totalPvWBattleVictoryCount": 2,
    "totalPvNBattleVictoryCount": 0,
    "totalShinyCaptureCount": 0,
    "totalTradedCount": 0,
    "totalTypeCaptureCounts": {
      "fighting": 1,
      "normal": 1,
      "flying": 1
    },
    "totalDefeatedCounts": {
      "cobblemon:pidgey": 1
    },
    "aspectsCollected": {}
  }
}