{
  "uuid": "95de4242-d345-48e9-b403-9d549a5e828f",
  "starterPrompted": true,
  "starterLocked": false,
  "starterSelected": true,
  "starterUUID": "359c6d49-c4cf-4127-8ab9-b5660c19813c",
  "keyItems": [],
  "battleTheme": "cobblemon:battle.pvp.default",
  "extraData": {},
  "advancementData": {
    "totalCaptureCount": 5,
    "totalEggsHatched": 0,
    "totalEvolvedCount": 1,
    "totalBattleVictoryCount": 24,
    "totalPvPBattleVictoryCount": 1,
    "totalPvWBattleVictoryCount": 23,
    "totalPvNBattleVictoryCount": 0,
    "totalShinyCaptureCount": 0,
    "totalTradedCount": 0,
    "totalTypeCaptureCounts": {
      "steel": 1,
      "flying": 1,
      "psychic": 1,
      "fairy": 1,
      "ground": 1,
      "normal": 1,
      "fighting": 1
    },
    "totalDefeatedCounts": {
      "cobblemon:lillipup": 2,
      "cobblemon:koffing": 1,
      "cobblemon:meowth": 2,
      "cobblemon:timburr": 1,
      "cobblemon:zubat": 1,
      "cobblemon:spinda": 1,
      "cobblemon:grimer": 1,
      "cobblemon:pineco": 1,
      "cobblemon:perrserker": 1,
      "cobblemon:sentret": 1,
      "cobblemon:starly": 1,
      "cobblemon:voltorb": 1,
      "cobblemon:mimejr": 1,
      "cobblemon:buneary": 1,
      "cobblemon:ribombee": 1,
      "cobblemon:growlithe": 1
    },
    "aspectsCollected": {}
  }
}