{
  "uuid": "95de4242-d345-48e9-b403-9d549a5e828f",
  "starterPrompted": true,
  "starterLocked": false,
  "starterSelected": true,
  "starterUUID": "359c6d49-c4cf-4127-8ab9-b5660c19813c",
  "keyItems": [],
  "battleTheme": "cobblemon:battle.pvp.default",
  "extraData": {},
  "advancementData": {
    "totalCaptureCount": 3,
    "totalEggsHatched": 0,
    "totalEvolvedCount": 0,
    "totalBattleVictoryCount": 7,
    "totalPvPBattleVictoryCount": 1,
    "totalPvWBattleVictoryCount": 6,
    "totalPvNBattleVictoryCount": 0,
    "totalShinyCaptureCount": 0,
    "totalTradedCount": 0,
    "totalTypeCaptureCounts": {
      "steel": 1,
      "flying": 1,
      "psychic": 1,
      "fairy": 1
    },
    "totalDefeatedCounts": {
      "cobblemon:lillipup": 1,
      "cobblemon:koffing": 1,
      "cobblemon:meowth": 1
    },
    "aspectsCollected": {}
  }
}