{
  "uuid": "9a166603-8ef7-4b5a-99fc-e0dcd0dc1773",
  "starterPrompted": true,
  "starterLocked": false,
  "starterSelected": true,
  "starterUUID": "30c0889e-de7c-41da-a0ff-679e89d34369",
  "keyItems": [],
  "battleTheme": "cobblemon:battle.pvp.default",
  "extraData": {},
  "advancementData": {
    "totalCaptureCount": 0,
    "totalEggsHatched": 0,
    "totalEvolvedCount": 1,
    "totalBattleVictoryCount": 11,
    "totalPvPBattleVictoryCount": 1,
    "totalPvWBattleVictoryCount": 10,
    "totalPvNBattleVictoryCount": 0,
    "totalShinyCaptureCount": 0,
    "totalTradedCount": 0,
    "totalTypeCaptureCounts": {},
    "totalDefeatedCounts": {
      "cobblemon:taillow": 2,
      "cobblemon:zigzagoon": 4,
      "cobblemon:igglybuff": 1,
      "cobblemon:kricketot": 1,
      "cobblemon:bunnelby": 1,
      "cobblemon:metapod": 1
    },
    "aspectsCollected": {}
  }
}