{
  "uuid": "9a166603-8ef7-4b5a-99fc-e0dcd0dc1773",
  "starterPrompted": true,
  "starterLocked": false,
  "starterSelected": true,
  "starterUUID": "30c0889e-de7c-41da-a0ff-679e89d34369",
  "keyItems": [],
  "battleTheme": "cobblemon:battle.pvp.default",
  "extraData": {},
  "advancementData": {
    "totalCaptureCount": 2,
    "totalEggsHatched": 0,
    "totalEvolvedCount": 1,
    "totalBattleVictoryCount": 20,
    "totalPvPBattleVictoryCount": 1,
    "totalPvWBattleVictoryCount": 19,
    "totalPvNBattleVictoryCount": 0,
    "totalShinyCaptureCount": 0,
    "totalTradedCount": 0,
    "totalTypeCaptureCounts": {
      "dragon": 1,
      "ghost": 1,
      "bug": 1,
      "water": 1
    },
    "totalDefeatedCounts": {
      "cobblemon:taillow": 2,
      "cobblemon:zigzagoon": 5,
      "cobblemon:igglybuff": 1,
      "cobblemon:kricketot": 2,
      "cobblemon:bunnelby": 1,
      "cobblemon:metapod": 1,
      "cobblemon:wooloo": 1,
      "cobblemon:kakuna": 1,
      "cobblemon:lechonk": 1,
      "cobblemon:joltik": 1,
      "cobblemon:swellow": 1,
      "cobblemon:nosepass": 1
    },
    "aspectsCollected": {}
  }
}