{
  "uuid": "9a166603-8ef7-4b5a-99fc-e0dcd0dc1773",
  "starterPrompted": true,
  "starterLocked": false,
  "starterSelected": true,
  "starterUUID": "dcfe3a7c-e644-42a9-bc33-712eaa04c2ce",
  "keyItems": [],
  "battleTheme": "cobblemon:battle.pvp.default",
  "extraData": {},
  "advancementData": {
    "totalCaptureCount": 4,
    "totalEggsHatched": 0,
    "totalEvolvedCount": 0,
    "totalBattleVictoryCount": 10,
    "totalPvPBattleVictoryCount": 0,
    "totalPvWBattleVictoryCount": 10,
    "totalPvNBattleVictoryCount": 0,
    "totalShinyCaptureCount": 0,
    "totalTradedCount": 0,
    "totalTypeCaptureCounts": {
      "dark": 1,
      "normal": 2,
      "flying": 1,
      "fire": 1,
      "ghost": 1,
      "grass": 1
    },
    "totalDefeatedCounts": {
      "cobblemon:psyduck": 1,
      "cobblemon:tandemaus": 1,
      "cobblemon:buneary": 1,
      "cobblemon:meowth": 1,
      "cobblemon:koffing": 1,
      "cobblemon:geodude": 1
    },
    "aspectsCollected": {}
  }
}